audio_id,language,audio,option_1,option_2,option_3,option_4,option_5,correct_option,true_golden_option_index
498,ar_eg,/Users/khushi/Documents/Team-team/fleurs_audio/ar_eg/498.wav,وأصبح هؤلاء الأشخاص بارعين في البتر لإنقاذ المرضى من الغنغرينا وكذلك العاصبات والمشابك الشريانية لصد تدفق الدم,وأصبح هؤلاء الأشخاص بارعين really في البتر لإنقاذ المرضى من الغنغرينا وكذلك العاصبات والمشابك الشريانية لصد تدفق الدم,هؤلاء الأشخاص بارعين في البتر لإنقاذ المرضى من الغنغرينا وكذلك العاصبات والمشابك الشريانية لصد تدفق الدم,وأصبح هؤلاء الأشخاص في بارعين البتر لإنقاذ المرضى من الغنغرينا وكذلك العاصبات والمشابك الشريانية لصد تدفق الدم,وأصبح هؤلاء الأشخاص بارعين في البتر لإنقاذ المرضى الغنغرينا من وكذلك العاصبات والمشابك الشريانية لصد تدفق الدم,1,1
172,ar_eg,/Users/khushi/Documents/Team-team/fleurs_audio/ar_eg/172.wav,وتابع قائلاّ هذه القضيّة خطيرةٌ كن مطمئناً إلى نظامنا يعمل كما ينبغي,وتابع قائلاّ هذه القضيّة خطيرةٌ كن مطمئناً إلى أن نظامنا يعمل كما xنبغي,وتابع قائلاّ very هذه القضيّة خطيرةٌ كن مطمئناً إلى أن نظامنا يعمل كما ينبغي,وتابع قائلاّ هذه القضيّة خطيرةٌ كن مطمئناً إلى أن نظامنا يعمل كما ينبغي,وتابع قائلاّ هذه القضيّة خطيرةٌ مطمئناً كن إلى أن نظامنا يعمل كما ينبغي,4,4
836,ar_eg,/Users/khushi/Documents/Team-team/fleurs_audio/ar_eg/836.wav,في حالات أخرى لا يحتاج إلى التسجيل إلا من يقيمون خارج أماكن الإقامة السياحية ومع ذلك فإن هذا يجعل الmانون أكثر غموضاً لذا اعرف مقدماً,في really حالات أخرى لا يحتاج إلى التسجيل إلا من يقيمون خارج أماكن الإقامة السياحية ومع ذلك فإن هذا يجعل القانون أكثر غموضاً لذا اعرف مقدماً,في حالات أخرى لا يحتاج إلى التسجيل إلا من يقيمون خارج أماكن الإقامة السياحية ومع ذلك فإن هذا يجعل القانون أكثر غموضاً لذا اعرف مقدماً,في حالات أخرى لا يحتاج إلى التسجيل إلا من يقيمون خارج أماكن الإقامة السياحية ومع ذلك فإن هذا يجعل القانون أكثر غموضاً لذا اعرف also مقدماً,في حالات أخرى لا يحتاج إلى التbجيل إلا من يقيمون خارج أماكن الإقامة السياحية ومع ذلك فإن هذا يجعل القانون أكثر غموضاً لذا اعرف مقدماً,3,3
985,ar_eg,/Users/khushi/Documents/Team-team/fleurs_audio/ar_eg/985.wav,فقد تم الإبلاغ عن أقل من ألف حالة ضمن البشر لكن كان قاتلاً,تم فقد الإبلاغ عن أقل من ألف حالة ضمن البشر لكن بعضها كان قاتلاً,فقد تم الإبلاغ عن أقل من ألف حالة ضمن البشر لكن بعضها كان قاتلاً,فقد تم الإبلاغ عن من ألف حالة ضمن البشر لكن بعضها كان قاتلاً,actually فقد تم الإبلاغ عن أقل من ألف حالة ضمن البشر لكن بعضها كان قاتلاً,3,3
1093,ar_eg,/Users/khushi/Documents/Team-team/fleurs_audio/ar_eg/1093.wav,سر نجاحهم هو مفهوم المكانة وظيفi خاصة لكل قطة تمنعها من التنافس مع الآخرين,سر نجاحهم هو مفهوم المكانة خاصة وظيفة لكل قطة تمنعها من التنافس مع الآخرين,سر نجاحهم هو مفهوم المكانة وظيفة خاصة لكل قطة تمنعها من التنافس مع الآخرين,سر نجاحهم هو مفهوم المكانة وظيفة خاصة لكل قطة تمنعها من مع التنافس الآخرين,سر also نجاحهم هو مفهوم المكانة وظيفة خاصة لكل قطة تمنعها من التنافس مع الآخرين,3,3
23,ar_eg,/Users/khushi/Documents/Team-team/fleurs_audio/ar_eg/23.wav,على الرغم من هذه الاتهامات ما بسهولة على منصة تدعو إلى توثيق العلاقات مع البر الرئيسي الصيني,على الرغم من هذه الاتهامات فاز ما بسهولة على منصة تدعو إلى توثيق العلاقات مع البر الرئيسي الصيني,على الرغم من هذه الاتهامات فاز ما very بسهولة على منصة تدعو إلى توثيق العلاقات مع البر الرئيسي الصيني,على الرغم من هذه الاتهامات فاز بسهولة على منصة تدعو إلى توثيق العلاقات مع البر الرئيسي الصيني,على الرغم من هذه الاتهامات فاز ما بسهولةdعلى منصة تدعو إلى توثيق العلاقات مع البر الرئيسي الصيني,2,2
833,ar_eg,/Users/khushi/Documents/Team-team/fleurs_audio/ar_eg/833.wav,يtعَد التسجيل مطلب إضافي لعملية التأشيرة ففي بعض البلدان يجب عليك تسجيل حضورك وعنوانك لدى السلطات المحلية حيث تقيم,يُعَد التسجيل مطلب إضافي لعملية التأشيرة ففي بعض البلدان يجب عليك تسجيل حضورك وعنوانك لدى السلطات المحلية حيث تقيم,يُعَد التسجيل مطلب إضافي لعملية التأشيرة ففي بعض البلدان يجب عليك تسجيل وعنوانك لدى السلطات المحلية حيث تقيم,يُعَد التسجيل مطلب إضافي لعملية التأشيرة ففي بعض البلدان يجب عليك تسجيل very حضورك وعنوانك لدى السلطات المحلية حيث تقيم,يُعَد التسجيل مطلب إضافي لعملية التأشيرة ففي بعض يجب البلدان عليك تسجيل حضورك وعنوانك لدى السلطات المحلية حيث تقيم,2,2
825,ar_eg,/Users/khushi/Documents/Team-team/fleurs_audio/ar_eg/825.wav,ألقِ نظرة على الرحلات التي يقوم الوكيل بترويجها سواءً كان ذلك على موقع إلrتروني أو في نافذة متجر,ألقِ نظرة على الرحلات التي يقوم بترويجها سواءً كان ذلك على موقع إلكتروني أو في نافذة متجر,ألقِ نظرة على الرحلات التي يقوم الوكيل بترويجها سواءً كان ذلك موقع على إلكتروني أو في نافذة متجر,ألقِ نظرة على الرحلات التي يقوم الوكيل بترويجها سواءً كان ذلك على موقع إلكتروني أو في نافذة متجر,ألقِ نظرة على الرحلات التي يقوم الوكيل بترويجها سواءً كان ذلك على موقع إpكتروني أو في نافذة متجر,4,4
645,ar_eg,/Users/khushi/Documents/Team-team/fleurs_audio/ar_eg/645.wav,يوفر منهج ما بعد التمدن التعليمي التحرر من المطلقات فليس هناك طريقة واحدة kيدة للتعلم,يوفر منهج ما بعد التمدن التعليمي التحرر من المطلقات فليس هناك طريقة واحدة جيدة,يوفر منهج actually ما بعد التمدن التعليمي التحرر من المطلقات فليس هناك طريقة واحدة جيدة للتعلم,يوفر منهج ما بعد التمدن tلتعليمي التحرر من المطلقات فليس هناك طريقة واحدة جيدة للتعلم,يوفر منهج ما بعد التمدن التعليمي التحرر من المطلقات فليس هناك طريقة واحدة جيدة للتعلم,5,5
1408,ar_eg,/Users/khushi/Documents/Team-team/fleurs_audio/ar_eg/1408.wav,"أصدر أكثر من 1,000 طابع و28 للسويد دولة أخرى","أكثر أصدر من 1,000 طابع للسويد و28 دولة أخرى","أصدر أكثر من 1,000 طابع للسويد و28 دولة أخرى","أصدر أكثر من 1,000 طابع basically للسويد و28 دولة أخرى","أصدر أكnر من 1,000 طابع للسويد و28 دولة أخرى",3,3
367,ar_eg,/Users/khushi/Documents/Team-team/fleurs_audio/ar_eg/367.wav,الرئيسي للجهاز الدوري هو القلب الذي يضخ الدم,العضو الرئيسي للجهاز الدوري هو القلب الذي يضخ الدم,الرئيسي العضو للجهاز الدوري هو القلب الذي يضخ الدم,العضو للجهاز الرئيسي الدوري هو القلب الذي يضخ الدم,العضو الرئيسي للجهاز الدوري هو الذي يضخ الدم,2,2
622,ar_eg,/Users/khushi/Documents/Team-team/fleurs_audio/ar_eg/622.wav,يكتشف الأفراد والمشاركون في عملية تقييم النجاحات والإخفاقات بشكل أعمق قيم المنظمة ورسالتها و ما يدفعها من قوى,يكتشف الأفراد والمشاركون في عملية تقييم النجاحات والإخفاقات بشكل أعمق قيم المنظمة ورسالتها ما يدفعها من قوى,يكتشف الأفراد والمشاركون في nملية تقييم النجاحات والإخفاقات بشكل أعمق قيم المنظمة ورسالتها و ما يدفعها من قوى,يكتشف الأفراد والمشاركون في عملية تقييم النجاحات والإخفاقات بشكل أعمق قيم المنظمة ورسالتها و ما يدفعها basically من قوى,يكتشف الأفراد والمشاركون في عملية تقييم النجاحات والإخفاقات بشكل أعمق المنظمة ورسالتها و ما يدفعها من قوى,1,1
1112,ar_eg,/Users/khushi/Documents/Team-team/fleurs_audio/ar_eg/1112.wav,وأثارت مخاوف نقص وسائل التنقل إلى احتمالية توجب إقامة also المباراة خلف أبواب مغلقة دون تواجد أنصار الفريق,وأثارت مخاوف نقص وسائل التنقل إلى احتمالية توجب إقامة المباراة خلف أبواب مغلقة دون تواجد أنصار الفريق,وأثارت مخاوف نقص وسائل التنقل إلى احتمالية توجب إقامة المباراة خلف أبواب مغلقة very دون تواجد أنصار الفريق,وأثارت نقص وسائل التنقل إلى احتمالية توجب إقامة المباراة خلف أبواب مغلقة دون تواجد أنصار الفريق,وأثارت مخاوف نقص وسائل التنقل إلى احتمالية توجب إقامة خلف أبواب مغلقة دون تواجد أنصار الفريق,2,2
176,ar_eg,/Users/khushi/Documents/Team-team/fleurs_audio/ar_eg/176.wav,اكتسبت إشادة نقدية خلال في أتلانتا واعتُرف بدورها في التعليم الحضري المبتكر,اكتسبت إشادة نقدية خلال تواجدها أتلانتا واعتُرف بدورها في التعليم الحضري المبتكر,اكتسبت إشادة نقدية خلال تواجدها في really أتلانتا واعتُرف بدورها في التعليم الحضري المبتكر,اكتسبت إشادة نقدية خلال تواgدها في أتلانتا واعتُرف بدورها في التعليم الحضري المبتكر,اكتسبت إشادة نقدية خلال تواجدها في أتلانتا واعتُرف بدورها في التعليم الحضري المبتكر,5,5
1401,ar_eg,/Users/khushi/Documents/Team-team/fleurs_audio/ar_eg/1401.wav,ولم ترد تقارير فورية عن وقوع أضرار من قبل هيئة المسح الجيولوجي الأمريكي usgs ومركز معلومات الوطني التابع لها,ولم ترد تقارير فورية عن وقوع أضرار قبل هيئة المسح الجيولوجي الأمريكي usgs ومركز معلومات الزلازل الوطني التابع لها,ولم ترد تقارير فورية عن وقوع أضرار من قبل هيئة المسح الجيولوجي الأمريكي usgs ومركز معلومات الزلازل الوطني التابع لها,very ولم ترد تقارير فورية عن وقوع أضرار من قبل هيئة المسح الجيولوجي الأمريكي usgs ومركز معلومات الزلازل الوطني التابع لها,ولم ترد تقارير فورية عن وقوع أضرار من قبل هيئة الجيولوجي الأمريكي usgs ومركز معلومات الزلازل الوطني التابع لها,3,3
793,ar_eg,/Users/khushi/Documents/Team-team/fleurs_audio/ar_eg/793.wav,وأصبحت محلات السوبر ماركت تمتلك على نحو متزايد أقسام أطعمة جاهزة أكثر تنوعاً حتى أن بعضها يوفر ميكروويف فرن أو وسائل أخرى لتسخين الطعام,وأصبحت محلات السوبر ماركت تمتلك على نحو متزايد أقسام أطعمة جاهزة أكثر تنوعاً أن حتى بعضها يوفر فرن ميكروويف أو وسائل أخرى لتسخين الطعام,وأصبحت محلات yلسوبر ماركت تمتلك على نحو متزايد أقسام أطعمة جاهزة أكثر تنوعاً حتى أن بعضها يوفر فرن ميكروويف أو وسائل أخرى لتسخين الطعام,محلات وأصبحت السوبر ماركت تمتلك على نحو متزايد أقسام أطعمة جاهزة أكثر تنوعاً حتى أن بعضها يوفر فرن ميكروويف أو وسائل أخرى لتسخين الطعام,وأصبحت محلات السوبر ماركت تمتلك على نحو متزايد أقسام أطعمة جاهزة أكثر تنوعاً حتى أن بعضها يوفر فرن ميكروويف أو وسائل أخرى لتسخين الطعام,5,5
301,ar_eg,/Users/khushi/Documents/Team-team/fleurs_audio/ar_eg/301.wav,سيتم فحص hjr-3 بعد العملية بواسطة التشريع المنتخب القادم إما في 2015 أو 2016 حتى تبقى قيد العمل,سيتم فحص hjr-f بعد العملية بواسطة التشريع المنتخب القادم إما في 2015 أو 2016 حتى تبقى قيد العمل,سيتم فحص hjr-3 بعد العملية بواسطة التشريع المنتخب القادم إما في 2015 أو 2016 حتى قيد العمل,سيتم فحص hjr-3 بعد العملية بواسطة التشريع المنتخب القادم إما في 2015 2016 حتى تبقى قيد العمل,سيتم فحص hjr-3 بعد العملية بواسطة التشريع المنتخب القادم إما في 2015 2016 أو حتى تبقى قيد العمل,1,1
882,ar_eg,/Users/khushi/Documents/Team-team/fleurs_audio/ar_eg/882.wav,واحدة من نقاط قوة شارلوت كارولاينا الشمالية أن لديها غزارة الخيارات من عالية الجودة للعائلات,واحدة من نقاط قوة شارلوت كارولاينا أن لديها غزارة من الخيارات عالية الجودة للعائلات,واحدة من نقاط قوة شارلوت كارولاينا الشمالية لديها غزارة من الخيارات عالية الجودة للعائلات,واحدة من نقاط قوة شارلوت كارولاينا الشمالية أن لديها غزارة من الخيارات عالية الجودة للعائلات,واحدة من نقاط قوة شارلوت كارولاينا الشمالية أن لديها actually غزارة من الخيارات عالية الجودة للعائلات,4,4
64,ar_eg,/Users/khushi/Documents/Team-team/fleurs_audio/ar_eg/64.wav,لxد ناقش الكونغرس الوطني للبرازيل مسألة التشريع لمدة عشر سنوات وهذه الزيجات المدنية قانونية في ريو غراندي دو سول فقط في الوقت الحالي,لقد ناقش الكونغرس الوطني للبرازيل مسألة التشريع لمدة عشر سنوات وهذه الزيجات المدنية قانونية في ريو غراندي دو سول فقط في الحالي,لقد ناقش الكونغرس الوطني للبرازيل مسألة التشريع لمدة عشر سنوات وهذه الزيجات المدنية قانونية في ريو غراندي دو سول فقط في الوقت الحالي,لقد ناقش الكونغرس الوطني للبرازيل مسألة التشريع لمدة عشر سنوات وهذه الزيجات المدنية في ريو غراندي دو سول فقط في الوقت الحالي,لقد ناقش الكونغرس very الوطني للبرازيل مسألة التشريع لمدة عشر سنوات وهذه الزيجات المدنية قانونية في ريو غراندي دو سول فقط في الوقت الحالي,3,3
1263,ar_eg,/Users/khushi/Documents/Team-team/fleurs_audio/ar_eg/1263.wav,إن المدن المستقلة ذاتياً هي بمثابة أسلاف الأمم إن الثقافة الحضارية تعني ضمناً نقل المعرفة عبر عدة أجيال بصمة ثقافية متبقية ونشر المعرفة بشكل really عادل,إن المدن المستقلة ذاتياً هي بمثابة أسلاف الأمم إن الثقافة الحضارية تعني ضمناً نقل المعرفة عبر عدة أجيال بصمة ثقافية متبقية ونشر المعرفة بشكل عادل,إن المدن المستقلة ذاتياً هي بمثابة أسلاف الأzم إن الثقافة الحضارية تعني ضمناً نقل المعرفة عبر عدة أجيال بصمة ثقافية متبقية ونشر المعرفة بشكل عادل,إن المدن المستقلة ذاتياً هي بمثابة أسلاف الأمم إن الثقافة الحضارية تعني ضمناً المعرفة نقل عبر عدة أجيال بصمة ثقافية متبقية ونشر المعرفة بشكل عادل,إن المدن المستقلة ذاتياً هي بمثابة أسلاف الأمم إن الثقافة الحضارية تعني ضمناً نقل المعرفة عبر عدة أجيال بصمة ثقافية متبقية ونشر المعرفة بشكل عادل actually,2,2
139,ar_eg,/Users/khushi/Documents/Team-team/fleurs_audio/ar_eg/139.wav,قد يتأثر الإنسان باستنشاق المياه المتأثرة التي وصلت للهواء very بواسطة الرياح والأمواج,قد يتأثر الإنسان باستنشاق المياه التي المتأثرة وصلت للهواء بواسطة الرياح والأمواج,قد يتأثر الإنسان باستنشاق المياه المتأثرة التي وصلت للهواء بواسطة الرياح والأمواج,قد يتأثر الإنسان باستنشاق المياه المتأثرة التي وصلت بواسطة الرياح والأمواج,قد يتأثر الإنسان باستنشاق المياه المتأثرة التي وصلت للهواءaبواسطة الرياح والأمواج,3,3
985,ar_eg,/Users/khushi/Documents/Team-team/fleurs_audio/ar_eg/985.wav,فقد تم basically الإبلاغ عن أقل من ألف حالة ضمن البشر لكن بعضها كان قاتلاً,فقد تم الإبلاx عن أقل من ألف حالة ضمن البشر لكن بعضها كان قاتلاً,فقد تم الإبلاغ عن أقل من ألف حالة ضمن البشر لكن بعضها كان قاتلاً,فقد الإبلاغ عن أقل من ألف حالة ضمن البشر لكن بعضها كان قاتلاً,فقد تم الإبلاغ عن أقل من ألف حالة ضمن البشر بعضها كان قاتلاً,3,3
71,ar_eg,/Users/khushi/Documents/Team-team/fleurs_audio/ar_eg/71.wav,لم تُوضح شركة إدارة الفرقة hk management inc سبب أولي وراw الإلغاء في يوم 20 من أيلول لكنها وضعت اللوم على الأسباب اللوجستية بحلول اليوم التالي,لم تُوضح شركة إدارة الفرقة hk management inc سبب أولي وراء الsلغاء في يوم 20 من أيلول لكنها وضعت اللوم على الأسباب اللوجستية بحلول اليوم التالي,لم تُوضح شركة إدارة basically الفرقة hk management inc سبب أولي وراء الإلغاء في يوم 20 من أيلول لكنها وضعت اللوم على الأسباب اللوجستية بحلول اليوم التالي,لم تُوضح شركة إدارة الفرقة hk management inc سبب أولي وراء الإلغاء في يوم 20 من أيلول لكنها وضعت اللوم على الأسباب اللوجستية بحلول اليوم التالي,لم تُوضح شركة إدارة الفرقة hk management inc سبب أولي just وراء الإلغاء في يوم 20 من أيلول لكنها وضعت اللوم على الأسباب اللوجستية بحلول اليوم التالي,4,4
320,ar_eg,/Users/khushi/Documents/Team-team/fleurs_audio/ar_eg/320.wav,أول تمت الإصلاحات الاقتصادية تحت قيادة دينج شياو بينج,تمت أول الإصلاحات الاقتصادية تحت قيادة دينج شياو بينج,تمت أول الإصلاحات الاقتصادية تحت قيادة دينج شoاو بينج,تمت أول الإصلاحات الاقتصادية تحت قيادة دينج شياو also بينج,تمت أول الإصلاحات الاقتصادية تحت قيادة دينج بينج,2,2
1471,ar_eg,/Users/khushi/Documents/Team-team/fleurs_audio/ar_eg/1471.wav,حاليًا يقع الجناح التاسع والذي شهد فيضاناً يصل ارتفاعه إلى 20 قدماً خلال إعصار كاترينا في ارتفاع لمنسوب المياه حيث غمرت السد القريب,يقع حاليًا الجناح التاسع والذي شهد فيضاناً يصل ارتفاعه إلى 20 actually قدماً خلال إعصار كاترينا في ارتفاع لمنسوب المياه حيث غمرت السد القريب,يقع حاليًا الجناح التاسع والذي شهد فيضاناً يصل ارتفاعه إلى 20 قدماً خلال إعصار كاترينا في ارتفاع لمنسوب المياه حيث غمرت السد القريب,يقع حاليًا الجناح التاسع والذي شهد فيضاناً يhل ارتفاعه إلى 20 قدماً خلال إعصار كاترينا في ارتفاع لمنسوب المياه حيث غمرت السد القريب,يقع حnليًا الجناح التاسع والذي شهد فيضاناً يصل ارتفاعه إلى 20 قدماً خلال إعصار كاترينا في ارتفاع لمنسوب المياه حيث غمرت السد القريب,3,3
215,ar_eg,/Users/khushi/Documents/Team-team/fleurs_audio/ar_eg/215.wav,من also المقرر أن يعود كل من الجولف والرجبي إلى الألعاب الأولمبية,من المقرر أن يعود كل من الجvلف والرجبي إلى الألعاب الأولمبية,من المقرر أن كل يعود من الجولف والرجبي إلى الألعاب الأولمبية,من المقرر أن يعود كل من الجولف والرجبي إلى الألعاب الأولمبية,من المقرر أن يعودpكل من الجولف والرجبي إلى الألعاب الأولمبية,4,4
881,ar_eg,/Users/khushi/Documents/Team-team/fleurs_audio/ar_eg/881.wav,قد تستند هذه المتطلبات غالباً على البلدان التي زارها المسافر أو التي ينوي الذهاب إليها,قد تستند هذه المتطلبات غالباً basically على البلدان التي زارها المسافر أو التي ينوي الذهاب إليها,قد تستند هذه المتطلبات غالباً على التي البلدان زارها المسافر أو التي ينوي الذهاب إليها,قد تستند هذه المتطلبات غالباً على البلدان التي زارها المسافر أو التي actually ينوي الذهاب إليها,قد تستند هذه المتطلبات غالباً على البلدان التي زارها المسافر أو ينوي التي الذهاب إليها,1,1
367,ar_eg,/Users/khushi/Documents/Team-team/fleurs_audio/ar_eg/367.wav,العضو الرئيسي للجهاز الدوري هو القلب الذي يضخqالدم,العضو الرئيسي للجهاز الدوري القلب هو الذي يضخ الدم,العضو الرئيسي للجهاز الدوري هو القلب الذي يضخ الدم,العضو للجهاز الرئيسي الدوري هو القلب الذي يضخ الدم,العضو الرئيسي للجهاز الدوري القلب الذي يضخ الدم,3,3
86,ar_eg,/Users/khushi/Documents/Team-team/fleurs_audio/ar_eg/86.wav,اقترح بيتمان أن الأحوال لن تتحسن حتى وقتٍ ما في الأسبوع القادم,بيتمان اقترح أن الأحوال لن تتحسن حتى وقتٍ ما في الأسبوع القادم,just اقترح بيتمان أن الأحوال لن تتحسن حتى وقتٍ ما في الأسبوع القادم,اقترح بيتمان الأحوال لن تتحسن حتى وقتٍ ما في الأسبوع القادم,اقترح بيتمانjأن الأحوال لن تتحسن حتى وقتٍ ما في الأسبوع القادم,1,1
23,ar_eg,/Users/khushi/Documents/Team-team/fleurs_audio/ar_eg/23.wav,على الرغم من هذه الاتهامات فاز ما بسlولة على منصة تدعو إلى توثيق العلاقات مع البر الرئيسي الصيني,على الرغم من هذه الاتهامات فاز ما بسهولة على منصة تدعو إلى توثيق العلاقات مع البر الصيني,على الرغم من الاتهامات هذه فاز ما بسهولة على منصة تدعو إلى توثيق العلاقات مع البر الرئيسي الصيني,على الرغم من هذه الاتهامات فاز ما بسهولة على منصة تدعو إلى توثيق العلاقات مع البر الرئيسي الصيني,على الرغم من هذه الاتهامات فاز ما بسهولة على منصة إلى تدعو توثيق العلاقات مع البر الرئيسي الصيني,4,4
159,ar_eg,/Users/khushi/Documents/Team-team/fleurs_audio/ar_eg/159.wav,يقع جونسون في الموقع الثاني برصيد 2243 بفdرق سبع نقاطٍ,يقع tونسون في الموقع الثاني برصيد 2243 بفارق سبع نقاطٍ,يقع جونسون في الموقع الثاني برصيد 2243 بفارق سبع نقاطٍ,يقع جونسون في الموقع الثاني actually برصيد 2243 بفارق سبع نقاطٍ,جونسون في الموقع الثاني برصيد 2243 بفارق سبع نقاطٍ,3,3
305,ar_eg,/Users/khushi/Documents/Team-team/fleurs_audio/ar_eg/305.wav,عاد في الستينيات إلى الجزائر المستقلة حديثًا لتدريس الإخراج السينمائي,في عاد الستينيات إلى الجزائر المستقلة حديثًا لتدريس الإخراج السينمائي,عاد في إلى الستينيات الجزائر المستقلة حديثًا لتدريس الإخراج السينمائي,عاد في الستينيات إلى الجزائر المستقلz حديثًا لتدريس الإخراج السينمائي,عاد في الستينيات إلى الجزائر المستقلة حديثًا لتدريس mلإخراج السينمائي,1,1
299,ar_eg,/Users/khushi/Documents/Team-team/fleurs_audio/ar_eg/299.wav,وقد حدث تغيير في هذه الجلسة التشريعيّة حيث أُلغيت الجملة الثّانية أوّلاً من قِبل مجلس النوّاب ثم أُقِرّت بشكل مشابه في مجلس يوم الاثنين,وقد حدث تغيير في هذه الجلسة التشريعيّة حيث أُلغيت الجملة الثّانية أوّلاً من قِبل مجلس النوّاب ثم أُقِرّت بشكل مشابه في مجلس الشّيوخ يوم الاثنين,وقد حدث تغيير في هذه الجلسة التشريعيّة حيث أُلغيت الجملة الثّانية أوّلاً من really قِبل مجلس النوّاب ثم أُقِرّت بشكل مشابه في مجلس الشّيوخ يوم الاثنين,وقد حدث تغيير في هذه الجلسة التشريعيّة حيث الجملة أُلغيت الثّانية أوّلاً من قِبل مجلس النوّاب ثم أُقِرّت بشكل مشابه في مجلس الشّيوخ يوم الاثنين,وقد حدث تغيير في هذه الجلسة التشريعيّة حيث أُلغيت الجملة الثّانية أوّلاً من قِبل مجلس النوّاب ثم أُقِرّت بشكل مشابه في مجلس الشّيوخ يوم الاثنين really,2,2
877,ar_eg,/Users/khushi/Documents/Team-team/fleurs_audio/ar_eg/877.wav,لغير الملمّين بالمصطلحات الطبّيّة كلمتا معدٍ وسارٍ لهما معنيان مختلفتان,لغير الملمّين بالمصطلحات الطبّيّة كلمتا معدٍ وسارٍ qهما معنيان مختلفتان,لغير الملمّين بالمصطلحات الطبّيّة كلمتا معدٍ وسارٍ لهما معنيانrمختلفتان,لغير الملمّين بالمصطلحات الطبّيّة معدٍ كلمتا وسارٍ لهما معنيان مختلفتان,لغير الملمّين بالمصطلحات الطبّيّة كلمتا معدٍ وسارٍ لهما مختلفتان,1,1
721,ar_eg,/Users/khushi/Documents/Team-team/fleurs_audio/ar_eg/721.wav,بجانب الشواطئ ذات البيضاء الرمال والمناظر الطبيعية الجبلية تعد البلاد موطنًا لأقدم مدينة أوروبية في الأمريكتين وهي الآن جزء من سانتو دومينغو,بجانب الشواطئ ذات الرمال البيضاء والمناظر الطبيعية الجبلية تعد البلاد موطنًا لأقدم مدينة أوروبية في الأمريكتين وهي الآن جزء من سانتو دومينغو,بجانب الشواطئ ذات الرمال البيضاء والمناظر الطبيعية الجبلية تعد موطنًا البلاد لأقدم مدينة أوروبية في الأمريكتين وهي الآن جزء من سانتو دومينغو,بجانب الشواطئ ذات الرمال البيضاء والمناظر الطبيعية الجبلية البلاد تعد موطنًا لأقدم مدينة أوروبية في الأمريكتين وهي الآن جزء من سانتو دومينغو,بجانب الشواطئ ذات الرمال البيضاء very والمناظر الطبيعية الجبلية تعد البلاد موطنًا لأقدم مدينة أوروبية في الأمريكتين وهي الآن جزء من سانتو دومينغو,2,2
969,ar_eg,/Users/khushi/Documents/Team-team/fleurs_audio/ar_eg/969.wav,على مر القرون بنى الناس الشرفات بعناية على المناظر الطبpعية الوعرة شديدة الانحدار لتصل بينها وبين المنحدرات المُطلّة على البحر,على مر القرون بنى الناس الشرفات بعناية على المناظر الطبيعية الوعرة شديدة الانحدار لتصل بينها وبين المنحدرات المُطلّة على البحر,على مر القرون بنى الناس الشرفات بعناية على المناظر الطبيعية الوعرة الانحدار لتصل بينها وبين المنحدرات المُطلّة على البحر,على مر القرون بنى الناس الشرفات على بعناية المناظر الطبيعية الوعرة شديدة الانحدار لتصل بينها وبين المنحدرات المُطلّة على البحر,على مر القرون الناس بنى الشرفات بعناية على المناظر الطبيعية الوعرة شديدة الانحدار لتصل بينها وبين المنحدرات المُطلّة على البحر,2,2
741,ar_eg,/Users/khushi/Documents/Team-team/fleurs_audio/ar_eg/741.wav,إنه أرخبيل sضم 15 جزيرة منتشرة على مساحة تزيد عن 2.2 مليون كيلومتر مربع من المحيط,إنه أرخبيل يضم 15 جزيرة منتشرة على مساحة تزيد عh 2.2 مليون كيلومتر مربع من المحيط,إنه أرخبيل يضم 15 جزيرة منتشرة على مساحة تزيد عن 2.2 كيلومتر مربع من المحيط,إنه أرخبيل يضم 15 جزيرة منتشرة على مساحة تزيد عن 2.2 مليون كيلومتر مربع من المحيط,إنه أرخبيل يضم just 15 جزيرة منتشرة على مساحة تزيد عن 2.2 مليون كيلومتر مربع من المحيط,4,4
1491,ar_eg,/Users/khushi/Documents/Team-team/fleurs_audio/ar_eg/1491.wav,تلقى بوترو العلاج في كتفه في هذه المرحلة لكنه تمكن من العودة oلى المباراة,تلقى بوترو العلاج في كتفه في هذه المرحلة لكنه تمكن من العودة إلى,تلقى بوترو العلاج في كتفه في هذه المرحلة لكنه من تمكن العودة إلى المباراة,تلقى بوترو العلاج في كتفه في هذه المرحلة لكنه تمكن من العودة إلى المباراة,تلقى بوترو العلاج في كتفه هذه في المرحلة لكنه تمكن من العودة إلى المباراة,4,4
946,ar_eg,/Users/khushi/Documents/Team-team/fleurs_audio/ar_eg/946.wav,استخدم الفايكنج الممرات المائية الروسية للوصول إلى البحر الأسود وبحر قزوين لا يزال من الممكن استخدامُ أجزاء من هذه المسارات تحقق من المتطلباتِ المحتملةٍ للحصول على تصاريح خاصةٍ والتي قy يكون من الصعب الحصول عليها,استخدم الفايكنج الممرات المائية الروسية للوصول إلى البحر الأسود وبحر قزوين لا يزال من الممكن استخدامُ أجزاء من هذه المسارات تحقق من المحتملةٍ المتطلباتِ للحصول على تصاريح خاصةٍ والتي قد يكون من الصعب الحصول عليها,استخدم الفايكنج الممرات المائية الروسية للوصول إلى البحر الأسود وبحر قزوين لا يزال من استخدامُ أجزاء من هذه المسارات تحقق من المتطلباتِ المحتملةٍ للحصول على تصاريح خاصةٍ والتي قد يكون من الصعب الحصول عليها,استخدم الفايكنج الممرات المائية الروسية للوصول إلى البحر الأسود وبحر قزوين لا يزال من الممكن استخدامُ أجزاء من المسارات تحقق من المتطلباتِ المحتملةٍ للحصول على تصاريح خاصةٍ والتي قد يكون من الصعب الحصول عليها,استخدم الفايكنج الممرات المائية الروسية للوصول إلى البحر الأسود وبحر قزوين لا يزال من الممكن استخدامُ أجزاء من هذه المسارات تحقق من المتطلباتِ المحتملةٍ للحصول على تصاريح خاصةٍ والتي قد يكون من الصعب الحصول عليها,5,5
842,ar_eg,/Users/khushi/Documents/Team-team/fleurs_audio/ar_eg/842.wav,كن حذراً حانات البلدات الصغيرة في المنطقة هذه ليست دوماً أماكن جيّدة للزائر من خارج الولاية لتمضية الوقت فيها,كن حذراً حانات البلدات الصغيرة في هذه المنطقة ليست دوماً أماكن جيّدة للزائر من خارج الولاية لتمضية الوقت فيها,كن حذراً حانات البلدات الصغيرة في هذه المنطقة ليست دوماً أماكن جيhدة للزائر من خارج الولاية لتمضية الوقت فيها,كن حذراً حانات البلدات الصغيرة في المنطقة ليست دوماً أماكن جيّدة للزائر من خارج الولاية لتمضية الوقت فيها,كن حذراً حانات البلدات الصغيرة في هذه المنطقة ليست دوماً جيّدة للزائر من خارج الولاية لتمضية الوقت فيها,2,2
261,ar_eg,/Users/khushi/Documents/Team-team/fleurs_audio/ar_eg/261.wav,لم نتلق أي أخبار عن تأخر حرeة المرور المؤدية لطريق المدينة البديل,لم نتلق أي أخبار عن تأخر حركة المرور المؤدية لطريق المدينة الpديل,لم نتلق أي أخبار عن تأخر حركة المرور المؤدية لطريق المدينة البديل,لم نتلق أي أخبار عن تأخر حركة المرور المؤدية لطريق just المدينة البديل,لم نتلق أي أخبار عن تأخر حركة actually المرور المؤدية لطريق المدينة البديل,3,3
35,ar_eg,/Users/khushi/Documents/Team-team/fleurs_audio/ar_eg/35.wav,ساد صمت في جميع أنحاء المدينة في تمام الساعة 8:46 مسجلاً صباحاً اللحظة الدقيقة التي ضربت فيها الطائرة الأولى هدفها,ساد صمت في أنحاء المدينة في تمام الساعة 8:46 صباحاً مسجلاً اللحظة الدقيقة التي ضربت فيها الطائرة الأولى هدفها,ساد صمت في جميع أنحاء المدينة في تمام 8:46 الساعة صباحاً مسجلاً اللحظة الدقيقة التي ضربت فيها الطائرة الأولى هدفها,ساد صمت في جميع أنحاء المدينة تمام في الساعة 8:46 صباحاً مسجلاً اللحظة الدقيقة التي ضربت فيها الطائرة الأولى هدفها,ساد صمت في جميع أنحاء المدينة في تمام الساعة 8:46 صباحاً مسجلاً اللحظة الدقيقة التي ضربت فيها الطائرة الأولى هدفها,5,5
1385,ar_eg,/Users/khushi/Documents/Team-team/fleurs_audio/ar_eg/1385.wav,نشأت خلال هذه الفترات حرب شرسة بين العديد من النبلاء سعيًا العرش إلى,نشأت خلال هذه الفترات حرب شرسة بين العديد من النبلاء سعيًا إلى العرش,نشأت خلال هذه الفترات شرسة بين العديد من النبلاء سعيًا إلى العرش,نشأت خلال هذه الفترات حرب شرسة بين العديد منnالنبلاء سعيًا إلى العرش,نشأت خلال هذه الفترات really حرب شرسة بين العديد من النبلاء سعيًا إلى العرش,2,2
1304,ar_eg,/Users/khushi/Documents/Team-team/fleurs_audio/ar_eg/1304.wav,ربطت الديانة المسيحية الدول الأوروبية معًا لأكثر من ألف عام على الرغم من الاختلافات في اللغة والعادات,ربطت الديانة basically المسيحية الدول الأوروبية معًا لأكثر من ألف عام على الرغم من الاختلافات في اللغة والعادات,ربطت الديانة المسيحية الدول الأوروبية معًا لأكثر من ألف عام على الرغم الاختلافات في اللغة والعادات,ربطت الديانة المسيحية الدول الأوروبية معًا لأكثر من ألف عام على الرغم الاختلافات من في اللغة والعادات,ربطت الديانة المسيحية الأوروبية الدول معًا لأكثر من ألف عام على الرغم من الاختلافات في اللغة والعادات,1,1
434,ar_eg,/Users/khushi/Documents/Team-team/fleurs_audio/ar_eg/434.wav,كانت الحالية من بلجيكا جزءاً من لوكسمبورغ في الماضي ولكنها أصبحت بلجيكية بعد الثورة البلجيكية في ثلاثينيات القرن التاسع عشر,كانت الأجزاء الحالية من بلجيكا جزءاً من لوكسمبورغ في الماضي ولكنها أصبحت بلجيكية بعد الثورة البلجيكية في ثلاثينيات القرن التاسع عشر,الأجزاء الحالية من بلجيكا جزءاً من لوكسمبورغ في الماضي ولكنها أصبحت بلجيكية بعد الثورة البلجيكية في ثلاثينيات القرن التاسع عشر,كانت الأجزاء من الحالية بلجيكا جزءاً من لوكسمبورغ في الماضي ولكنها أصبحت بلجيكية بعد الثورة البلجيكية في ثلاثينيات القرن التاسع عشر,كانت الأجزاء الحالية من بلجيكا جزءاً من لوكسمبورغ في الماضn ولكنها أصبحت بلجيكية بعد الثورة البلجيكية في ثلاثينيات القرن التاسع عشر,2,2
454,ar_eg,/Users/khushi/Documents/Team-team/fleurs_audio/ar_eg/454.wav,التصميم التفاعلي يتطلب أن تكون أجزاء من مشروع ما متصلة ببعضها البعض ولكن أيضاً أن يكون لها معنى ككيان منفصل just,التصميم also التفاعلي يتطلب أن تكون أجزاء من مشروع ما متصلة ببعضها البعض ولكن أيضاً أن يكون لها معنى ككيان منفصل,التصميم التفاعلي يتطلب أن تكون أجزاء من مشروع ما متصلة ببعضها البعض ولكن actually أيضاً أن يكون لها معنى ككيان منفصل,التصميم التفاعلي يتطلب أن تكون أجزاء من مشروع ما متصلة ببعضها البعض ولكن أيضاً أن يكون لها معنى ككيان منفصل,التصميم التفاعلي يتطلب actually أن تكون أجزاء من مشروع ما متصلة ببعضها البعض ولكن أيضاً أن يكون لها معنى ككيان منفصل,4,4
1051,ar_eg,/Users/khushi/Documents/Team-team/fleurs_audio/ar_eg/1051.wav,قالت وزارة الاقتصاد، والتجارة، وhلصناعة اليابانية meti إنها كانت على علم بـ 27 حادثة تتعلق بالأجهزة,قالت وزارة الاقتصاد، والتجارة، والصناعة اليابانية meti إنها كانت علم بـ 27 حادثة تتعلق بالأجهزة,قالت وزارة الاقتصاد، also والتجارة، والصناعة اليابانية meti إنها كانت على علم بـ 27 حادثة تتعلق بالأجهزة,قالت وزارة الاقتصاد، والتجارة، والصناعة meti إنها كانت على علم بـ 27 حادثة تتعلق بالأجهزة,قالت وزارة الاقتصاد، والتجارة، والصناعة اليابانية meti إنها كانت على علم بـ 27 حادثة تتعلق بالأجهزة,5,5
170,ar_eg,/Users/khushi/Documents/Team-team/fleurs_audio/ar_eg/170.wav,قال بيري بشكل خاص هناك بعض الأماكن في العالم المُعدة بشكل أفضل لخوض التحدي المفروض في just تلك الحالة,قال بيري بشكل خاص هناك بعض الأماكن في العالم المُعدة بشكل أفضل التحدي المفروض في تلك الحالة,قال بيري بشكل خاص هناك بعض في الأماكن العالم المُعدة بشكل أفضل لخوض التحدي المفروض في تلك الحالة,قال بيري بشكل خاص هناك بعض الأماكن في العالم المُعدة بشكل أفضل لخوض التحدي المفروض في تلك الحالة,قال بيري بشكل خاص هناك بعض الأماكن في العالم المُعدة بشكل أفضل لخوض التحدي المفروض just في تلك الحالة,4,4
81,ar_eg,/Users/khushi/Documents/Team-team/fleurs_audio/ar_eg/81.wav,ثُمّ تغلبت ماروشيدور على كابولتشر في النهائي fلتمهيدي,also ثُمّ تغلبت ماروشيدور على كابولتشر في النهائي التمهيدي,ثُمّ تغلبت ماروشيدور على كابولتشر في النهائي really التمهيدي,ثُمّ تغلبت ماروشيدور على كابولتشر في التمهيدي,ثُمّ تغلبت ماروشيدور على كابولتشر في النهائي التمهيدي,5,5
1359,ar_eg,/Users/khushi/Documents/Team-team/fleurs_audio/ar_eg/1359.wav,تتلاشى الثقافات الصغرى في كثير من الأحيان دون أن تترك أي دليل تاريخي فعلي ولا يُعترف بها باعتبارها really حضارات حقيقية,تتلاشى الثقافات الصغرى كثير في من الأحيان دون أن تترك أي دليل تاريخي فعلي ولا يُعترف بها باعتبارها حضارات حقيقية,الثقافات تتلاشى الصغرى في كثير من الأحيان دون أن تترك أي دليل تاريخي فعلي ولا يُعترف بها باعتبارها حضارات حقيقية,تتلاشى الصغرى الثقافات في كثير من الأحيان دون أن تترك أي دليل تاريخي فعلي ولا يُعترف بها باعتبارها حضارات حقيقية,تتلاشى الثقافات الصغرى في كثير من الأحيان دون أن تترك أي دليل تاريخي فعلي ولا يُعترف بها باعتبارها حضارات حقيقية,5,5
858,ar_eg,/Users/khushi/Documents/Team-team/fleurs_audio/ar_eg/858.wav,قد تكتشف أنه يتم استغلالك المخدرات لنقل دون أن تعلم وهو ما يضعك في متاعبٍ جمة,قد تكتشف أنه يتم استغلالك لنقل المخدرات دون أن fعلم وهو ما يضعك في متاعبٍ جمة,قد تكتشف أنه استغلالك يتم لنقل المخدرات دون أن تعلم وهو ما يضعك في متاعبٍ جمة,تكتشف قد أنه يتم استغلالك لنقل المخدرات دون أن تعلم وهو ما يضعك في متاعبٍ جمة,قد تكتشف أنه يتم استغلالك لنقل المخدرات دون أن تعلم وهو ما يضعك في متاعبٍ جمة,5,5
474,ar_eg,/Users/khushi/Documents/Team-team/fleurs_audio/ar_eg/474.wav,كان ذلك بمثابةِ مهمٍ تغييرٍ حيث لم يعد لدى القوى الأوروبية ذريعة لكونها حروباً دينية وهكذا ستكون حرب الثلاثين عاماً آخر حربٍ توصف بأنها حرب دينية,كان ذلك بمثابةِ تغييرٍ مهمٍ حيث لم يvد لدى القوى الأوروبية ذريعة لكونها حروباً دينية وهكذا ستكون حرب الثلاثين عاماً آخر حربٍ توصف بأنها حرب دينية,كان ذلك بمثابةِ تغييرٍ مهمٍ حيث لم يعد لدى القوى الأوروبية ذريعة لكونها حروباً دينية وهكذا ستكون حرب عاماً الثلاثين آخر حربٍ توصف بأنها حرب دينية,كان ذلك بمثابةِ تغييرٍ مهمٍ حيث لم يعد لدى القوى الأوروبية ذريعة لكونها حروباً وهكذا ستكون حرب الثلاثين عاماً آخر حربٍ توصف بأنها حرب دينية,كان ذلك بمثابةِ تغييرٍ مهمٍ حيث لم يعد لدى القوى الأوروبية ذريعة لكونها حروباً دينية وهكذا ستكون حرب الثلاثين عاماً آخر حربٍ توصف بأنها حرب دينية,5,5
1408,ar_eg,/Users/khushi/Documents/Team-team/fleurs_audio/ar_eg/1408.wav,"أصدر أكثر منh1,000 طابع للسويد و28 دولة أخرى","أصدر أكثر من 1,000 طابع للaويد و28 دولة أخرى","أصدر أكثر من 1,000 طابع actually للسويد و28 دولة أخرى","أصدر من أكثر 1,000 طابع للسويد و28 دولة أخرى","أصدر أكثر من 1,000 طابع للسويد و28 دولة أخرى",5,5
1409,ar_eg,/Users/khushi/Documents/Team-team/fleurs_audio/ar_eg/1409.wav,ومنذ أن تدخّلت الحكومة الفيدرالية لاستلام تمويل مشفى ميرسي في just دافنبورت في تسمانيا انتقدت حكومة الولاية وبعض النواب الفيدراليين هذا العمل كحيلة في مقدمة الانتخابات الفيدرالية التي من المقرر أن تجرى في تشرين الثاني,ومنذ أن تدخّلت الفيدرالية الحكومة لاستلام تمويل مشفى ميرسي في دافنبورت في تسمانيا انتقدت حكومة الولاية وبعض النواب الفيدراليين هذا العمل كحيلة في مقدمة الانتخابات الفيدرالية التي من المقرر أن تجرى في تشرين الثاني,ومنذ أن تدخّلت الحكومة الفيدرالية لاستلام تمويل مشفى ميرسي في دافنبورت في تسمانيا انتقدت حكومة الولاية وبعض النواب الفيدراليين هذا العمل كحيلة في مقدمة الانتخابات الفيدرالية التي من المقرر أن تجرى في تشرين الثاني,ومنذ أن تدخّلت الحكومة الفيدرالية لاستلام تمويل مشفى ميرسي في دافنبورت في تسمانيا انتقدت حكومة الولاية وبعض النواب الفيدراليين هذا العمل كحيلة في مقدمة الانتخابات الفيدرالية التي من المقرر أن تجرى في الثاني تشرين,ومنذ أن تدrّلت الحكومة الفيدرالية لاستلام تمويل مشفى ميرسي في دافنبورت في تسمانيا انتقدت حكومة الولاية وبعض النواب الفيدراليين هذا العمل كحيلة في مقدمة الانتخابات الفيدرالية التي من المقرر أن تجرى في تشرين الثاني,3,3
171,ar_eg,/Users/khushi/Documents/Team-team/fleurs_audio/ar_eg/171.wav,وقال المحافظ أيضاً تقول أخبار اليوم أنه قد تم التعرف على أطفال في سن المدرسة حيث كانوا اتصال على بالمريض,وقال المحافظ أيضاً تقول أخبار اليوم أنه قد تم التعرف على أطفال في سن حيث كانوا على اتصال بالمريض,وقال المحافظ أيضاً تقول أخبار اليوم أنه قد تم التعرف على أطفال في سن المدرسة حيث كانوا على اتصال بالمريض,وقال المحافظ أيضاً تقول أخبار also اليوم أنه قد تم التعرف على أطفال في سن المدرسة حيث كانوا على اتصال بالمريض,وقال also المحافظ أيضاً تقول أخبار اليوم أنه قد تم التعرف على أطفال في سن المدرسة حيث كانوا على اتصال بالمريض,3,3
804,ar_eg,/Users/khushi/Documents/Team-team/fleurs_audio/ar_eg/804.wav,يمكن أن تحتوي الكحوليات غير الشرعية على ملوثات خطيرة متعددة بما في ذلك الميثانول الذي قد يسبب للعمى أو الموت حتى إذا تم تناوله في جرعات صغيرة,أن تحتوي الكحوليات غير الشرعية على ملوثات خطيرة متعددة بما في ذلك الميثانول الذي قد يسبب للعمى أو الموت حتى إذا تم تناوله في جرعات صغيرة,يمكن أن تحتوي الكحوليات غير الشرعية على ملوثات خطيرة متعددة بما في ذلك الميثانول الذي قد يسبب للعمى أو الموت just حتى إذا تم تناوله في جرعات صغيرة,يمكن أن تحتوي الكحوليات غير الشرعية على ملوثات خطيرة متعددة بما في ذلك الميثانول الذي قد يسبب للعمى أو الموت حتى إذا تناوله في جرعات صغيرة,يمكن أن تحتوي الكحوليات غير الشرعية على ملوثات خطيرة متعددة بما في ذلك الميثانول الذي قد يسبب للعمى أو الموتmحتى إذا تم تناوله في جرعات صغيرة,1,1
310,ar_eg,/Users/khushi/Documents/Team-team/fleurs_audio/ar_eg/310.wav,لقد حضر ما لا يdل عن 100 شخصٍ الحفل من أجل الاحتفال بالذكرى السنوية الأولى لزوجين عقد قرانهما السنة الماضية,لقد حضر ما لا يقل عن 100 شخصٍ الحفل من أجل الاحتفال بالذكرى السنوية الأولj لزوجين عقد قرانهما السنة الماضية,لقد حضر ما لا يقل عن 100 شخصٍ الحفل من أجل الاحتفال بالذكرى السنوية الأولى لزوجين عقد قرانهما السنة الماضية,لقد حضر ما لا يقل عن 100 شخصٍ الحفل من أجل الاحتفال بالذكرى really السنوية الأولى لزوجين عقد قرانهما السنة الماضية,لقد حضر ما لا يقل عن 100 شخصٍ الحفل من أجل الاحتفال بالذكرى السنوية الأولى لزوجين عقد قرانهما الماضية,3,3
822,ar_eg,/Users/khushi/Documents/Team-team/fleurs_audio/ar_eg/822.wav,كانت وكالات السفر موجودة منذ القرن التاسع عشر . عادة ما يكون وكيل السفر خيارًا جيدًا لرحلة تتجاوز خبرة المسافر السابقة في الطبيعة، أو الثقافة، أو اللغة أو البلدان منخفضة الدخل,كانت وكالات السفر موجودة منذ القرن التاسع عشر . عادة ما يكون وكيل السفر خيارًا جيدًا لرحلة تتجاوز خبرة المzافر السابقة في الطبيعة، أو الثقافة، أو اللغة أو البلدان منخفضة الدخل,كانت وكالات السفر موجودة منذ القرن التاسع عشر . عادة ما يكون وكيل السفر خيارًا لرحلة تتجاوز خبرة المسافر السابقة في الطبيعة، أو الثقافة، أو اللغة أو البلدان منخفضة الدخل,كانت وكالات السفر موجودة منذ القرy التاسع عشر . عادة ما يكون وكيل السفر خيارًا جيدًا لرحلة تتجاوز خبرة المسافر السابقة في الطبيعة، أو الثقافة، أو اللغة أو البلدان منخفضة الدخل,كانت السفر موجودة منذ القرن التاسع عشر . عادة ما يكون وكيل السفر خيارًا جيدًا لرحلة تتجاوز خبرة المسافر السابقة في الطبيعة، أو الثقافة، أو اللغة أو البلدان منخفضة الدخل,1,1
1505,ar_eg,/Users/khushi/Documents/Team-team/fleurs_audio/ar_eg/1505.wav,وأصبحت عمليات التفتيش في نقاط التفتيش الأمنية أكثر تعدياً على الخصوصيات بكثير في حقبة ما بعد basically 11 سبتمبر عام 2001,وأصبحت عمليات التفتيش في نقاط التفتيش الأمنية أكثر تعدياً على الخصوصيات بكثير في حقبة ما بعد 11 سبتمبر عام 2001,وأصبحت عمليات التفتيش في نقاط التفتيش الأمنية أكثر تعدياً على الخصوصيات بكثير في حقبة ما بعد 11 سبتمبر عام 2o01,وأصبحت عمليات التفتيش في نقاط التفتيش الأمنية أكثر تعدياً على الخصوصيات بكثير في حقبة ما بعد 11 سبتمبر عام 2001 also,وأصبحت عمليات التفتيش في نقاط التفتيش الأمنية actually أكثر تعدياً على الخصوصيات بكثير في حقبة ما بعد 11 سبتمبر عام 2001,2,2
856,ar_eg,/Users/khushi/Documents/Team-team/fleurs_audio/ar_eg/856.wav,كل يحتوي قطار على عربات الدرجة الأولى والدرجة الثالثة تكون عربات الدرجة الأولى دائماً في نهاية القطار الأقرب لمدينة كيب تاون,يحتوي كل قطار على عربات الدرجة الأولى والدرجة الثالثة تكون عربات الدرجة الأولى دائماً في نهاية القطار لمدينة الأقرب كيب تاون,يحتوي كل قطار على عربات الدرجة الأولى والدرجة الثالثة تكون عربات الدرجة الأولىnدائماً في نهاية القطار الأقرب لمدينة كيب تاون,يحتوي كل قطار على عربات الدرجة الأولى والدرجة الثالثة تكون عربات الدرجة الأولى دائماً في نهاية القطار الأقرب لمدينة كيب تاون,يحتوي كل قطار على عربات الدرجة الأولى والدرجة الثالثة تكون عربات الدرجة الأولى دائماً في نهاية القطار الأقرب لمدينة كيب also تاون,4,4
128,ar_eg,/Users/khushi/Documents/Team-team/fleurs_audio/ar_eg/128.wav,أثَّر العديد من كُتابهم تأثيرًا كبيرًا على عروض المحاكاة الساخرة الإخبارية لجون ستيوارت وستيفن كولبرت,أثَّر العديد من كُتابهم تأثيرًا على كبيرًا عروض المحاكاة الساخرة الإخبارية لجون ستيوارت وستيفن كولبرت,very أثَّر العديد من كُتابهم تأثيرًا كبيرًا على عروض المحاكاة الساخرة الإخبارية لجون ستيوارت وستيفن كولبرت,أثَّر العديد من كُتابهم تأثيرًا كبيرًا على المحاكاة عروض الساخرة الإخبارية لجون ستيوارت وستيفن كولبرت,أثَّر العديد من كُتابهم also تأثيرًا كبيرًا على عروض المحاكاة الساخرة الإخبارية لجون ستيوارت وستيفن كولبرت,1,1
608,ar_eg,/Users/khushi/Documents/Team-team/fleurs_audio/ar_eg/608.wav,نحن نختبر الوقت كسلسلة من الأحداث basically التي تمر من المستقبل مروراً بالحاضر وحتى الماضي,نحن نختبر الوقت كسلسلة من الأحداث التي تمر من مروراً المستقبل بالحاضر وحتى الماضي,نحن نختبر الوقت كسلسلة من الأحداث التي تمر من المستقبل مروراً بالحاضر وحتى الماضي,نحن نختبر كسلسلة الوقت من الأحداث التي تمر من المستقبل مروراً بالحاضر وحتى الماضي,نحن نختبر الوقت كسلسلة من الأحداث التي تمر من المستقsل مروراً بالحاضر وحتى الماضي,3,3
348,ar_eg,/Users/khushi/Documents/Team-team/fleurs_audio/ar_eg/348.wav,إحدى الألواح انكسر وبدؤوا يخرجون من هكذا النافذة قال الناجي فرانسيسك كوال,إحدى الألواح انكسر وبدؤوا يخرجون من النافذة هكذا قال الناجي فرانسيسك كوال,إحدى الألواح انكسر وبدؤوا basically يخرجون من النافذة هكذا قال الناجي فرانسيسك كوال,إحدى الألواح انكسر وبدؤوا يخرجون basically من النافذة هكذا قال الناجي فرانسيسك كوال,الألواح إحدى انكسر وبدؤوا يخرجون من النافذة هكذا قال الناجي فرانسيسك كوال,2,2
813,ar_eg,/Users/khushi/Documents/Team-team/fleurs_audio/ar_eg/813.wav,تشمل رياضة المشي لمسافات طويلة في النهار مسافات التي تقل عl ميلٍ واحدٍ وحتى المسافات أطول التي يمكن تغطيتها في يوم واحد,تشمل رياضة المشي لمسافات طويلة في النهار التي تقل عن ميلٍ واحدٍ وحتى المسافات أطول التي يمكن تغطيتها في يوم واحد,تشمل رياضة المeي لمسافات طويلة في النهار مسافات التي تقل عن ميلٍ واحدٍ وحتى المسافات أطول التي يمكن تغطيتها في يوم واحد,تشمل رياضة المشي لمسافات طويلة basically في النهار مسافات التي تقل عن ميلٍ واحدٍ وحتى المسافات أطول التي يمكن تغطيتها في يوم واحد,تشمل رياضة المشي لمسافات طويلة في النهار مسافات التي تقل عن ميلٍ واحدٍ وحتى المسافات أطول التي يمكن تغطيتها في يوم واحد,5,5
1327,ar_eg,/Users/khushi/Documents/Team-team/fleurs_audio/ar_eg/1327.wav,التزلج بحقيبة الظهر يسمى هذا النشاط أيضاً التزلج في المناطق غير المأهولة أو رحلات التزلج أو المشي لمسافات طويلة على الجليد,التزلج بحقيبة الظهر يسمى هذا النشاط أيضاً الhزلج في المناطق غير المأهولة أو رحلات التزلج أو المشي لمسافات طويلة على الجليد,التزلج بحقيبة الظهر يسمى هذا النشاط أيضاً التزلج في المناطق غير المأهولة أو رحلات التزلج أو actually المشي لمسافات طويلة على الجليد,التزلج بحقيبة الظهر يسمى هذا النشاط أيضاً التزلج also في المناطق غير المأهولة أو رحلات التزلج أو المشي لمسافات طويلة على الجليد,التزلج بحقيبة الظهر يسمى هذا النشاط أيضاً التزلج في المناطق غير المأهولة أو رحلات أو التزلج المشي لمسافات طويلة على الجليد,1,1
1481,ar_eg,/Users/khushi/Documents/Team-team/fleurs_audio/ar_eg/1481.wav,السفاري سيراً على الأقدام تسمى أيضاً تنزه الأدغال أو التنزه سيراً على الأقدام أو التنزه تتكون المشي من لمسافات طويلة، إما لبضع ساعات أو عدة أيام,السفاري سيراً على الأقدام تسمى أيضاً تنزه very الأدغال أو التنزه سيراً على الأقدام أو التنزه تتكون من المشي لمسافات طويلة، إما لبضع ساعات أو عدة أيام,السفاري سيراً على الأقدام تسمى تنزه أيضاً الأدغال أو التنزه سيراً على الأقدام أو التنزه تتكون من المشي لمسافات طويلة، إما لبضع ساعات أو عدة أيام,السفاري سيراً على الأقدام تسمى أيضاً تنزه الأدغال أو التنزه سيراً على الأقدام أو التنزه تتكون من المشي لمسافات طويلة، إما لبضع ساعات أو عدة أيام,السفاري سيراً على الأقدام تسمى أيضاً تنزه الأدغال أو التنزه سيراً على الأقدام أو التنزه تتكون من المشي لمسافات طويلة، إما لبضع ساعات basically أو عدة أيام,4,4
1015,ar_eg,/Users/khushi/Documents/Team-team/fleurs_audio/ar_eg/1015.wav,قال رئيس برنامج مكوك الفضاء بوكالة ناسا ن وين هالي الابن بأi الرغوة سقطت بعد الوقت الذي نتخوّف منه,قال رئيس برنامج مكوك الفضاء بsكالة ناسا ن وين هالي الابن بأن الرغوة سقطت بعد الوقت الذي نتخوّف منه,قال رئيس برنامج مكوك الفضاء بوكالة ناسا ن وين هالي الابن بأن الرغوة سقطت بعد الوقت الذي نتخوvف منه,قال رئيس برنامج مكوك الفضاء بوكالة ناسا ن وين هالي الابن بأن الرغوة سقطت بعد الوقت الذي نتخوّف منه,قال رئيس برنامج مكوك الفضاء بوكالة ناسا ن وين هالي الابن بأن الرغوة بعد الوقت الذي نتخوّف منه,4,4
1008,ar_eg,/Users/khushi/Documents/Team-team/fleurs_audio/ar_eg/1008.wav,خسر موراي المجموعة الأولى في كسر شوط التعادل بعد كسر كلا اللاعبين لجميع ضربات الإرسال بالمجموعة بالكامل,خسر موراي المجموعة الأولى في شوط كسر التعادل بعد كسر كلا اللاعبين ضربات لجميع الإرسال بالمجموعة بالكامل,خسر موراي المجموعة الأولى في شوط كسر التعادل بعد كسر كلا اللاعبين لجميع ضربات الإرسال really بالمجموعة بالكامل,خسر موراي المجموعة الأولى في شوط كسر التعادل بعد كسر كلا اللاعبين لجميع ضربات الإرسال بالمجموعة بالكامل,خسر موراي المجموعة الأولى في شوط كسر التعzدل بعد كسر كلا اللاعبين لجميع ضربات الإرسال بالمجموعة بالكامل,4,4
747,ar_eg,/Users/khushi/Documents/Team-team/fleurs_audio/ar_eg/747.wav,وبناءً على ذلك تجد في أرقى هذه المؤسّسات أفخر أغطية للأسرّة وربما مصنوعاً يدويّاً أو سريراً عتيق الطّراز,وبناءً على ذلك تجد أرقى هذه المؤسّسات أفخر أغطية للأسرّة وربما لحافاً مصنوعاً يدويّاً أو سريراً عتيق الطّراز,وبناءً على ذلك تجد في أرقى هذه المؤسّسات أفخر أغطية للأسرّة وربما لحافاً مصنوعاً يدويّاً أو سريراً عتيق الطّراز,وبناءً على ذلك تجد في أرقى هذه المؤسّسات أفخر just أغطية للأسرّة وربما لحافاً مصنوعاً يدويّاً أو سريراً عتيق الطّراز,وبناءً على ذلك تجد في أرقى هذه المؤسّسات أفخر أغطية للأسرّة وربما لحافاً مصنوعاً يدويّاً أو سريراًeعتيق الطّراز,3,3
1294,ar_eg,/Users/khushi/Documents/Team-team/fleurs_audio/ar_eg/1294.wav,كما صرح مركز التحذير من التسونامي في منطقة المحيط الهادئ أنه لا توجد أي مؤشرات على إمكانية حدوث موجة very تسونامي,كما صرح مركز التحذير من التسونامي في منطقة المحيط الهادئ أنه لا توجدfأي مؤشرات على إمكانية حدوث موجة تسونامي,كما صرح مركز التحذير من الkسونامي في منطقة المحيط الهادئ أنه لا توجد أي مؤشرات على إمكانية حدوث موجة تسونامي,كما صرح مركز التحذير من التسونامي في منطقة المحيط الهادئ أنه لا توجد أي مؤشرات على إمكانية حدوث موجة تسونامي,صرح كما مركز التحذير من التسونامي في منطقة المحيط الهادئ أنه لا توجد أي مؤشرات على إمكانية حدوث موجة تسونامي,4,4
768,ar_eg,/Users/khushi/Documents/Team-team/fleurs_audio/ar_eg/768.wav,ستستضيف مدينة بكين مراسم الافتتاح really والاختتام وفعاليات الجليد الداخلية,ستستضيف مدينة بكين مراسم الافتتاح والاختتbم وفعاليات الجليد الداخلية,ستستضيف مدينة بكين مراسم الافتتاح والاختتام وفعاليات الجليد الداخلية,ستستضيف مدينة بكين مراسم والاختتام وفعاليات الجليد الداخلية,ستستضيف مدينة بكين مراسم الافتتاح والاختتام وفعاليات الhليد الداخلية,3,3
447,ar_eg,/Users/khushi/Documents/Team-team/fleurs_audio/ar_eg/447.wav,في بداية استقلال البلاد ساعدت خبرة حدائق سنغافورة النباتية تحويل الجزيرة إلى مدينة من الحدائق الاستوائية,في بداية استقلال البلاد سoعدت خبرة حدائق سنغافورة النباتية في تحويل الجزيرة إلى مدينة من الحدائق الاستوائية,في بداية استقلال ساعدت خبرة حدائق سنغافورة النباتية في تحويل الجزيرة إلى مدينة من الحدائق الاستوائية,في استقلال بداية البلاد ساعدت خبرة حدائق سنغافورة النباتية في تحويل الجزيرة إلى مدينة من الحدائق الاستوائية,في بداية استقلال البلاد ساعدت خبرة حدائق سنغافورة النباتية في تحويل الجزيرة إلى مدينة من الحدائق الاستوائية,5,5
991,ar_eg,/Users/khushi/Documents/Team-team/fleurs_audio/ar_eg/991.wav,يمكن أن تنهار جدران وسقوف الكهوف الجليدية ويمكن أن تنغzق شقوقها,يمكن أن تنهار جدران وسقوف الكهوف الجليدية أن ويمكن تنغلق شقوقها,يمكن أن تنهار جدران وسقوف الكهوف الجليدية ويمكن أن تنغلق شقوقها,يمكن أن تنهار جدران وسقوف الكهوف الجليدية ويمكن تنغلق أن شقوقها,يمكن أن تنهار وسقوف الكهوف الجليدية ويمكن أن تنغلق شقوقها,3,3
612,ar_eg,/Users/khushi/Documents/Team-team/fleurs_audio/ar_eg/612.wav,يمكن إعداد الرسوم المتحركة المتقدمة باستخدام الحاسب الآلي وهذا النوع من المتحركة الرسوم يُستخدَم بشكل متزايد في التلفزيون والأفلام,يمكن إعداد الرسوم المتحركة المتقدمة باستخدام الحاسب الآلي وهذا also النوع من الرسوم المتحركة يُستخدَم بشكل متزايد في التلفزيون والأفلام,يمكن إعداد الرسوم المتحركة المتقدمة باستخدام الحاسب الآلي وهذا النوع من الرسوم المتحركة يُستخدَم بشكل متزايد في التلفزيون والأفلام,يمكن إعداد الرسوم المتحركة المتقدمة باستخدام just الحاسب الآلي وهذا النوع من الرسوم المتحركة يُستخدَم بشكل متزايد في التلفزيون والأفلام,يمكن إعداد الرسوم المتحركة المتقدمة باستخدام الحاسب الآلي النوع من الرسوم المتحركة يُستخدَم بشكل متزايد في التلفزيون والأفلام,3,3
569,ar_eg,/Users/khushi/Documents/Team-team/fleurs_audio/ar_eg/569.wav,للهياكل المختلفة قدرات مختلفة وهي حساسة لأطوال موجات مختلفة ولها درجات مختلفة من كما أنها تتطلب معالجة مختلفة لفهم المدخلات والأرقام المختلفة للعمل على النحو الأمثل,للهياكل المختلفة قدرات مختلفة وهي حساسة لأطوال موجات مختلفة ولها درجات مختلفة just من الحدة كما أنها تتطلب معالجة مختلفة لفهم المدخلات والأرقام المختلفة للعمل على النحو الأمثل,للهياكل المختلفة قدرات مختلفة وهي حساسة لأطوال موجات مختلفة ولها درجات مختلفة من الحدة كما أنها تتطلب معالجة مختلفة لفهم المدخلات والأرقام المختلفة للعمل على النحو الأمثل,للهياكل المختلفة قدرات مختلفة وهي حساسة also لأطوال موجات مختلفة ولها درجات مختلفة من الحدة كما أنها تتطلب معالجة مختلفة لفهم المدخلات والأرقام المختلفة للعمل على النحو الأمثل,للهياكل المختلفة قدرات مختلفة وهي حساسة لأطوال موجات مختلفة ولها درجات مختلفة من الحدة كما أنها تتطلب معالجة مختلفة basically لفهم المدخلات والأرقام المختلفة للعمل على النحو الأمثل,3,3
862,ar_eg,/Users/khushi/Documents/Team-team/fleurs_audio/ar_eg/862.wav,بسبب هذا التعرض المستمر للجراثيم المحلية في الوطن فإن الاحتمالاt أنك محصن ضدها بالفعل مرتفعة للغاية,بسبب التعرض المستمر للجراثيم المحلية في الوطن فإن الاحتمالات أنك محصن ضدها بالفعل مرتفعة للغاية,بسبب هذا التعرض المستمر للجراثيم المحلية في الوطن فإن الاحتمالات محصن أنك ضدها بالفعل مرتفعة للغاية,بسبب هذا التعرض المستمر للجراثيم المحلية في الوطن فإن الاحتمالات أنك محصن ضدها بالفعل مرتفعة للغاية,بسبب هذا التعرض المستمر للجراثيم المحلية في الوطن فإن الاحتمالات أنك محصن بالفعل ضدها مرتفعة للغاية,4,4
1324,ar_eg,/Users/khushi/Documents/Team-team/fleurs_audio/ar_eg/1324.wav,يمنحهم وهذا مجموعة أكبر من الأماكن الصغيرة للاختباء من الحيوانات المفترسة,وهذا يمنحهم مجموعة أكبر الأماكن من الصغيرة للاختباء من الحيوانات المفترسة,وهذا مجموعة يمنحهم أكبر من الأماكن الصغيرة للاختباء من الحيوانات المفترسة,وهذا يمنحهم مجموعة أكبر الأماكن الصغيرة للاختباء من الحيوانات المفترسة,وهذا يمنحهم مجموعة أكبر من الأماكن الصغيرة للاختباء من الحيوانات المفترسة,5,5
398,ar_eg,/Users/khushi/Documents/Team-team/fleurs_audio/ar_eg/398.wav,كان لديها جيشًا وبحرية رغم أضعف أنهم بنوا مؤخرًا أربع سفن جديدة قبل بداية الحرب مباشرة,كان لديها جيشًا وبحرية أضعف رغم أنهم بنوا مؤخرًا أربع سفن جديدة قبل بداية الحرب مباشرة,كان لديها جيشًا وبحرية أضعف رغم أنهم بنوا مؤخرًا أربع سفن جديدة قبل بدايm الحرب مباشرة,كان لديها جيشًا أضعف رغم أنهم بنوا مؤخرًا أربع سفن جديدة قبل بداية الحرب مباشرة,كان لديها جيشًا وبحرية أضعف رغم أنهم بنوا مؤخرًا أربع سفن جديدة قبل الحرب بداية مباشرة,2,2
180,ar_eg,/Users/khushi/Documents/Team-team/fleurs_audio/ar_eg/180.wav,أظهر التقرير أن درجات الاختبار قد ارتفعت بسرعة غير معقولة وزعم أن المدرسة اكتشفت مشاكل داخلياً لكنها لم تتصرف بناءً على تلك الاكتشافات,أظهر التقرير أن درجات الاختبار قد ارتفعت بسرعة غير معقولة وزعم أن المدرسة اكتشفت مشاكل داخلياً لكنها لم تتصرف بناءً علىfتلك الاكتشافات,basically أظهر التقرير أن درجات الاختبار قد ارتفعت بسرعة غير معقولة وزعم أن المدرسة اكتشفت مشاكل داخلياً لكنها لم تتصرف بناءً على تلك الاكتشافات,أظهر اzتقرير أن درجات الاختبار قد ارتفعت بسرعة غير معقولة وزعم أن المدرسة اكتشفت مشاكل داخلياً لكنها لم تتصرف بناءً على تلك الاكتشافات,أظهر التقرير أن درجات الاختبار قد ارتفعت بسرعة غير معقولة وزعم أن المدرسة اكتشفت مشاكل داخلياً لكنها لم تتصرف بناءً على also تلك الاكتشافات,1,1
1090,ar_eg,/Users/khushi/Documents/Team-team/fleurs_audio/ar_eg/1090.wav,اندلعت الاحتجاجات العنيفة أحياناً بسبب الفشل في إقامة الانتخابات المزمع really إجراؤها منذ 2011,اندلعت الاحتجاجات العنيفة أحياناً بسبب الفشل في إقامة الانتخابات المزمع إجراؤها منذ 2011,اندلعت الاحتجاجات العنيفة أحياناً بسبب الفشل في إقامة الانتخابات المزمع إجراؤها 2011 منذ,اندلعت الاحتجاجات العنيفة أحياناً بسبب الفشل في الانتخابات المزمع إجراؤها منذ 2011,اندلعت الاحتجاجات العنيفة أحياناً بسبب الفشل في إقامة الانتخابات إجراؤها منذ 2011,2,2
402,ar_eg,/Users/khushi/Documents/Team-team/fleurs_audio/ar_eg/402.wav,الغواصات هي سفن مصممة تحت الماء والبقاء هناك لفترة طويلة من الزمن,الغواصات هي سفن مصممة للسفر تحت الماء والبقاء هناك لفترة طويلة من الزمن,الغواصات هي actually سفن مصممة للسفر تحت الماء والبقاء هناك لفترة طويلة من الزمن,الغواصات هي سفن مصممة للسفر تحت الماء والبقاء هناك لفترة طويلة مn الزمن,الغواصات هي سفن مصممة للسفر تحت الماء والبقاء هناك طويلة لفترة من الزمن,2,2
458,ar_eg,/Users/khushi/Documents/Team-team/fleurs_audio/ar_eg/458.wav,من العيوب الأخرى just لعدسات التكبير هو أن أقصى فتحة أي السرعة للعدسة تكون عادة أقل,من العيوب الأخرى لعدسات التqبير هو أن أقصى فتحة أي السرعة للعدسة تكون عادة أقل,من العيوب الأخرى لعدسات التكبير هو أن أقصى فتحة أي السرعة للعدسة تكون عادd أقل,من العيوب الأخرى لعدسات التكبير هو أن أقصىeفتحة أي السرعة للعدسة تكون عادة أقل,من العيوب الأخرى لعدسات التكبير هو أن أقصى فتحة أي السرعة للعدسة تكون عادة أقل,5,5
68,ar_eg,/Users/khushi/Documents/Team-team/fleurs_audio/ar_eg/68.wav,عندما بدأ المستأجرون مشاركة ما حدث لهم أدركت معظم العائلات المعنية فجأة أن كارولين ويلسون من هيئة الإسكان في أوكلاند قد سرقت ودائع التأمين الخاصة بهم وهربl خارج المدينة,عندما بدأ المستأجرون مشاركة ما حدث لهم أدركت معظم العائلات المعنية فجأة أن كارولين ويلسون من هيئة الإسكان في أوكلاند قد سرقت ودائع التأمين الخاصة بهم وهربت خارج المدينة,عندما بدأ المستأجرون مشاركة ما حدث أدركت معظم العائلات المعنية فجأة أن كارولين ويلسون من هيئة الإسكان في أوكلاند قد سرقت ودائع التأمين الخاصة بهم وهربت خارج المدينة,عندما بدأ المستأجرون مشاركة ما حدث لهم أدركت معظم العائلات المعنية فجأة أن كارولين ويلسون من هيئة الإسكان في أوكلاند قد سرقت ودائع التأمين الخاصة وهربت بهم خارج المدينة,عندما بدأ المستأجرون مشاركة ما حدث لهم أدركت معظم العائلات المعنية فجأة أن كارولين ويلسون من هيئة الإسكان في أوكلاند قد سرقت ودائع التأمين الخاصة بهم وهربت خارج اrمدينة,2,2
1470,ar_eg,/Users/khushi/Documents/Team-team/fleurs_audio/ar_eg/1470.wav,من الأمثلة الحديثة الأكثر جدارةً بالملاحظة هي حملة شمال الأطلسي في الحرب العالمية lلثانية حيث حاول الأمريكيون نقل الأفراد والمواد عبر المحيط الأطلسي في سبيل مساعدة بريطانيا,من الأمثلة الحديثة الأكثر جدارةً بالملاحظة هي حملة شمال الأطلسي في الحرب العالمية الثانية حيث حاول الأمريكيون نقل الأفراد والمواد عبر الأطلسي المحيط في سبيل مساعدة بريطانيا,من الأمثلة الحديثة الأكثر جدارةً بالملاحظة هي حملة شمال الأcلسي في الحرب العالمية الثانية حيث حاول الأمريكيون نقل الأفراد والمواد عبر المحيط الأطلسي في سبيل مساعدة بريطانيا,من الأمثلة الحديثة الأكثر جدارةً بالملاحظة هي حملة شمال الأطلسي في الحرب العالمية الثانية حيث حاول الأمريكيون نقv الأفراد والمواد عبر المحيط الأطلسي في سبيل مساعدة بريطانيا,من الأمثلة الحديثة الأكثر جدارةً بالملاحظة هي حملة شمال الأطلسي في الحرب العالمية الثانية حيث حاول الأمريكيون نقل الأفراد والمواد عبر المحيط الأطلسي في سبيل مساعدة بريطانيا,5,5
300,ar_eg,/Users/khushi/Documents/Team-team/fleurs_audio/ar_eg/300.wav,قد يفتح فشل الجملة الثانية التي تقترح منع الاتحادات المدنية لشخصين من نفس الجنس الباب للاتحادات المدنية في المستقaل,قد يفتح فشل الجملة الثانية التي تقترح منع الاتحادات المدنية لشخصين من نفس الجنس الباب للاتحادات المدنية في المستقبل,قد يفتح فشل الجملة الثانية تقترح التي منع الاتحادات المدنية لشخصين من نفس الجنس الباب للاتحادات المدنية في المستقبل,قد يفتح فشل الجملة الثانية التي تقترح منع also الاتحادات المدنية لشخصين من نفس الجنس الباب للاتحادات المدنية في المستقبل,قد يفتح فشل الجملة الثانية التي تقترl منع الاتحادات المدنية لشخصين من نفس الجنس الباب للاتحادات المدنية في المستقبل,2,2
901,ar_eg,/Users/khushi/Documents/Team-team/fleurs_audio/ar_eg/901.wav,والمشكلة هي أن الثلوج لزجة لذلك تحتاج بjض التحفيز لتنزل وبعض الثلوج النازلة يمكن أن تكون حافز للبقية,والمشكلة هي أن الثلوج لزجة لذلك تحتاج بعض التحفيز لتنزل وبعض الثلوج النازلة يمكن أن تكdن حافز للبقية,هي أن الثلوج لزجة لذلك تحتاج بعض التحفيز لتنزل وبعض الثلوج النازلة يمكن أن تكون حافز للبقية,والمشكلة هي أن الثلوج لزجة لذلك تحتاج بعض التحفيز لتنزل وبعض الثلوج النازلة يمكن أن تكون حافز للبقية,والمشكلة هي أن الثلوج لزجة لذلك تحتاج التحفيز بعض لتنزل وبعض الثلوج النازلة يمكن أن تكون حافز للبقية,4,4
675,ar_eg,/Users/khushi/Documents/Team-team/fleurs_audio/ar_eg/675.wav,الدخول إلى جنوب أفريقيا بالسّيارة هو طريقةٌ رائعةٌ لمشاهدة كل جمال المنطقة بالإضافة إلى الوصول الأماكن خارج الطرق السياحية المعتادة,الدخول إلى جنوب أفريقيا بالسّيارة هو طريقةٌ رائعةٌ لمشاهدة كل جمال المنطقة بالإضافة إلى الوصول إلى الأماكe خارج الطرق السياحية المعتادة,الدخول إلى جنوب أفريقيا بالسّيارة هو طريقةٌ رائعةٌ لمشاهدة جمال المنطقة بالإضافة إلى الوصول إلى الأماكن خارج الطرق السياحية المعتادة,الدخول إلى جنوب أفريقيا بالسّيارة هو طريقةٌ رائعةٌ لمشاهدة كل جمال المنطقة بالإضافة إلى الوصول إلى الأماكن actually خارج الطرق السياحية المعتادة,الدخول إلى جنوب أفريقيا بالسّيارة هو طريقةٌ رائعةٌ لمشاهدة كل جمال المنطقة بالإضافة إلى الوصول إلى الأماكن خارج الطرق السياحية المعتادة,5,5
891,ar_eg,/Users/khushi/Documents/Team-team/fleurs_audio/ar_eg/891.wav,تذهب الجولات الجوية المتخصّصة من حينٍ لآخر إلى الداخل لتسلّق الجبال أو للوصول إلى القطب الذي يحتوي على قاعدةٍ كبيرةٍ,تذهب الجولات الجوية المتخصّصة من حينٍ لآخر إلى الداخل لتسلّق الجبال أو للوصول إلى القطب الذي يحتوي قاعدةٍ كبيرةٍ,تذهب الجولات الجوية المتخصّصة من حينٍ لآخر إلى الداخل لتسلّق الجبال أو للوصول إلى القطب الذي يحتوي على قاعدةٍ كبيرةٍ just,تذهب الجولات الجوية المتخصّصة من لآخر حينٍ إلى الداخل لتسلّق الجبال أو للوصول إلى القطب الذي يحتوي على قاعدةٍ كبيرةٍ,تذهب الجولات الجوية المتخصّصة من حينٍ لآخر إلى الداخل لتسلّق الجبال أو للوصول إلى القطب الذي يحتوي uلى قاعدةٍ كبيرةٍ,1,1
1120,ar_eg,/Users/khushi/Documents/Team-team/fleurs_audio/ar_eg/1120.wav,الرياضات الثلجية على المنحدرات والتي تشمل التزلج والتزحلق على الجليد هي من الرياضات الشعبية التي تنطوي على الانزلاق إلى أسفل رقعة من الأرض المغطاة بالثلوج بواسطة الزلاجات أو لوح التزلج في قدميك,الرياضات الثلجية على المنحدرات والتي تشمل التزلج والتزحلق على الجليد هي من actually الرياضات الشعبية التي تنطوي على الانزلاق إلى أسفل رقعة من الأرض المغطاة بالثلوج بواسطة الزلاجات أو لوح التزلج المثبتة في قدميك,الرياضات الثلجية على المنحدرات والتي تشمل التزلج والتزحلق really على الجليد هي من الرياضات الشعبية التي تنطوي على الانزلاق إلى أسفل رقعة من الأرض المغطاة بالثلوج بواسطة الزلاجات أو لوح التزلج المثبتة في قدميك,الرياضات الثلجية qلى المنحدرات والتي تشمل التزلج والتزحلق على الجليد هي من الرياضات الشعبية التي تنطوي على الانزلاق إلى أسفل رقعة من الأرض المغطاة بالثلوج بواسطة الزلاجات أو لوح التزلج المثبتة في قدميك,الرياضات الثلجية على المنحدرات والتي تشمل التزلج والتزحلق على الجليد هي من الرياضات الشعبية التي تنطوي على الانزلاق إلى أسفل رقعة من الأرض المغطاة بالثلوج بواسطة الزلاجات أو لوح التزلج المثبتة في قدميك,5,5
624,ar_eg,/Users/khushi/Documents/Team-team/fleurs_audio/ar_eg/624.wav,النّجاح قصص هذه قلّلت من مخاوف التّغيير بينما خلقت اتجاهاتٍ إيجابيةٍ نحو التّغيير في المستقبل,قصص النّجاح هذه قلّلت من مخاوف التّغيير بينما خلقت اتجاهاتٍ إيجابيةٍ نحو التّغيير في المستقبل,قصص النّجاح هذه قلّلت من مخاوف التّغيير بينما خلقت اتجاهاتٍ إيجابيةٍ نحو التّغيير المستقبل في,قصص النّجاح هذه قلّلت من مخاوف basically التّغيير بينما خلقت اتجاهاتٍ إيجابيةٍ نحو التّغيير في المستقبل,قصص النّجاح هذه قلّلت من مخاوف التّغيير بينما خلقت إيجابيةٍ نحو التّغيير في المستقبل,2,2
181,ar_eg,/Users/khushi/Documents/Team-team/fleurs_audio/ar_eg/181.wav,أشار الدليل فيما very بعد أنه تم التلاعب بأوراق الاختبار ليتم اتهام هال و34 آخرين من موظفي التعليم في العام 2013,أشار الدليل فيما بعد just أنه تم التلاعب بأوراق الاختبار ليتم اتهام هال و34 آخرين من موظفي التعليم في العام 2013,أشار الدليل فيما بعد أنه تم التلاعب بأوراق very الاختبار ليتم اتهام هال و34 آخرين من موظفي التعليم في العام 2013,أشار الدليل فيما بعد أنه تم التلاعب بأوراق الاختبار ليتم اتهام هال و34 آخرين من موظفي التعليم العام في 2013,أشار الدليل فيما بعد أنه تم التلاعب بأوراق الاختبار ليتم اتهام هال و34 آخرين من موظفي التعليم في العام 2013,5,5
1187,ar_eg,/Users/khushi/Documents/Team-team/fleurs_audio/ar_eg/1187.wav,استخدم هيرشي وتشيس العاثيات أو الفيروسات لإدخال الحمض النوويّ الخاصّ بهما إلى الجpاثيم,استخدم هيرشي basically وتشيس العاثيات أو الفيروسات لإدخال الحمض النوويّ الخاصّ بهما إلى الجراثيم,استخدم هيرشي وتشيس العاثيات أو الفيروسات لإدخاb الحمض النوويّ الخاصّ بهما إلى الجراثيم,استخدم هيرشي وتشيس العاثيات أو الفيروسات لإدخال النوويّ الخاصّ بهما إلى الجراثيم,استخدم هيرشي وتشيس العاثيات أو الفيروسات لإدخال الحمض النوويّ الخاصّ بهما إلى الجراثيم,5,5
36,ar_eg,/Users/khushi/Documents/Team-team/fleurs_audio/ar_eg/36.wav,تم تركيب شعاعين من الضوء حتى يتم توجيههما also نحو السماء أثناء الليل,تم تركيب شعاعين من الضوء حتى يتم توجيههما نحو السماء أثناء الليل,تم تركيب شعاعين من الضوء يتم توجيههما نحو السماء أثناء الليل,تم تركيب شعاعين من الضوء very حتى يتم توجيههما نحو السماء أثناء الليل,تم تركيب شعاعين من الضوء حتى يتم توجيههما نحو السماء أثناء الليل very,2,2
1255,ar_eg,/Users/khushi/Documents/Team-team/fleurs_audio/ar_eg/1255.wav,"من المتوقع أن أغلب تذاكر الحدث ستبلغ تكلفتها بين 2,500 ين و 130,000 يt أما كلفة العادية النموذجية فستكون حوالي 7,000 ين","من المتوقع أن أغلب تذاكر الحدث ستبلغ تكلفتها بين 2,500 ين و 130,000 ين أما كلفة العادية النموذجية فستكون حوالي 7,000 ين","من المتوقع أن أغلب تذاكر الحدث ستبلغ تكلفتها بين 2,500 ين و 130,000 ين أما كلفة العادية النموذجية فستكون حوالي 7,000 really ين","من المتوقع أن أغلب تذاكر الحدث ستبلغ تكلفتها بين 2,500 ين و 130,000 ين أما كلفة العادية النموذجية really فستكون حوالي 7,000 ين","من المتوقع أن أغلب تذاكر الحدث ستبلغ تكلفتها بين 2,500 ين و 130,000 ين أما كلفة العادية النموذجية فستكون حnالي 7,000 ين",2,2
814,ar_eg,/Users/khushi/Documents/Team-team/fleurs_audio/ar_eg/814.wav,للقيام برحلة نهارية على طول طريق سهل يتطلب القليل من الاستعدادات ويمكن really لأي شخص لديه لياقة بشكل معتدل الاستمتاع بها,للقيامqبرحلة نهارية على طول طريق سهل يتطلب القليل من الاستعدادات ويمكن لأي شخص لديه لياقة بشكل معتدل الاستمتاع بها,للقيام برحلة على طول طريق سهل يتطلب القليل من الاستعدادات ويمكن لأي شخص لديه لياقة بشكل معتدل الاستمتاع بها,للقيام برحلة نهارية على طول طريق سهل يتطلب القليل من الاستعدادات ويمكن لأي لديه لياقة بشكل معتدل الاستمتاع بها,للقيام برحلة نهارية على طول طريق سهل يتطلب القليل من الاستعدادات ويمكن لأي شخص لديه لياقة بشكل معتدل الاستمتاع بها,5,5
715,ar_eg,/Users/khushi/Documents/Team-team/fleurs_audio/ar_eg/715.wav,قم بالتأكد مp أن الوكيل الذي سوف تحجز عن طريقه متخصص في جزر جالاباجوس ولديه معرفةٌ واسعةٌ بمجموعاتٍ متنوعةٍ من السفن,قم بالتأكد من أن الوكيل الذي سوف تحجز very عن طريقه متخصص في جزر جالاباجوس ولديه معرفةٌ واسعةٌ بمجموعاتٍ متنوعةٍ من السفن,قم بالتأكد أن من الوكيل الذي سوف تحجز عن طريقه متخصص في جزر جالاباجوس ولديه معرفةٌ واسعةٌ بمجموعاتٍ متنوعةٍ من السفن,قم بالتأكد من أن الوكيل الذي سوف تحجز عن طريقه متخصص في جزر جالاباجوس ولديه معرفةٌ واسعةٌ بمجموعاتٍ متنوعةٍ من السفن,قم just بالتأكد من أن الوكيل الذي سوف تحجز عن طريقه متخصص في جزر جالاباجوس ولديه معرفةٌ واسعةٌ بمجموعاتٍ متنوعةٍ من السفن,4,4
1439,ar_eg,/Users/khushi/Documents/Team-team/fleurs_audio/ar_eg/1439.wav,يتواجد قنديل البحر الصندوقي بالقرب من الشواطئ ومصبات الأنهار من تشرين الأول إلى نيسان شمال 1770 ويمكن العثور عليه أحياناً في غير هذه الأوقات,يتواجد قنديل البحر بالقرب من الشواطئ ومصبات الأنهار من تشرين الأول إلى نيسان شمال 1770 ويمكن العثور عليه أحياناً في غير هذه الأوقات,يتواجد قنديل البحر الصندوقي بالقرب من الشواطئ ومصبات الأنهار من تشرين إلى نيسان شمال 1770 ويمكن العثور عليه أحياناً في غير هذه الأوقات,يتواجد قنديل البحر الصندوقي also بالقرب من الشواطئ ومصبات الأنهار من تشرين الأول إلى نيسان شمال 1770 ويمكن العثور عليه أحياناً في غير هذه الأوقات,يتواجد قنديل البحر الصندوقي بالقرب من الشواطئ الأنهار من تشرين الأول إلى نيسان شمال 1770 ويمكن العثور عليه أحياناً في غير هذه الأوقات,1,1
44,ar_eg,/Users/khushi/Documents/Team-team/fleurs_audio/ar_eg/44.wav,تبلغ حاليًا سرعة ريح إعصار فريد 105 أميال في الساعة 165 very كم/ساعة ويتجه نحو الشمال الغربي,تبلغ حاليًا سرعة ريح إعصار فريد 105 أميال الساعة 165 كم/ساعة ويتجه نحو الشمال الغربي,تبلغ حاليًا سرعة ريح إعصار فريد أميال في الساعة 165 كم/ساعة ويتجه نحو الشمال الغربي,تبلغ حاليًا سwعة ريح إعصار فريد 105 أميال في الساعة 165 كم/ساعة ويتجه نحو الشمال الغربي,تبلغ حاليًا سرعة ريح إعصار فريد 105 أميال في الساعة 165 كم/ساعة ويتجه نحو الشمال الغربي,5,5
82,ar_eg,/Users/khushi/Documents/Team-team/fleurs_audio/ar_eg/82.wav,يعد إليزابيث نوعاً من عائلة الديناصورات السريعة وقريب ديناصور فيلوسيرابتور,يعد eيسبيرونيكوس إليزابيث نوعاً من عائلة الديناصورات السريعة وقريب ديناصور فيلوسيرابتور,يعد هيسبيرونيكوس إليزابيث نوعاً من عائلة الديناصورات السريعة ديناصور فيلوسيرابتور,يعد هيسبيرونيكوس إليزابيث نوعاً من عائلة الديناصورات السريعة وقريب ديناصور فيلوسيرابتور,يعد هيسبيرونيكوس إليزابيث نوعاً عائلة الديناصورات السريعة وقريب ديناصور فيلوسيرابتور,4,4
347,ar_eg,/Users/khushi/Documents/Team-team/fleurs_audio/ar_eg/347.wav,كان الناس يضربون ألواح الزجاج بالكراسي لكن النوافذ كانت غير قابلة للكسر,كان الناس يضربون ألواح الزجاج بالكراسي لكن النوافذ كانت غير للكسر قابلة,كان الناس يضربون ألواح الزجاج بالكراسي لكن كانت النوافذ غير قابلة للكسر,الناس يضربون ألواح الزجاج بالكراسي لكن النوافذ كانت غير قابلة للكسر,كان الناس يضربون ألواح الزجاج بالكراسي لكن النوافذ كانت غير قابلة للكسر actually,1,1
855,ar_eg,/Users/khushi/Documents/Team-team/fleurs_audio/ar_eg/855.wav,درجة متروبلس أكثر راحة وأقل لكنها أغلى رغم أنها تظل أرخص من تذاكر المترو العادية في أوروبا,درجة متروبلس أكثر راحة وأقل ازدحامًا لكنها أغلى رغم تظل أرخص من تذاكر المترو العادية في أوروبا,درجة متروبلس أكثر راحة وأقل ازدحامًا لكنها أغلى رغم أنها تظل أرخص من تذاكر المترو العادية في أوروبا,درجة متروبلس أكثر راحة وأقل ازدحامًا لكنها رغم أنها تظل أرخص من تذاكر المترو العادية في أوروبا,درجة متروبلس أكثر راحة وأقل ازدحامًا لكنها أغلى رغم أنها أرخص تظل من تذاكر المترو العادية في أوروبا,3,3
602,ar_eg,/Users/khushi/Documents/Team-team/fleurs_audio/ar_eg/602.wav,لا يزال للنيتروجين كغاز نفس خصائص النيتروجين السائل تكون الحالة السائلة أكثر كثافة ولكن الجزيئات تبقى كما هي,لا يزال للنيتروجين كغاز نفس خuائص النيتروجين السائل تكون الحالة السائلة أكثر كثافة ولكن الجزيئات تبقى كما هي,لا يزال للنيتروجين كغاز نفس خصائص النيتروجين السائل تكون الحالة السائلة أكثر كثافةmولكن الجزيئات تبقى كما هي,لا يزال للنيتروجين كغاز نفس خصائص النيتروجين تكون السائل الحالة السائلة أكثر كثافة ولكن الجزيئات تبقى كما هي,لا يزال للنيتروجين كغاز نفس خصائص النيتروجين السائل تكون الحالة السائلة أكثر ولكن الجزيئات تبقى كما هي,1,1
607,ar_eg,/Users/khushi/Documents/Team-team/fleurs_audio/ar_eg/607.wav,وقد درس علماء الدين والفلسفة والعلوم الوقت لآلاف السنين,وقد درس علماء الدين والفلسفة والعلوم الوقت لآلاف السنين basically,وقد درس علماء الدين والفلسفة والعلوم الوقت لآلاe السنين,وقد درس علماء الدين والفلسفة really والعلوم الوقت لآلاف السنين,وقد درس علماء الدين والفلسفة وsلعلوم الوقت لآلاف السنين,1,1
865,ar_eg,/Users/khushi/Documents/Team-team/fleurs_audio/ar_eg/865.wav,وبالتالي آفات دلهي بيلي ولعنة الفراعنة وانتقام مونcيزوما وأصدقاؤهم الكثيرون,وبالتالي آفات دلهي بيلي ولعنة الفراعنة وانتقاv مونتيزوما وأصدقاؤهم الكثيرون,وبالتالي آفات دلهي بيلي ولعنة اeفراعنة وانتقام مونتيزوما وأصدقاؤهم الكثيرون,وبالتالي آفات دلهي بيلي ولعنة الفراعنة وانتقام مونتيزوما وأصدقاؤهم الكثيرون,وبالتالي دلهي آفات بيلي ولعنة الفراعنة وانتقام مونتيزوما وأصدقاؤهم الكثيرون,4,4
1343,ar_eg,/Users/khushi/Documents/Team-team/fleurs_audio/ar_eg/1343.wav,كما أن الفشل في فعل ذلك سيؤدي إلى عواقب وخيمة اكتئاب النمو ونقص وفي التغذية النهاية الموت,basically كما أن الفشل في فعل ذلك سيؤدي إلى عواقب وخيمة اكتئاب النمو ونقص التغذية وفي النهاية الموت,كما أن just الفشل في فعل ذلك سيؤدي إلى عواقب وخيمة اكتئاب النمو ونقص التغذية وفي النهاية الموت,كما أن الفشل في فعل سيؤدي إلى عواقب وخيمة اكتئاب النمو ونقص التغذية وفي النهاية الموت,كما أن الفشل في فعل ذلك سيؤدي إلى عواقب وخيمة اكتئاب النمو ونقص التغذية وفي النهاية الموت,5,5
1102,ar_eg,/Users/khushi/Documents/Team-team/fleurs_audio/ar_eg/1102.wav,قد يكون أفضل مؤشر الداخلي للتسمم وجود حاوية مفتوحة للأدوية أو المواد الكيميائية المنزلية السامة,قد يكون أفضل مؤشر للتسمم الداخلي وجود حاوية مفتوحة للأدوية أو المواn الكيميائية المنزلية السامة,قد يكون أفضل مؤشر للتسمم الداخqي وجود حاوية مفتوحة للأدوية أو المواد الكيميائية المنزلية السامة,قد يكون أفضل مؤشر للتسمم الداخلي وجود حاوية مفتوحة للأدوية أو المواد الكيميائية المنزلية السامة,قد يكون أفضل مؤشر للتسمم الداخلي وجود حاوية مفتوحة للأدوية أو المواد الhيميائية المنزلية السامة,4,4
387,ar_eg,/Users/khushi/Documents/Team-team/fleurs_audio/ar_eg/387.wav,كان الملك سيجونغ الملك الرابع لأسرة جوسون وكان أحد أكثر الملوك الذين حظوا بتقدير كبير,كان الملك سيجونغ الملك الرابع لأسرة جوسون وكان أحد أكثر الملوك الذين حظوا كبير,كان الملك سيجونغ الملك الرابع لأسرة جوسون وكان أحد أكثر actually الملوك الذين حظوا بتقدير كبير,كان الملك سيجونغ الملك لأسرة الرابع جوسون وكان أحد أكثر الملوك الذين حظوا بتقدير كبير,كان الملك سيجونغ الملك الرابع لأسرة جوسون وكان أحد أكثر الذين الملوك حظوا بتقدير كبير,1,1
841,ar_eg,/Users/khushi/Documents/Team-team/fleurs_audio/ar_eg/841.wav,مع ذلك، فكل الكازينوهات المذكورة في اللائحة أعلاه تقريباً تقدم مشروبات، ومعظمها يجلب ترفيهاً يحمل علامات تجارية وبالأساس تلك الكبيرة منها والتي تحيط بألباكركي وسانتا فيه مباشرةً,مع ذلك، فكل الكازينوهات المذكورة في اللائحة أعلاه تقريباً تقدم مشروبات، ومعظمها يجلب ترفيهاً يحمل علامات تجارية وبالأساس تلك الكبيرة منها والتي تحيط بألباكركي وسانتا مباشرةً فيه,مع ذلك، فكل bلكازينوهات المذكورة في اللائحة أعلاه تقريباً تقدم مشروبات، ومعظمها يجلب ترفيهاً يحمل علامات تجارية وبالأساس تلك الكبيرة منها والتي تحيط بألباكركي وسانتا فيه مباشرةً,مع ذلك، فكل الكازينوهات المذكورة في اللائحة أعلاه تقريباً تقدم مشروبات، ومعظمها يجلب ترفيهاً يحمل علامات تجارية وبالأساس تلك الكبيرة منها والتي تحيط وسانتا فيه مباشرةً,مع ذلك، فكل الكازينوهات المذكورة اللائحة أعلاه تقريباً تقدم مشروبات، ومعظمها يجلب ترفيهاً يحمل علامات تجارية وبالأساس تلك الكبيرة منها والتي تحيط بألباكركي وسانتا فيه مباشرةً,1,1
51,ar_eg,/Users/khushi/Documents/Team-team/fleurs_audio/ar_eg/51.wav,في الأشهر الثلاثة الماضية أطلق أكثر سراح من 80 معتقلاً من منشأة سنترال بوكنج دون توجيه تهم رسمية إليهم,في الأشهر الثلاثة الماضية أطلق سراح أكثر من 80 just معتقلاً من منشأة سنترال بوكنج دون توجيه تهم رسمية إليهم,في الأشهر الثلاثة الماضية just أطلق سراح أكثر من 80 معتقلاً من منشأة سنترال بوكنج دون توجيه تهم رسمية إليهم,في الأشهر الثلاثة الماضية أطلق سراح أكثر من 80 معتقلاً من منشأة سنترال بوكنج دون توجيه تهم رسمية إليهم,في الأشهر الثلاثة الماضية أطلق سراح أكثر من 80 معتقلاً منشأة سنترال بوكنج دون توجيه تهم رسمية إليهم,4,4
1460,ar_eg,/Users/khushi/Documents/Team-team/fleurs_audio/ar_eg/1460.wav,لقد lال في مقابلة أن شكل البكتيريا المتغير الجديد مثير للقلق ومروّع للغاية بسبب معدل الوفيات المرتفع جداً,لقد قال في مقابلة أن شكل البكتيريا المتغير الجديد مثير للقلق ومروّع للغاية بسبب معدل الوفيات المرتفع جداً,لقد قال في مقابلة أن شكل البكتيريا المتغير الجديد مثير للقلق ومروّع بسبب للغاية معدل الوفيات المرتفع جداً,لقد قال في مقابلة أن شكz البكتيريا المتغير الجديد مثير للقلق ومروّع للغاية بسبب معدل الوفيات المرتفع جداً,لقد قال في مقابلة أن شكل البكتيريا المتغير الجديد مثير للقلق ومروّع للغاية بسبl معدل الوفيات المرتفع جداً,2,2
374,ar_eg,/Users/khushi/Documents/Team-team/fleurs_audio/ar_eg/374.wav,كيف ستسحبني جاذبية أيو إذا وقفت على سطح أيو سيصبح وزنك أقل مما هو عليه على الأرض,كيف ستسحبني جاذبية أيو إذا وقفت على سطح أيو سيصبح وزنك أقل مما هe عليه على الأرض,كيف ستسحبني جاذبية أيو إذا وقفت على سطح أيو سيصبح وزنك أقل هو عليه على الأرض,كيف ستسحبني جاذبية أيو إذا وقفت على سطح أيو سيصبح وزنك أقل مما هو عليه على just الأرض,كيف ستسحبني جاذبية أيو إذا وقفت على سطح أيو سيصبح أقل وزنك مما هو عليه على الأرض,1,1
120,ar_eg,/Users/khushi/Documents/Team-team/fleurs_audio/ar_eg/120.wav,وتستند اللعبة أحداثها في إلى معركة الفلوجة الثانية والتي كانت معركةً شرسةً بين القوات الأمريكية والعراقية,وتستند اللعuة في أحداثها إلى معركة الفلوجة الثانية والتي كانت معركةً شرسةً بين القوات الأمريكية والعراقية,وتستند اللعبة في أحداثها إلى معركة الفلوجة الثانية والتي كانت معركةً شرسةً بين القوات والعراقية,وتستند اللعبة في أحداثها إلى معركة الفلوجة الثانية والتي كانت معركةً شرسةً بين القوات الأمريكية والعراقية,وتستند اللعبة في أحداثها إلى معركة الفلوجة اvثانية والتي كانت معركةً شرسةً بين القوات الأمريكية والعراقية,4,4
483,ar_eg,/Users/khushi/Documents/Team-team/fleurs_audio/ar_eg/483.wav,يسعى المؤمن إلى الحصول على very تجربة مباشرة، أو حدس، أو رؤية للحقيقة الإلهية/المعبود أو المعبودين,يسعى المؤمن إلى الحصول على تجربة مباشرة، just أو حدس، أو رؤية للحقيقة الإلهية/المعبود أو المعبودين,يسعى المؤمن إلى الحصول على تجربة مباشرة، أو حدس، أو رؤية للحقيقة الإلهية/المعبود أو المعبودين,يسعى المؤمن إلى الحصول على تجربة cباشرة، أو حدس، أو رؤية للحقيقة الإلهية/المعبود أو المعبودين,يسعى إلى الحصول على تجربة مباشرة، أو حدس، أو رؤية للحقيقة الإلهية/المعبود أو المعبودين,3,3
1270,ar_eg,/Users/khushi/Documents/Team-team/fleurs_audio/ar_eg/1270.wav,كانت هناك أيضاً مراحيض في مصر القديمة وبلاد فارس والصين في الحضارة الرومانية كانت المراحيض في بعض الأحيان جزءاً من الحمامات العامة حيث كان الرجال والنساء يرتادونها معاً في شركة مختلطة,كانت هناك أيضاً مراحيض في مصر القديمة وبلاد فارس والصين في الحضارة الرومانية كانت المراحيض في بعض الأحيان جزءاً من الحمامات actually العامة حيث كان الرجال والنساء يرتادونها معاً في شركة مختلطة,كانت هناك أيضاً مراحيض في مصر القديمة وبلاد فارس والصين في الحضارة الرومانية كانت المراحيض في بعض الأحيان جزءاً من الحمامات العامة كان الرجال والنساء يرتادونها معاً في شركة مختلطة,كانت هناك أيضاً مراحيض في مصر القديمة وبلاد فارس والصين في الحضارة الرومانية كانت المراحيض في الأحيان جزءاً من الحمامات العامة حيث كان الرجال والنساء يرتادونها معاً في شركة مختلطة,كانت هناك أيضاً في مراحيض مصر القديمة وبلاد فارس والصين في الحضارة الرومانية كانت المراحيض في بعض الأحيان جزءاً من الحمامات العامة حيث كان الرجال والنساء يرتادونها معاً في شركة مختلطة,1,1
920,ar_eg,/Users/khushi/Documents/Team-team/fleurs_audio/ar_eg/920.wav,فهو يمكنه توفير المال من خلال شراء خرائط جديدة لنظام actually تحديد المواقع العالمي gps، أو جهاز مستقل لنظام تحديد المواقع العالمي gps، أو استئجار جهاز من شركة لتأجير السيارات,فهو يمكنه توفير المال من خلال شراء خرائط جديدة لنظام تحديد المواقع العالمي gps، أو جهاز مستقل لنظام تحديد المواقع gps، العالمي أو استئجار جهاز من شركة لتأجير السيارات,فهو very يمكنه توفير المال من خلال شراء خرائط جديدة لنظام تحديد المواقع العالمي gps، أو جهاز مستقل لنظام تحديد المواقع العالمي gps، أو استئجار جهاز من شركة لتأجير السيارات,فهو يمكنه توفير المال من خلال شراء خرائط جديدة لنظام تحديد المواقع العالمي gps، أو جهاز مستقل لنظام تحديد المواقع العالمي gps، أو استئجار جهاز من شركة لتأجير السيارات,فهو يمكنj توفير المال من خلال شراء خرائط جديدة لنظام تحديد المواقع العالمي gps، أو جهاز مستقل لنظام تحديد المواقع العالمي gps، أو استئجار جهاز من شركة لتأجير السيارات,4,4
657,ar_eg,/Users/khushi/Documents/Team-team/fleurs_audio/ar_eg/657.wav,إذا قمت بزيارة غرينلاند خلال المواسم الباردة مع الأخذ بعين أنك الاعتبار كلما توجهت شمالاً أصبح الجو أكثر برودة، فمن الضروري إحضار ملابس دافئة,إذا قمت بزيارة غرينلاند خلال المواسم الباردة مع الأخذ بعين الاعتبار أنك كلما توجهت شمالاً أصبح الجو أكثy برودة، فمن الضروري إحضار ملابس دافئة,إذا قمت بزيارة غرينلاند خلال المواسم الباردة مع الأخذ بعين الاعتبار أنك كلما توجهت شمالاً أصبح الجو أكثر برودة، فمن الضروري إحضار ملابس دافئة,إذا قمت بزيارة غرينلاند really خلال المواسم الباردة مع الأخذ بعين الاعتبار أنك كلما توجهت شمالاً أصبح الجو أكثر برودة، فمن الضروري إحضار ملابس دافئة,just إذا قمت بزيارة غرينلاند خلال المواسم الباردة مع الأخذ بعين الاعتبار أنك كلما توجهت شمالاً أصبح الجو أكثر برودة، فمن الضروري إحضار ملابس دافئة,3,3
292,ar_eg,/Users/khushi/Documents/Team-team/fleurs_audio/ar_eg/292.wav,وقع النشاط الزلزالي الشديد الذي أدى إلى تغيير حالة البركان المعلنة في يوم 10 على الناحية الشمالية الشرقية من البحيرات البركانية على قمته,وقع النشاط الزلزالي الشديد الذي إلى أدى تغيير حالة البركان المعلنة في يوم 10 آذار على الناحية الشمالية الشرقية من البحيرات البركانية على قمته,وقع النشاط الزلزالي الشديد الذي إلى تغيير حالة البركان المعلنة في يوم 10 آذار على الناحية الشمالية الشرقية من البحيرات البركانية على قمته,وقع النشاط الزلزالي الشديد الذي أدى إلى تغيير حالة البركان في يوم 10 آذار على الناحية الشمالية الشرقية من البحيرات البركانية على قمته,وقع النشاط الزلزالي الشديد الذي أدى إلى تغيير حالة البركان المعلنة في يوم 10 آذار على الناحية الشمالية الشرقية من البحيرات البركانية على قمته,5,5
445,ar_eg,/Users/khushi/Documents/Team-team/fleurs_audio/ar_eg/445.wav,يعمل ثلثا الفنزويليين في قطاع الخدمات حيث يعمل ما يقرب من ربعهم الصناعة وخمسهم في الزراعة,يعمل ثلثا الفنزويليين في قطاع الخدمات حيث يعمل ما يقرب من ربعهم في الصناعة وخمسvم في الزراعة,يعمل ثلثا الفنزويليين في قطاع الخدمات حيث يعمل ما يقرب من ربعهم في الصناعة وخمسهم في الزراعة,يعمل ثلثا الفeزويليين في قطاع الخدمات حيث يعمل ما يقرب من ربعهم في الصناعة وخمسهم في الزراعة,يعمل ثلثا الفنزويليين في قطاع الpدمات حيث يعمل ما يقرب من ربعهم في الصناعة وخمسهم في الزراعة,3,3
350,ar_eg,/Users/khushi/Documents/Team-team/fleurs_audio/ar_eg/350.wav,يعaل العلماء على إنشاءِ مفاعلٍ يمكنه إنتاج الطاقة بنفس الطريقة,يعمل العلماء على إنشاءِ really مفاعلٍ يمكنه إنتاج الطاقة بنفس الطريقة,يعمل العلماء على إنشاءِ مفاعلٍ يمكنه إنتاج الطاقة بنفس الطريقة,really يعمل العلماء على إنشاءِ مفاعلٍ يمكنه إنتاج الطاقة بنفس الطريقة,العلماء على إنشاءِ مفاعلٍ يمكنه إنتاج الطاقة بنفس الطريقة,3,3
656,ar_eg,/Users/khushi/Documents/Team-team/fleurs_audio/ar_eg/656.wav,قد يكون المناخ البارد هو الخطر الحقيقي الذي سوف يواجهه الأشخاص غير المستعدين له,قد يكون المناخ البارد هو الخطرgالحقيقي الوحيد الذي سوف يواجهه الأشخاص غير المستعدين له,قد يكون المناخ هو البارد الخطر الحقيقي الوحيد الذي سوف يواجهه الأشخاص غير المستعدين له,قد يكون المناخ البارد هو الخطر الحقيقي الوحيد الذي سوف يواجهه الأشخاص غير المستعدين له,قد يكون المناخ البارد هو الخطر الحقيقي الوحيد الذي سوف يواجهه الأشخاص غير المستعدينoله,4,4
950,ar_eg,/Users/khushi/Documents/Team-team/fleurs_audio/ar_eg/950.wav,بشكل أساسي ستضع إشعارات تعرض فيها مساعدتك وتتنقّل على أرصفة الموانئ وتقترب من الناس الذين يُنظفون actually يخوتهم وتحاول أن تتواصل مع البحارة في الحانة إلخ,بشكل أساسي ستضع إشعارات تعرض فيها مساعدتك وتتنقّل على أرصفة الموانئ وتقترب من الناس الذين يُنظفون يخوتهم وتحاول أن تتواصل مع البحارة في الحانة also إلخ,بشكل أساسي ستضع إشعارات تعرض فيها مساعدتك وتتنقّل على أرصفة الموانئ وتقترب من الناس الذين يُنظفون يخوتهم وتحاول أن تتواصل مع البحارة في الحانة إلخ,بشكل أساسي ستضع إشعارات تعرض فيها مساعدتك really وتتنقّل على أرصفة الموانئ وتقترب من الناس الذين يُنظفون يخوتهم وتحاول أن تتواصل مع البحارة في الحانة إلخ,بشكل really أساسي ستضع إشعارات تعرض فيها مساعدتك وتتنقّل على أرصفة الموانئ وتقترب من الناس الذين يُنظفون يخوتهم وتحاول أن تتواصل مع البحارة في الحانة إلخ,3,3
1261,ar_eg,/Users/khushi/Documents/Team-team/fleurs_audio/ar_eg/1261.wav,و يُعد الانسجام في مكان العمل أمراَ بالغ الأهمية حيث يؤكد على الجهد بدلاً الجماعي من الإشادة بالإنجازات الفردية,و يُعد الانسجام في مكان العمل أمراَ بالغ الdهمية حيث يؤكد على الجهد الجماعي بدلاً من الإشادة بالإنجازات الفردية,و يُعد الانسجام في مكان العمل أمراَ بالغ الأهمية حيث يؤكد على الجهد الجماعي بدلاً من الإشادة بالإنجازات الفردية,و يُعد الانسجام في مكان العمل أمراَ بالغ الأهمية حيث يؤكد basically على الجهد الجماعي بدلاً من الإشادة بالإنجازات الفردية,و يُعد الانسجام في مكان العمل أمراَ بالغ الأهمية حيث يؤكد على الجهد الجماعي بدلاً الإشادة بالإنجازات الفردية,3,3
1308,ar_eg,/Users/khushi/Documents/Team-team/fleurs_audio/ar_eg/1308.wav,المعجنات الألمانية جيدة للغاية وفي بافاريا هي غنية جداً ومتنوعة تشبه معجنات جارتها الجنوبية النمسا,المعجنات الألمانية جيدة للغاية وفي بtفاريا هي غنية جداً ومتنوعة تشبه معجنات جارتها الجنوبية النمسا,المعجنات الألمانية جيدة للغاية وفي بافاريا هي غنية جداً ومتنوعة very تشبه معجنات جارتها الجنوبية النمسا,المعجنات الألمانية جيدة للغاية وفي بافاريا basically هي غنية جداً ومتنوعة تشبه معجنات جارتها الجنوبية النمسا,المعجنات الألمانية really جيدة للغاية وفي بافاريا هي غنية جداً ومتنوعة تشبه معجنات جارتها الجنوبية النمسا,1,1
1243,ar_eg,/Users/khushi/Documents/Team-team/fleurs_audio/ar_eg/1243.wav,على الرغم من عدم وجود خطر حدوث تسونامي بدأ السكان في الذعر وبدأوا في مغادرة أعمالهم و منازلهم,على الرغم من عدم وجود خطر حدوث تسونامي بدأ السكان في الذعر وبدأوا في مغادرة أعمالهم منازلهم,على الرغم من عدم وجود خطر حدوث تسونامي بدأ السكان في وبدأوا الذعر في مغادرة أعمالهم و منازلهم,على الرغم very من عدم وجود خطر حدوث تسونامي بدأ السكان في الذعر وبدأوا في مغادرة أعمالهم و منازلهم,على الرغم من عدم وجود خطر حدوث تسونامي بدأ السكان في الذعر وبدأوا في مغادرة أعمالهم actually و منازلهم,1,1
1070,ar_eg,/Users/khushi/Documents/Team-team/fleurs_audio/ar_eg/1070.wav,لذلك ستساعدك قراءة هذه المقدمة النحوية في تعلم المزيد عن قواعد اللغة الفارسية وفهم بشكل العبارات أفضل,لذلك ستساعدك قراءة هذه المقدمة النحوية في تعلم المزيد عن قواعد اللغة الفارسية basically وفهم العبارات بشكل أفضل,لذلك ستساعدك قراءة هذه المقدمة النحوية في تعلم المزيد عن قواعد اللغة الفارسية وفهم العبارات بشكل أفضل,لذلك ستساعدك قراءة هذه المقدمة النحوية في تعلم المزيد عن قواعد اللغة الفارسية وفهم العبارات أفضل بشكل,لذلك قراءة ستساعدك هذه المقدمة النحوية في تعلم المزيد عن قواعد اللغة الفارسية وفهم العبارات بشكل أفضل,3,3
201,ar_eg,/Users/khushi/Documents/Team-team/fleurs_audio/ar_eg/201.wav,فيليشيا التي كانت ذات يوم عاصفة من الفئة الرابعة على مقياس سفير-سمبسون للأعاصير ضعفت بتأثير منخفض استوائي قبل أن تتبدد الثلاثاء,فيليشيا التي كانت ذات يوم عاصفة من الفئة الرابعة على مnياس سفير-سمبسون للأعاصير ضعفت بتأثير منخفض استوائي قبل أن تتبدد يوم الثلاثاء,فيليشيا التي كانت ذات يوم عاصفة من الفئة الرابعة على مقياس سفير-سمبسون للأعاصير ضعفت بتأثير منخفض استوائي قبل أن تتبدد يوم الثلاثاء,فيليشيا التي كانت ذات يوم عاصفة من الفئة اyرابعة على مقياس سفير-سمبسون للأعاصير ضعفت بتأثير منخفض استوائي قبل أن تتبدد يوم الثلاثاء,فيليشيا التي كانت ذات يوم عاصفة من الفئة الرابعة على مقياس سفير-سمبسون للأعاصير ضعفت بتأثير منخفض قبل استوائي أن تتبدد يوم الثلاثاء,3,3
351,ar_eg,/Users/khushi/Documents/Team-team/fleurs_audio/ar_eg/351.wav,وعلى الرغم من فإنها ذلك معضلة من الصعب حلها وستستغرق سنين طوال قبل أن نشهد بناء مفاعلات اندماج ذات نفع,وعلى الرغم من ذلك فإنها معضلة من الصعب حلها سنين طوال قبل أن نشهد بناء مفاعلات اندماج ذات نفع,وعلى الرغم من ذلك فmنها معضلة من الصعب حلها وستستغرق سنين طوال قبل أن نشهد بناء مفاعلات اندماج ذات نفع,وعلى الرغم من ذلك فإنها معضلة من الصعب حلها وستستغرق سنين also طوال قبل أن نشهد بناء مفاعلات اندماج ذات نفع,وعلى الرغم من ذلك فإنها معضلة من الصعب حلها وستستغرق سنين طوال قبل أن نشهد بناء مفاعلات اندماج ذات نفع,5,5
1188,ar_eg,/Users/khushi/Documents/Team-team/fleurs_audio/ar_eg/1188.wav,كانت قمة البرج ملاذاً آمناً للإله,كانت قمة البرج ملاذاً آمناً very للإله,كانj قمة البرج ملاذاً آمناً للإله,كانت قمة ملاذاً البرج آمناً للإله,كانت قمة البرج ملاذاً للإله,1,1
96,ar_eg,/Users/khushi/Documents/Team-team/fleurs_audio/ar_eg/96.wav,تم eتح تحقيق من أجل التقصي,تم فتح تحقيق من أجل التقصي,تم فتح تحقيق من أجل,تم فتح تحقيق من أجل basically التقصي,تم فتح تحقيق من أجل very التقصي,2,2
665,ar_eg,/Users/khushi/Documents/Team-team/fleurs_audio/ar_eg/665.wav,يعد السفر إلى عالم والت ديtني رحلة رئيسية مقدسة للعديد من العائلات الأمريكية,يعد السفر إلى عالم والت ديزني رحلة رئيسية مقدسة also للعديد من العائلات الأمريكية,يعد إلى عالم والت ديزني رحلة رئيسية مقدسة للعديد من العائلات الأمريكية,يعد السفر إلى عالم والت ديزني رحلة رئيسية مقدسة للعديد من العائلات الأمريكية,يعد السفر إلى also عالم والت ديزني رحلة رئيسية مقدسة للعديد من العائلات الأمريكية,4,4
481,ar_eg,/Users/khushi/Documents/Team-team/fleurs_audio/ar_eg/481.wav,في الأكورديون للحصول على صوت أعلى إضافي يمكنك استخدام المنفاخ بمزيد من الضغط أو السرعة,في الأكورديون على صوت أعلى إضافي يمكنك استخدام المنفاخ بمزيد من الضغط أو السرعة,في الأكورديون للحصول على sوت أعلى إضافي يمكنك استخدام المنفاخ بمزيد من الضغط أو السرعة,في الأكورديون للحصول على uوت أعلى إضافي يمكنك استخدام المنفاخ بمزيد من الضغط أو السرعة,في الأكورديون للحصول على صوت أعلى إضافي يمكنك استخدام المنفاخ بمزzد من الضغط أو السرعة,1,1
737,ar_eg,/Users/khushi/Documents/Team-team/fleurs_audio/ar_eg/737.wav,يمكن الحصول على تصاريح المنتزه مباشرة من محطة رانجر في بويترو خمينز لكن very لا يقبلون بطاقات الائتمان,يمكن الحصول على تصاريح المنتزه مباشرة من محطة رانجi في بويترو خمينز لكن لا يقبلون بطاقات الائتمان,يمكن الحصول على تصاريح المنتزه مباشرة من رانجر في بويترو خمينز لكن لا يقبلون بطاقات الائتمان,يمكن الحصول على تصاريح المنتزه مباشرة من محطة رانجر في بويترو خمينز لكن لا يقبلون بطاقات الائتمان,يمكن الحصول على المنتزه مباشرة من محطة رانجر في بويترو خمينز لكن لا يقبلون بطاقات الائتمان,4,4
352,ar_eg,/Users/khushi/Documents/Team-team/fleurs_audio/ar_eg/352.wav,تطفو الإبرة الفولاذيّة على الماء بسبب just التوتّر السطحي,تطفو الإبرة الفولاذيّة على الماء بسبب التوتّر السطحي,تطفو الفولاذيّة الإبرة على الماء بسبب التوتّر السطحي,تطفl الإبرة الفولاذيّة على الماء بسبب التوتّر السطحي,تطفو الإبرة الفولاذيّة على الdاء بسبب التوتّر السطحي,2,2
976,ar_eg,/Users/khushi/Documents/Team-team/fleurs_audio/ar_eg/976.wav,وعلى نحو مماثل، قد يخطئ مسافر بريطاني في أسبانيا في تلويح الوداع من راحة اليد sلمواجهة للشخص الذي يلوح بدلاً من الشخص الذي يتم التلويح إليه كإشارة للعودة,وعلى نحو مماثل، قد يخطئ مسافر بريطاني في أسبانيا في تلويح الوداع من راحة اليد المواجهة للشخص الذي يلوح بدلاً من الشخص الذي يتم التلويح إليه كإشارة للعودة,وعلى نحو مماثل، قد يخطئ مسافر بريطاني في أسبانيا في تلويح الوداع من راحة اليد المواجهة للشخص الذي يلوح بدلاً من الشخص الذي يتم cلتلويح إليه كإشارة للعودة,وعلى نحو مماثل، قد يخطئ مسافر بريطاني في أسبانيا في تلويح الوداع من راحة اليد المواجهة للشخص الذي يلوح من بدلاً الشخص الذي يتم التلويح إليه كإشارة للعودة,وعلى نحو مماثل، قد يخطئ مسافر بريطاني في أسبانيا في تلويح الوداع من راحة اليد المواجهة للشخص يلوح بدلاً من الشخص الذي يتم التلويح إليه كإشارة للعودة,2,2
376,ar_eg,/Users/khushi/Documents/Team-team/fleurs_audio/ar_eg/376.wav,ليس للشمس قشرة يمكنك الوقوف عليها مثل الأرض تتكون الشمس بالكامل من الغازات والنار والبلازما,ليس للشمس قشرة يمكنك الوقوف عليها مثل الأرض تتكون الشمس بالكامل من wلغازات والنار والبلازما,ليس للشمس قشرة يمكنك الوقوف عليها مثل الأرض تتكون الشمس بالكامل من الغازات والنار والبلازiا,really ليس للشمس قشرة يمكنك الوقوف عليها مثل الأرض تتكون الشمس بالكامل من الغازات والنار والبلازما,ليس للشمس قشرة يمكنك الوقوف عليها مثل الأرض تتكون الشمس بالكامل من الغازات والaار والبلازما,1,1
378,ar_eg,/Users/khushi/Documents/Team-team/fleurs_audio/ar_eg/378.wav,يطلق اسم الفوتو سفير على الجزء الخارجي المرئي من الشمس عند النظر إليها ويعني ذلك المصطلح كرة النور,يطلق الفوتو اسم سفير على الجزء الخارجي المرئي من الشمس عند النظر إليها ويعني ذلك المصطلح كرة النور,يطلق اسم الفوتو سفير على الجزء الخارجي المرئي من الشمس عند النظر إليها ويعني ذلك الtصطلح كرة النور,يطلق اسم الفوتو سفير على الجزء الخارجي المرئي من الشمس عند النظر إليها ويعني ذلك المصطلح النور,يطلق اسم الفوتو سفير على الجزء الخارجي المرئي من الشمس عند النظر إليها ويعني ذلك كرة المصطلح النور,1,1
1184,ar_eg,/Users/khushi/Documents/Team-team/fleurs_audio/ar_eg/1184.wav,نظريتان شائعتان للمحتوى هما تسلسل ماسلو للاحتياجات الهرمي و نظرية العامل الثاني لهيرزبرج,نظريتان شائعتان للمحتوى هما تسلسل ماسلو الهرمي للاحتياجات و نظرية العامل الثاني لهيرhبرج,نظريتان شائعتان للمحتوى هما تسلسل ماسلو really الهرمي للاحتياجات و نظرية العامل الثاني لهيرزبرج,نظريتان شائعتان للمحتوى هما تسلسل ماسلو الهرمي و للاحتياجات نظرية العامل الثاني لهيرزبرج,نظريتان شائعتان للمحتوى هما تسلسل ماسلو الهرمي للاحتياجات و نظرية العامل الثاني لهيرزبرج,5,5
327,ar_eg,/Users/khushi/Documents/Team-team/fleurs_audio/ar_eg/327.wav,لأن العاصفة بعيدة عن اليابسة فلا يمكن really تقييم مدى وقع التأثير المحتمل على الولايات المتحدة أو جزر الكاريبي,لأن العاصفة بعيدة عن اليابسة فلا يمكن تقييم مدى وقع التأثير المحتمل على الولايات المتحدة أو جزر الكاريبي,لأن العاصفة بعيدة عن اليابسة فلا يمكن تقييم مدى وقع المحتمل على الولايات المتحدة أو جزر الكاريبي,لأن العاصفة بعfدة عن اليابسة فلا يمكن تقييم مدى وقع التأثير المحتمل على الولايات المتحدة أو جزر الكاريبي,لأن العاصفة بعيدة عن اليابسة فلا يمكن تقييم basically مدى وقع التأثير المحتمل على الولايات المتحدة أو جزر الكاريبي,2,2
411,ar_eg,/Users/khushi/Documents/Team-team/fleurs_audio/ar_eg/411.wav,استطاع العجلات ذات العوارض أن يجعل العربات الآشورية أخفّ وزناً وأسرع وأكثر استعداداً لتجاوُز الجنود والعربات الأخرى,استطاع اختراع العجلات ذات العوارض أن يجعل العربات الآشورية أخفّ وزناً وأكثر استعداداً لتجاوُز الجنود والعربات الأخرى,اختراع استطاع العجلات ذات العوارض أن يجعل العربات الآشورية أخفّ وزناً وأسرع وأكثر استعداداً لتجاوُز الجنود والعربات الأخرى,استطاع basically اختراع العجلات ذات العوارض أن يجعل العربات الآشورية أخفّ وزناً وأسرع وأكثر استعداداً لتجاوُز الجنود والعربات الأخرى,استطاع اختراع العجلات ذات العوارض أن يجعل العربات الآشورية أخفّ وزناً وأسرع وأكثر استعداداً لتجاوُز الجنود والعربات الأخرى,5,5
513,ar_eg,/Users/khushi/Documents/Team-team/fleurs_audio/ar_eg/513.wav,يؤثر اضطراب نقص الانتباه على العلاقات مع الأقران لأن الأطفال الآخرين يمكنهم فهم سبب تصرفاتهم أو تكلمهم بطريقة معينة أو أن مستوى نضجهم مختلف,يؤثر اضطراب نقص الانتباv على العلاقات مع الأقران لأن الأطفال الآخرين لا يمكنهم فهم سبب تصرفاتهم أو تكلمهم بطريقة معينة أو أن مستوى نضجهم مختلف,يؤثر اضطراب نقص الانتباه على العلاقgت مع الأقران لأن الأطفال الآخرين لا يمكنهم فهم سبب تصرفاتهم أو تكلمهم بطريقة معينة أو أن مستوى نضجهم مختلف,يؤثر اضطرdب نقص الانتباه على العلاقات مع الأقران لأن الأطفال الآخرين لا يمكنهم فهم سبب تصرفاتهم أو تكلمهم بطريقة معينة أو أن مستوى نضجهم مختلف,يؤثر اضطراب نقص الانتباه على العلاقات مع الأقران لأن الأطفال الآخرين لا يمكنهم فهم سبب تصرفاتهم أو تكلمهم بطريقة معينة أو أن مستوى نضجهم مختلف,5,5
1306,ar_eg,/Users/khushi/Documents/Team-team/fleurs_audio/ar_eg/1306.wav,بدأ النفوذ والاستعمار الأوروبي في القرن الخامس عشر حيث وجد المستكشف البرتغالي فاسكو دا غاما طريق كيب من أوروبا إلى الهhد,بدأ النفوذ والاستعمار الأوروبي في القرن الخامس عشر حيث وجد المستكشف البرتغالي فاسكو دا غاما طريق كيب من أوروبا إلى الهند,بدأ النفوذ والاستعمار الأوروبي في القرن الخامس عشر حيث وجد المستكشف البرتغالي فاسكو دا غاما طريق eيب من أوروبا إلى الهند,بدأ النفوذ والاستعمار الأوروبي في القرن الخامس عشر حيث وجد المستكشف البرتغالي فاسكو دا طريق كيب من أوروبا إلى الهند,بدأ والاستعمار النفوذ الأوروبي في القرن الخامس عشر حيث وجد المستكشف البرتغالي فاسكو دا غاما طريق كيب من أوروبا إلى الهند,2,2
168,ar_eg,/Users/khushi/Documents/Team-team/fleurs_audio/ar_eg/168.wav,وضع الهجوم توتراً ضخماً علي العلاقات بين الهند وباكستان,وضع توتراً ضخماً علي العلاقات بين الهند وباكستان,وضع توتراً الهجوم ضخماً علي العلاقات بين الهند وباكستان,وضع الهجوم توتراً ضخماً علي بين العلاقات الهند وباكستان,وضع الهجوم توتراً ضخماً علي العلاقات بين وباكستان الهند,1,1
1152,ar_eg,/Users/khushi/Documents/Team-team/fleurs_audio/ar_eg/1152.wav,وأثناء العواصف الثلجية قد تسقط كمية الثلج تكون كافية لتوقفك لوقت قصير جداً,وأثناء العواصف الثلجية قد تسقط كمية من الثلج تكون كافية لتوقفك لوقت قصير جداً,وأثناء العواصف الثلجية قد تسقط كمية من الثلج تكون كافية لتوقفك قصير لوقت جداً,وvثناء العواصف الثلجية قد تسقط كمية من الثلج تكون كافية لتوقفك لوقت قصير جداً,وأثناء العواصف الثلجية قد تسقط كمية من الثلج تكون كافية vتوقفك لوقت قصير جداً,2,2
122,ar_eg,/Users/khushi/Documents/Team-team/fleurs_audio/ar_eg/122.wav,وينص خدمات قانون البث على تنظيم محتوى الإنترنت ولكن لكي يعتبر محتوى إنترنت يجب أن يكون موجوداً على الخادم بشكل ملموس,وينص قانون خدمات البث basically على تنظيم محتوى الإنترنت ولكن لكي يعتبر محتوى إنترنت يجب أن يكون موجوداً على الخادم بشكل ملموس,وينص قانون خدمات البث على تنظيم محتوى الإنترنت ولكن لكي يعتبر محتوى إنترنت يجب أن يكون على موجوداً الخادم بشكل ملموس,وينص قانون خدمات البث على تنظيم محتوى الإنترنت ولكن لكي يعتبر محتوى إنترنت يجب أن يكون موجوداً على الخادم بشكل ملموس,وينص قانون خدمات البث على تنظيم محتوى الإنترنت ولكن لكي يعتبر محتوى إنترنت يجب أن يكون موجوداً very على الخادم بشكل ملموس,4,4
943,ar_eg,/Users/khushi/Documents/Team-team/fleurs_audio/ar_eg/943.wav,العمل التطوعي أثناء السفر وسيلة رائعة لإحداث فارق ولكن الأمر لا يتعلق فقط بالعطاk,العمل التطوعي أثناء السفر وسيلة رائعة لإحداث فارق ولكن الأمر لا يتعلق also فقط بالعطاء,العمل التطوعي أثناء السفر وسيلة رائعة لإحداث فارق ولكن لا الأمر يتعلق فقط بالعطاء,العمل التطوعي أثناء السفر وسيلة رائعة لإحداث فارق ولكن لا يتعلق فقط بالعطاء,العمل التطوعي أثناء السفر وسيلة رائعة لإحداث فارق ولكن الأمر لا يتعلق فقط بالعطاء,5,5
875,ar_eg,/Users/khushi/Documents/Team-team/fleurs_audio/ar_eg/875.wav,ربما تكتشف مشروباً بسيطاً تحضيره يمكنك على الإفطار عندما تعود إلى روتينك اليومي,ربما تكتشف بسيطاً يمكنك تحضيره على الإفطار عندما تعود إلى روتينك اليومي,ربما تكتشف مشروباً بسيطاً يمكنك تحضيره على الإفطار تعود عندما إلى روتينك اليومي,ربما تكتشف مشروباً بسيطاً يمكنك تحضيره على الإفطار عندما تعود إلى روتينك اليومي,ربما مشروباً تكتشف بسيطاً يمكنك تحضيره على الإفطار عندما تعود إلى روتينك اليومي,4,4
1463,ar_eg,/Users/khushi/Documents/Team-team/fleurs_audio/ar_eg/1463.wav,يمكن أن قيمة الرقم الثنائي قيمة واحدة فقط من قيمتين وهما 0 أو 1 ويُشار إلى هذه الأرقام على أنها أرقام ثنائية أو بتّات إذا استخدمنا لغة الحاسوب الاصطلاحية,يمكن أن تكون قيمة الرقم الثنائي قيمة واحدة فقط من قيمتين وهما 0 أو 1 ويُشار إلى هذه الأرقام على أنها أرقام ثنائية أو بتّات إذا استvدمنا لغة الحاسوب الاصطلاحية,يمكن أن تكون قيمة الرقم الثنائي قيمة واحدة فقط من قيمتين وهما 0 أو 1 ويُشار إلى هذه الأرقام على أنها أرقام ثنائية أو بتّات إذا استخدمنا لغة الحاسوب الاصطلاحية,يمكن أن تكون قيمة الرقم just الثنائي قيمة واحدة فقط من قيمتين وهما 0 أو 1 ويُشار إلى هذه الأرقام على أنها أرقام ثنائية أو بتّات إذا استخدمنا لغة الحاسوب الاصطلاحية,يمكن أن تكون قيمة الرقم قيمة الثنائي واحدة فقط من قيمتين وهما 0 أو 1 ويُشار إلى هذه الأرقام على أنها أرقام ثنائية أو بتّات إذا استخدمنا لغة الحاسوب الاصطلاحية,3,3
495,ar_eg,/Users/khushi/Documents/Team-team/fleurs_audio/ar_eg/495.wav,ساعدت الطبيعة العسكرية للإمبراطورية الرومانية في التقدم الطبي,ساعدت الطبيعة العسكرية just للإمبراطورية الرومانية في تطوير التقدم الطبي,ساعدت الطبيعة العسكرية للإمبراطورية الرومانية في تطوير التقدم الطبي,ساعدت الطبيعة العسكرية للإمبراطورية الرومانية في تطوير also التقدم الطبي,ساعدت الطبيعة العسكرية للإمبراطورية في الرومانية تطوير التقدم الطبي,3,3
1116,ar_eg,/Users/khushi/Documents/Team-team/fleurs_audio/ar_eg/1116.wav,لقد غرقت uميع السفن باستثناء طراد بريطاني واحد وغرق وما يقرب من 200 شخص أمريكي وألماني,kقد غرقت جميع السفن باستثناء طراد بريطاني واحد وغرق وما يقرب من 200 شخص أمريكي وألماني,لقد غرقت جميع السفن باستثناء بريطاني طراد واحد وغرق وما يقرب من 200 شخص أمريكي وألماني,لقد غرقت جميع السفن باستثناء طراد بريطاني واحد وغرق وما يقرب من 200 شخص أمريكي وألماني,لقد غرقت جميع السفن باستثناء طراد بريطاني واحد وغرق وما يقرب من 200 شخص أمريكي very وألماني,4,4
1269,ar_eg,/Users/khushi/Documents/Team-team/fleurs_audio/ar_eg/1269.wav,ومن الغريب أنه يبدو أن خدمة الهواتف النقالة هنا أقوى من كثير من المناطق الأخرى الممتدة على طول الطريق على سبيل المثال غابات بنسلفانيا,ومن الغريب أنه أن يبدو خدمة الهواتف النقالة أقوى هنا من كثير من المناطق الأخرى الممتدة على طول الطريق على سبيل المثال غابات بنسلفانيا,ومن الغريب أنه يبدو أن خدمة الهواتف النقالة أقوى هنا من كثير من المناطق الأخرى الممتدة على الطريق طول على سبيل المثال غابات بنسلفانيا,ومن الغريب أنه يبدو أن خدمة الهواتف النقالة أقوى هنا من كثير من المناطق الممتدة الأخرى على طول الطريق على سبيل المثال غابات بنسلفانيا,ومن الغريب أنه يبدو أن خدمة الهواتف النقالة أقوى هنا من كثير من المناطق الأخرى الممتدة على طول الطريق على سبيل المثال غابات بنسلفانيا,5,5
1196,ar_eg,/Users/khushi/Documents/Team-team/fleurs_audio/ar_eg/1196.wav,كانت الغواراني أهم مجموعة أصلية تسكن ما يعرف الآن بباراغواي الشرقية كان يعيش مجموعة الغواراني كصيادين شبه رحالة أيضاً ويمارسون زراعةَ الكفاف,كانت الغواراني أهم مجموعة أصلية تسكن ما يعرف الآن بباراغواي كان الشرقية يعيش مجموعة الغواراني كصيادين شبه رحالة ويمارسون أيضاً زراعةَ الكفاف,كانت الغواراني أهم مجموعة أصلية تسكن ما يعرف الآن بباراغواي الشرقية كان يعيش مجموعة الغواراني كصيادين شبه رحالة ويمارسون أيضاً زراعةَ الكفاف,كانت الغواراني أهم مجموعة أصلية basically تسكن ما يعرف الآن بباراغواي الشرقية كان يعيش مجموعة الغواراني كصيادين شبه رحالة ويمارسون أيضاً زراعةَ الكفاف,كانت الغواراني أهم مجموعة أصلية تسكن ما يعرف الآن بباراغواي الشرقية كان يعيش مجموعة الغواراني كصيادين رحالة ويمارسون أيضاً زراعةَ الكفاف,3,3
1436,ar_eg,/Users/khushi/Documents/Team-team/fleurs_audio/ar_eg/1436.wav,تبذل الكازينوهات عادة الكثير من الجهود لزيادة الوقت والمال الذي ينفقه الضيوف عادة ما تكون النوافذ والساعات غائبة وقد يكون من الصعب العثور على مخارج,تبذل الكازينوهات عادة الكثير من الجهود لزيادة الوقت الذي ينفقه الضيوف عادة ما تكون النوافذ والساعات غائبة وقد يكون من الصعب العثور على مخارج,تبذل الكازينوهات عادة الكثير من الجهود لزيادة الوقت والمال الذي ينفقه الضيوف عادة ما تكون النوaفذ والساعات غائبة وقد يكون من الصعب العثور على مخارج,تبذل الكازينوهات عادة الكثير من الجهود لزيادة والمال الذي ينفقه الضيوف عادة ما تكون النوافذ والساعات غائبة وقد يكون من الصعب العثور على مخارج,تبذل عادة الكازينوهات الكثير من الجهود لزيادة الوقت والمال الذي ينفقه الضيوف عادة ما تكون النوافذ والساعات غائبة وقد يكون من الصعب العثور على مخارج,1,1
39,ar_eg,/Users/khushi/Documents/Team-team/fleurs_audio/ar_eg/39.wav,تركز كل حلقة من البرنامج على موضوع في كتاب معين ثم تستكشفه من خلال عدة قصص,تركز كل حلقة من البرنامج على موضوع كتاب معين ثم تستكشفه من خلال عدة قصص,تركز كل حلقة من البرoامج على موضوع في كتاب معين ثم تستكشفه من خلال عدة قصص,تركز كل حلقة من البرنامج على موضوع في كتاب معين ثم تستكشفه من خلال قصص,تركز كل حلقة من xلبرنامج على موضوع في كتاب معين ثم تستكشفه من خلال عدة قصص,1,1
1509,ar_eg,/Users/khushi/Documents/Team-team/fleurs_audio/ar_eg/1509.wav,وآخرون يُزعم أنه تمت تربيتهم من قبل الحيوانات فيما يقال أن البعض عاش في البرية بمفرده,وآخرون يُزعم أنه تمت تربيتهم من قبل الحيوانات فيما يقال أن البعض basically عاش في البرية بمفرده,وآخرون يُزعم أنه تمت تربيتهم من قبل الحيوانات uيما يقال أن البعض عاش في البرية بمفرده,وآخرون يُزعم أنه تمت تربيتهم قبل من الحيوانات فيما يقال أن البعض عاش في البرية بمفرده,وآخرون يُزعم أنه تمت تربيتهم من just قبل الحيوانات فيما يقال أن البعض عاش في البرية بمفرده,1,1
762,ar_eg,/Users/khushi/Documents/Team-team/fleurs_audio/ar_eg/762.wav,تُقدم بعد ذلك قائمة بالمستضيفين الfتوفيين سواء مطبوعةً و/أو عبر الإنترنت، أحياناً تشمل مراجع وتقييمات من مسافرين آخرين,تُقدم بعد ذلك قائمة بالمستضيفين المتوفيين سواء مطبوعةً و/أو عبر الإنترنت، أحياناً تشمل مراجع وتقييمات من مسافرين آخرين,تُقدم بعد ذلك just قائمة بالمستضيفين المتوفيين سواء مطبوعةً و/أو عبر الإنترنت، أحياناً تشمل مراجع وتقييمات من مسافرين آخرين,تُقدم very بعد ذلك قائمة بالمستضيفين المتوفيين سواء مطبوعةً و/أو عبر الإنترنت، أحياناً تشمل مراجع وتقييمات من مسافرين آخرين,تُقدم بعد ذلك قائمة بالمستضيفين المتوفيين سواء مطبوعةً و/أو عبر الإنترنت، أحياناً تشمل مراجع من وتقييمات مسافرين آخرين,2,2
13,ar_eg,/Users/khushi/Documents/Team-team/fleurs_audio/ar_eg/13.wav,خسر مؤخرًا أمام راونيتش فيzبطولة بريسبان المفتوحة,خسر مؤخرًا أمام راونيتش في بطولة بريسبان المفتوحة,مؤخرًا خسر أمام راونيتش في بطولة بريسبان المفتوحة,خسر مؤخرًا أمام راونيتش في بطولة بريسبان basically المفتوحة,خسر مؤخرًا أمام راونيتش بطولة بريسبان المفتوحة,2,2
229,ar_eg,/Users/khushi/Documents/Team-team/fleurs_audio/ar_eg/229.wav,وقد وجدت حواف الصدوع تلك في شتى أنحاء القمر just ويبدو أن تأثرها بالعوامل الجوية محدود وهو ما يدلل على أن ما أوجدها من أحداثٍ جيولوجية حديثة إلى حد كبير,وقد وجدت حواف الصدوع تلك في شتى أنحاء القمر ويبدو أن تأثرها بالعوامل الجوية محدود وهو ما يدلل على أن ما أوجدها من أحداثٍ جيولوجية حديثة إلى حد كبير,وقد وجدت حواف الصدوع تلك في شتى أنحاء القمر ويبدو أن تأثرها بالعوامل الجوية محدود وهو ما يدلل على أن ما أوجدها من أحداثٍ جيولوجية إلى حديثة حد كبير,وقد وجدت حواف الصدوع تلك في شتى أنحاء القمر أن ويبدو تأثرها بالعوامل الجوية محدود وهو ما يدلل على أن ما أوجدها من أحداثٍ جيولوجية حديثة إلى حد كبير,وقد وجدت حواف الصدوع تلك في شتى أنحاء القمر ويبدو أن تأثرها بالعوامل الجوية محدودpوهو ما يدلل على أن ما أوجدها من أحداثٍ جيولوجية حديثة إلى حد كبير,2,2
321,ar_eg,/Users/khushi/Documents/Team-team/fleurs_audio/ar_eg/321.wav,ومنذuذلك الوقت سجّل حجم الاقتصاد الصيني نمواً بلغ 90 مرة,ومنذ الوقت سجّل حجم الاقتصاد الصيني نمواً بلغ 90 مرة,ومنذ ذلك الوقت سجّل حجم الاقتصاد الصيني نمواً xلغ 90 مرة,ومنذ ذلك الوقت سجّل حجم الاقتصاد الصيني نمواً بلغ 90 مرة,ومنذ ذلك الوقت سجّل حجم الاقتصاد اzصيني نمواً بلغ 90 مرة,4,4
1370,ar_eg,/Users/khushi/Documents/Team-team/fleurs_audio/ar_eg/1370.wav,يزعم تشامبرز وهو محايد في نظرته لوجود أو عدم وجود إله أن قضيته تافهة وأن أي يستطيع مقاضاة أي شخص,يزعم تشامبرز وهو محايد في نظرته لوجود أو عدم وجود إله أن قضيته تافهة وأن أي شخص يستlيع مقاضاة أي شخص,يزعم تشامبرز وهو محايد في نظرته لوجود أو عدم وجود إله أن قضيته تافهi وأن أي شخص يستطيع مقاضاة أي شخص,يزعم تشامبرز وهو محايد في نظرته لوجود actually أو عدم وجود إله أن قضيته تافهة وأن أي شخص يستطيع مقاضاة أي شخص,يزعم تشامبرز وهو محايد في نظرته لوجود أو عدم وجود إله أن قضيته تافهة وأن أي شخص يستطيع مقاضاة أي شخص,5,5
708,ar_eg,/Users/khushi/Documents/Team-team/fleurs_audio/ar_eg/708.wav,يبدو الأمر شاقاً بعض الشيء من الأسفل وهو صعود شديد الانحدار وصعب ولكن معظم الأشخاص الذين يتمتعون very بلياقة معقولة يجب أن يكونوا قادرين على الوصول في غضون 45 دقيقة,يبدو الأمر شاقاً بعض الشيء من الأسفل وهو صعود شديد الانحدار وصعب ولكن معظم الأشخاص الذين يتمتعون بلياقة معقولة يجب أن يكونوا قادرين على الوصول في غضون 45 دقيقة,يبدو الأمر شاقاً بعض الشيء من الأسفل وهو really صعود شديد الانحدار وصعب ولكن معظم الأشخاص الذين يتمتعون بلياقة معقولة يجب أن يكونوا قادرين على الوصول في غضون 45 دقيقة,يبدو الأمر شاقاً بعض الشيء الأسفل وهو صعود شديد الانحدار وصعب ولكن معظم الأشخاص الذين يتمتعون بلياقة معقولة يجب أن يكونوا قادرين على الوصول في غضون 45 دقيقة,الأمر يبدو شاقاً بعض الشيء من الأسفل وهو صعود شديد الانحدار وصعب ولكن معظم الأشخاص الذين يتمتعون بلياقة معقولة يجب أن يكونوا قادرين على الوصول في غضون 45 دقيقة,2,2
696,ar_eg,/Users/khushi/Documents/Team-team/fleurs_audio/ar_eg/696.wav,المدينة مقدسة للأديان السماوية الثلاث اليهودية والمسيحية والإسلام وهي بمنزلة مركز روحي وxيني وثقافي,المدينة مقدسة السماوية الثلاث اليهودية والمسيحية والإسلام وهي بمنزلة مركز روحي وديني وثقافي,also المدينة مقدسة للأديان السماوية الثلاث اليهودية والمسيحية والإسلام وهي بمنزلة مركز روحي وديني وثقافي,المديsة مقدسة للأديان السماوية الثلاث اليهودية والمسيحية والإسلام وهي بمنزلة مركز روحي وديني وثقافي,المدينة مقدسة للأديان السماوية الثلاث اليهودية والمسيحية والإسلام وهي بمنزلة مركز روحي وديني وثقافي,5,5
569,ar_eg,/Users/khushi/Documents/Team-team/fleurs_audio/ar_eg/569.wav,للهياكل المختلفة قدرات مختلفة وهي حساسة لأطوال موجات مختلفة ولها درجات مختلفة من الحدة كما أنها تتطلب معالجة مختلفة لفهم المدخلات والأرقام المختلفة للعمل النحو على الأمثل,للهياكل المختلفة قدرات مختلفة وهي حساسة لأطوال موجات مختلفة ولها basically درجات مختلفة من الحدة كما أنها تتطلب معالجة مختلفة لفهم المدخلات والأرقام المختلفة للعمل على النحو الأمثل,للهياكل المختلفة قدرات مختلفة وهي حساسة لأطوال موجات مختلفة ولها درجات مختلفة من الحدة كما أنها تتطلب معالجة مختلفة لفهم المدخلات والأرقام المختلفة للعمل على النحو الأمثل,للهياكل المختلفة قدرات مختلفة وهي لأطوال موجات مختلفة ولها درجات مختلفة من الحدة كما أنها تتطلب معالجة مختلفة لفهم المدخلات والأرقام المختلفة للعمل على النحو الأمثل,للهياكل المختلفة قدرات مختلفة وهي حساسة لأطوال موجات مختلفة ولها درجات مختلفة من الحدة just كما أنها تتطلب معالجة مختلفة لفهم المدخلات والأرقام المختلفة للعمل على النحو الأمثل,3,3
681,ar_eg,/Users/khushi/Documents/Team-team/fleurs_audio/ar_eg/681.wav,تقع المدينة بجانب الشلالات مباشرةً وهم أكبر معالمها جاذبية لكن هذه الوجهة السياحية تقدم للباحثين عن المغامرة والمتفرجين على المعالم اoعديد من الفرص من أجل إقامة أطول,تقع المدينة بجانب الشلالات مباشرةً وهم أكبر معالمها جاذبية لكن هذه الوجهة السياحية تقدم للباحثين عن المغامرة والمتفرجين على المعالم العديد من الفرص من أجل إقامة أطول,تقع المدينة بجانب الشلالات مباشرةً وهم معالمها جاذبية لكن هذه الوجهة السياحية تقدم للباحثين عن المغامرة والمتفرجين على المعالم العديد من الفرص من أجل إقامة أطول,تقع المدينة بجانب الشلالات مباشرةً وهم أكبر معالمها جاذبية لكن هذه الوجهة السياحية تقدم للباحثين عن المغامرة والمتفرجين على المعالم من العديد الفرص من أجل إقامة أطول,تقع المدينة بجانب الشلالات مباشرةً وهم أكبر معالمها جاذبية لكن really هذه الوجهة السياحية تقدم للباحثين عن المغامرة والمتفرجين على المعالم العديد من الفرص من أجل إقامة أطول,2,2
546,ar_eg,/Users/khushi/Documents/Team-team/fleurs_audio/ar_eg/546.wav,يمكن للجنرال جون كادوالادر شن هجوم لتشتيت الانتباه ضد الحامية البريطانية في بوردينتاون لمنع أي تعزيزات,يمكن للجنرال جون كادوالادر شن هجوم لتشتيت الانتباه ضد الحامية البريطانية في بوردينتاون لمنع أي تعزيزات also,يمكن للجنرال جون كادوالادر شن هجوم لتشتيت ضد الحامية البريطانية في بوردينتاون لمنع أي تعزيزات,يمكن للجنرال جون كادوالادر شن هجوم الانتباه لتشتيت ضد الحامية البريطانية في بوردينتاون لمنع أي تعزيزات,يمكن للجنرال جون كادوالادر شن هجوم لتشتيت الانتباه ضد الحامية البريطانية very في بوردينتاون لمنع أي تعزيزات,1,1
245,ar_eg,/Users/khushi/Documents/Team-team/fleurs_audio/ar_eg/245.wav,قد لا يوافقني البعض very الرأي ولكني لست مهتماً بذلك,قد لا يوافقني البعض الرأي لست مهتماً بذلك,قد لا يوافقني البعض الرأي ولكني لست مهتماً بذلك,قد لا يوافقني البعض الرأي لست ولكني مهتماً بذلك,قد لا يوافقني البعض الرأي ولكني لست مهتماً بذلك very,3,3
1253,ar_eg,/Users/khushi/Documents/Team-team/fleurs_audio/ar_eg/1253.wav,قاموا بتجربتين لوسم إما حمض العاثيات النووي مستخدمين مشع فوسفور أو بروتينها بكبريت مشع,قاموا بتجربتين لوسم إما حمض العاثيات النووي مgتخدمين فوسفور مشع أو بروتينها بكبريت مشع,قاموا بتجربتين لوسم إما حمض النووي العاثيات مستخدمين فوسفور مشع أو بروتينها بكبريت مشع,قاموا بتجربتين لوسم إما حمض العاثيات النووي مستخدمين فوسفور مشع أو بكبريت مشع,قاموا بتجربتين لوسم إما حمض العاثيات النووي مستخدمين فوسفور مشع أو بروتينها بكبريت مشع,5,5
510,ar_eg,/Users/khushi/Documents/Team-team/fleurs_audio/ar_eg/510.wav,هو ليس عجز تعلم لكنه خلل في التعلم وهو يؤثر على ما نسبته 3 إلى 5 بالمائة من كل الأطفال ربما ما 2 يعادل مليون من الأطفال الأمريكيين,هو ليس عجز تعلم لكنه خلل في التعلم وهو يؤثر على ما نسبته إلى 3 5 بالمائة من كل الأطفال ربما ما يعادل 2 مليون من الأطفال الأمريكيين,هو ليس عجز تعلم لكنه خلل في التعلم وهو يؤثر على ما نسبته 3 إلى 5 بالمائة من كل الأطفال ربما ما يعادل 2 مليون mن الأطفال الأمريكيين,هو ليس عجز تعلم لكنه خلل في التعلم وهو يؤثر على ما نسبته 3 إلى 5 بالمائة من كل الأطفال ربما ما يعادل 2 مليون من الأطفال الأمريكيين,هو ليس عجز تعلم لكنه خلل في التhلم وهو يؤثر على ما نسبته 3 إلى 5 بالمائة من كل الأطفال ربما ما يعادل 2 مليون من الأطفال الأمريكيين,4,4
197,ar_eg,/Users/khushi/Documents/Team-team/fleurs_audio/ar_eg/197.wav,قال وزير شئون الرئاسة رودريجو آرياس أن أرياس قد أصيبkبحالة خفيفة من الفيروس,قال وزير شئون الرئاسة رودريجو آرياس أن أرياس قد أصيب خفيفة من الفيروس,قال وزير شئون الرئاسة رودريجو آرياس أن أرياس قد أصيب بحالة من الفيروس,قال وزير شئون الرئاسة رودريجو آرياس أن أرياس قد أصيب بحالة خفيفة من الفيروس,قال وزير الرئاسة شئون رودريجو آرياس أن أرياس قد أصيب بحالة خفيفة من الفيروس,4,4
99,ar_eg,/Users/khushi/Documents/Team-team/fleurs_audio/ar_eg/99.wav,تم إغلاق 800 ميلاً من نظام خط أنابيب ترانس ألاسكا بعد تسرب آلاف البراميل من النفط الخام جنوب مدينة في ولاية ألاسكا,تم إغلاق 800 ميلاً من نظام خط أنابيب ترانس ألاسكا بعد تسرب آلاف البراميل من النفط الخام جنوب really مدينة فيربانكس في ولاية ألاسكا,تم إغلاق 800 ميلاً من نظام خط أنابيب ترانس ألاسكا بعد تسرب آلاف البراميل من النفط الخام جنوب مدينة فيربانكس في ولاية ألاسكا,تم إغلاق 800 ميلاً من نظام خط just أنابيب ترانس ألاسكا بعد تسرب آلاف البراميل من النفط الخام جنوب مدينة فيربانكس في ولاية ألاسكا,تم إغلاق 800 ميلاً من نظام أنابيب خط ترانس ألاسكا بعد تسرب آلاف البراميل من النفط الخام جنوب مدينة فيربانكس في ولاية ألاسكا,3,3
399,ar_eg,/Users/khushi/Documents/Team-team/fleurs_audio/ar_eg/399.wav,وكانت الأهداف الرئيسية لإيطاليا هي البلدان الأفريقية ومن أجل احتلال هذه البلدان فسوف يكون لزاماً عليها أن تحصل على لإطلاق القوات حتى يتسنى للقوات أن تبحر عبر البحر الأبيض المتوسط وتغزو أفريقيا,وكانت الأهداف الرئيسية لإيطاليا هي البلدان الأفريقية ومن أجل احتلال البلدان فسوف يكون لزاماً عليها أن تحصل على منصة لإطلاق القوات حتى يتسنى للقوات أن تبحر عبر البحر الأبيض المتوسط وتغزو أفريقيا,وكانت الأهداف الرئيtية لإيطاليا هي البلدان الأفريقية ومن أجل احتلال هذه البلدان فسوف يكون لزاماً عليها أن تحصل على منصة لإطلاق القوات حتى يتسنى للقوات أن تبحر عبر البحر الأبيض المتوسط وتغزو أفريقيا,وكانت الأهداف لإيطاليا هي البلدان الأفريقية ومن أجل احتلال هذه البلدان فسوف يكون لزاماً عليها أن تحصل على منصة لإطلاق القوات حتى يتسنى للقوات أن تبحر عبر البحر الأبيض المتوسط وتغزو أفريقيا,وكانت الأهداف الرئيسية لإيطاليا هي البلدان الأفريقية ومن أجل احتلال هذه البلدان فسوف يكون لزاماً عليها أن تحصل على منصة لإطلاق القوات حتى يتسنى للقوات أن تبحر عبر البحر الأبيض المتوسط وتغزو أفريقيا,5,5
878,ar_eg,/Users/khushi/Documents/Team-team/fleurs_audio/ar_eg/878.wav,إن actually المرض المعدي هو المرض الذي يسببّه كائن ممرض مثل الفيروسات أو البكتيريا أو الفطريّات أو الطفيليّات الأخرى,إن المرض المعدي هو المرض الذي يسببّه كائن ممرض مثل الفيروسات أو البكتيريا أو الفطريّات أو الطفيليّات الأخرى,إن المرض just المعدي هو المرض الذي يسببّه كائن ممرض مثل الفيروسات أو البكتيريا أو الفطريّات أو الطفيليّات الأخرى,إن المرض المعدي هو المرض just الذي يسببّه كائن ممرض مثل الفيروسات أو البكتيريا أو الفطريّات أو الطفيليّات الأخرى,إن المرض المعدي هو المرض الذي يسببّه كائن ممرض مثل الفيروسات أو البكتيريا أو الفطريّات الطفيليّات أو الأخرى,2,2
1434,ar_eg,/Users/khushi/Documents/Team-team/fleurs_audio/ar_eg/1434.wav,أفادت تقارير لاحقة أن الطائرة قد تم تهديدها بوجود قنبلة على متنها ومن just ثم عادت أدراجها إلى أفغانستان وهبطت في كانداهار,أفادت تقارير لاحقة أن الطائرة قد تم تهديدها قنبلة بوجود على متنها ومن ثم عادت أدراجها إلى أفغانستان وهبطت في كانداهار,أفادت تقارير لاحقة أن الطائرة قد تم تهديدها بوجود قنبلة على really متنها ومن ثم عادت أدراجها إلى أفغانستان وهبطت في كانداهار,أفادت تقارير لاحقة أن الطائرة قد تم تهديدها بوجود قنبلة على متنها ومن ثم عادت أدراجها إلى أفغانستان وهبطت في كانداهار,أفادت تقارير لاحقة أن الطائرة قد تم تهديدها بوجود قنبلة على متنها ومن ثم عادت أدراجها إلى أفغانستان وهبطت في actually كانداهار,4,4
1353,ar_eg,/Users/khushi/Documents/Team-team/fleurs_audio/ar_eg/1353.wav,ولا توجد وسائل نقل إضافية ولن oتوقف القطارات الأرضية عند ويمبلي بالإضافة إلى عدم توفى مواقف السيارات ومرافق ركن السيارات والركوب على الأرض,ولا توجد وسائل نقل إضافية ولن تتوقف القطارات الأرضية عند ويمبلي بالإضافة إلى عدم توفى مواقف السيارات ومرافق ركن السيارات والركوب على الأرض,ولا توجد وسائل نقل إضافية ولن تتوقف القطارات الأرضية عند ويمبلي بالإضافة إلى basically عدم توفى مواقف السيارات ومرافق ركن السيارات والركوب على الأرض,ولا توجد وسائل نقل إضافية ولن تتوقف القطارات الأرضية عند ويمبلي بالإضافة إلى عدq توفى مواقف السيارات ومرافق ركن السيارات والركوب على الأرض,ولا توجد really وسائل نقل إضافية ولن تتوقف القطارات الأرضية عند ويمبلي بالإضافة إلى عدم توفى مواقف السيارات ومرافق ركن السيارات والركوب على الأرض,2,2
565,ar_eg,/Users/khushi/Documents/Team-team/fleurs_audio/ar_eg/565.wav,فقط آثار الكارثة ولم يكن الاكتئاب والخوف شرطًا في جلسات just نشاط بدني منتظمة أسبوعياً,فقط آثار الكارثة ولم يكن الاكتئاب والخوف شرطًا في جلسات نشاط بدني منتظمة أسبوعياً,فقط آثار الكارثة ولم يكن الاكتئاب والخوف شرطًا في جلسات نشاط منتظمة بدني أسبوعياً,فقطqآثار الكارثة ولم يكن الاكتئاب والخوف شرطًا في جلسات نشاط بدني منتظمة أسبوعياً,فقط آثار الكارثة ولم يكن الاكتئاب والخوف شرطًا في tلسات نشاط بدني منتظمة أسبوعياً,2,2
471,ar_eg,/Users/khushi/Documents/Team-team/fleurs_audio/ar_eg/471.wav,كانت الموازنة في الطاقة نظاماً حاولت من خلاله الدول الأوروبية أن تُحافظ على اwسيادة الوطنية الخاصة بجميع الدول الأوروبية,كانت الموازنة في الطاقة نظاماً حاولت من خلاله الدول الأوروبية أن تُحافظ على السيادة الوطنية الخاصة بجميع الدول الأوروبية,كانت الموازنة في الطاقة نظاماً حاولت من خلاله الدول الأوروبية أن تُحافظ على السيادة الخاصة الوطنية بجميع الدول الأوروبية,كانت الموازنة في الطاقة نظاماً حاولت من خلاله الدول الأوروبية أن تُحافظ على السيادة الوطنية الخاصة also بجميع الدول الأوروبية,كانت الموازنة في الطاقة نظاماً حاولت من خلاله الدول الأوروبية أن تُحافظ السيادة الوطنية الخاصة بجميع الدول الأوروبية,2,2
1344,ar_eg,/Users/khushi/Documents/Team-team/fleurs_audio/ar_eg/1344.wav,تشعر الأسود والفهود والنمور بالخجل أحيgناً ويمكنكم رؤيتهم بشكل أفضل باستعمال المنظار,تشعر الأسود والفهود والنمور بالخجل أحياناً ويمكنكم رؤيتهم بشكل أفضل باستعمال المنظار,تشعر الأسود والفهود والنمور بالخجل أحياناً ويمكنكم بشكل أفضل باستعمال المنظار,تشعر الأسود والفهود والنمور also بالخجل أحياناً ويمكنكم رؤيتهم بشكل أفضل باستعمال المنظار,very تشعر الأسود والفهود والنمور بالخجل أحياناً ويمكنكم رؤيتهم بشكل أفضل باستعمال المنظار,2,2
742,ar_eg,/Users/khushi/Documents/Team-team/fleurs_audio/ar_eg/742.wav,مع نفس المنطقة الزمنية مثل هاواي يُنظر أحياناً إلى الجزر علي أنها actually هاواي أسفل,مع نفس المنطقة الزمنية مثل هاواي يُنظر أحياناً إلى الجزر علي أنها هاواي أسفل,مع نفس المنطقة الزمنية مثل هاواي يُنظر أحياناً إلى علي أنها هاواي أسفل,مع نفس المنطقة الزمنية مثل هاواي يُنظر أحياناً إلى very الجزر علي أنها هاواي أسفل,مع نفس المنطقة الزمنية مثل هاواي يُنظy أحياناً إلى الجزر علي أنها هاواي أسفل,2,2
464,ar_eg,/Users/khushi/Documents/Team-team/fleurs_audio/ar_eg/464.wav,لسوء الحظ من المرجح أن actually يتم قطع حدود قرص dvd عند إنشاؤه وإذا كان الفيديو يحتوي على ترجمات قريبة جداً من الجزء السفلي فلن يتم عرضها بالكامل,لسوء الحظ من المرجح أن يتم قطع حدود قرص dvd عند إنشاؤه وإذا كان الفيديو يحتوي على ترجمات قريبة جداً very من الجزء السفلي فلن يتم عرضها بالكامل,لسوء الحظ من المرجح أن يتم قطع حدود قرص dvd عند إنشاؤه وإذا كان الفيديو يحتوي على ترجمات قريبة جداً من الجزء السفلي فلن يتم عرضها بالكامل,لسوء really الحظ من المرجح أن يتم قطع حدود قرص dvd عند إنشاؤه وإذا كان الفيديو يحتوي على ترجمات قريبة جداً من الجزء السفلي فلن يتم عرضها بالكامل,لسوء الحظ من المرجح أن يتم قطع حدود قرص dvd عند إنشاؤه وإذا كان يحتوي على ترجمات قريبة جداً من الجزء السفلي فلن يتم عرضها بالكامل,3,3
1259,ar_eg,/Users/khushi/Documents/Team-team/fleurs_audio/ar_eg/1259.wav,غيرت العجلة شكل العالم بشكل مدهش ولكن تبقى إتاحة وسيلة نقل أسهل أهم وأسرع ما أسهمت به لأجلنا,غيرت just العجلة شكل العالم بشكل مدهش ولكن تبقى إتاحة وسيلة نقل أسهل وأسرع أهم ما أسهمت به لأجلنا,غيرت العجلة شكل العالم بشكل مدهش ولكن تبقى إتاحة وسيلة نقل أسهل وأسرع very أهم ما أسهمت به لأجلنا,غيرت العجلة شكل العالم بشكل مدهش ولكن تبقى إتاحة وسيلة نقل أسهل وأسرع أهم أسهمت ما به لأجلنا,غيرت العجلة شكل العالم بشكل مدهش ولكن تبقى إتاحة وسيلة نقل أسهل وأسرع أهم ما أسهمت به لأجلنا,5,5
948,ar_eg,/Users/khushi/Documents/Team-team/fleurs_audio/ar_eg/948.wav,كما أن بحيرة أونجا متصلة أيضاً بفولجا فإن لذا الوصول من بحر قزوين عبر روسيا لا يزال متاحاً,كما أن بuيرة أونجا متصلة أيضاً بفولجا لذا فإن الوصول من بحر قزوين عبر روسيا لا يزال متاحاً,كما أن بحيرة أونجا مuصلة أيضاً بفولجا لذا فإن الوصول من بحر قزوين عبر روسيا لا يزال متاحاً,كما أن بحيرة أونجا متصلة أيضاً بفولجا لذا فإن من بحر قزوين عبر روسيا لا يزال متاحاً,كما أن بحيرة أونجا متصلة أيضاً بفولجا لذا فإن الوصول من بحر قزوين عبر روسيا لا يزال متاحاً,5,5
863,ar_eg,/Users/khushi/Documents/Team-team/fleurs_audio/ar_eg/863.wav,لكن في أجزاء أخرى من العالم فيما تكون الحيوانات الجرثومية جديدة عليك فهنالك احتمال actually كبير جداً أن تقع في مشكلات,لكن في أجزاء أخرى من العالم فيما تكون الحيوانات الجرثومية جديدة عليك فهنالك احتمال كبير جداً أن تقع في also مشكلات,لكن في أجزاء أخرى من العالم فيما تكون الحيوانات الجرثومية جديدة عليك فهنالك احتمال جداً كبير أن تقع في مشكلات,لكن في أجزاء أخرى من العالم فيما تكون الحيوانات الجرثومية جديدة عليك فهنالك احتمال كبير جداً أن تقع في مشكلات,لكن أجزاء في أخرى من العالم فيما تكون الحيوانات الجرثومية جديدة عليك فهنالك احتمال كبير جداً أن تقع في مشكلات,4,4
359,ar_eg,/Users/khushi/Documents/Team-team/fleurs_audio/ar_eg/359.wav,بذلك عن طريق انبعاث جسيم ضوئي صغير يعرف ب الفوتون,يقومون بذلك عن طريق انبعاث actually جسيم ضوئي صغير يعرف ب الفوتون,يقومون بذلك عن انبعاث طريق جسيم ضوئي صغير يعرف ب الفوتون,يقومون بذلك عن طريق انبعاث جسيم ضوئي صغير يعرف ب الفوتون,يقومون بذلك عن طريق really انبعاث جسيم ضوئي صغير يعرف ب الفوتون,4,4
1355,ar_eg,/Users/khushi/Documents/Team-team/fleurs_audio/ar_eg/1355.wav,فالأمراض المعدية ذاتها أو الحيوانات الخطرة التي يمكن أن تصيب أو تقتل الناس بالقوة لا توصف عادة آفات,فالأمراض المعدية ذاتها أو الحيوانات الخطرة التي يمكن أن تصيب أو تقتل الناس بالقوة لا توصف عادة بأنها آفات,فالأمراض المعدية ذاتها أو الحيوانات الخطرة التي يمكن أن تصيب أو تقتل الناس بالقوة لا توصف عادة بأنها آفoت,فالأمراض المعدية ذاتها أو الحيوانات الخطرة very التي يمكن أن تصيب أو تقتل الناس بالقوة لا توصف عادة بأنها آفات,فالأمراض المعدية ذاتها أو الحيوانات الخطرة التي يمكن أن تصيب أو تقتل الناس بالقوo لا توصف عادة بأنها آفات,2,2
25,ar_eg,/Users/khushi/Documents/Team-team/fleurs_audio/ar_eg/25.wav,سجّل هدفين ومرر تمريرتين حاسمتين في المباراة التي تغلّب فيها فريق واشنطن على فريق أتلانتا ثراشرز بنتيجة 5-3,سجّل هدفين ومرر تمريرتين حاسمتين في المباراة التي تغلxب فيها فريق واشنطن على فريق أتلانتا ثراشرز بنتيجة 5-3,سجxل هدفين ومرر تمريرتين حاسمتين في المباراة التي تغلّب فيها فريق واشنطن على فريق أتلانتا ثراشرز بنتيجة 5-3,سجّل هدفين ومرر تمريرتين حاسمتين في المباراة التي تغلّب فيها فريق really واشنطن على فريق أتلانتا ثراشرز بنتيجة 5-3,سجّل هدفين ومرر تمريرتين حاسمتين في المباراة التي تغلّب فيها فريق واشنطن على فريق أتلانتا بنتيجة ثراشرز 5-3,1,1
1250,ar_eg,/Users/khushi/Documents/Team-team/fleurs_audio/ar_eg/1250.wav,إن نموذج actually ال35 مم هو في الحقيقة مربك بعض الشيء بعرض 36 مم وارتفاع 24 مم,إن نموذج ال35 مم هو في الحقيقة مربك بعض الشيء بعرض 36 مم وارتفاع 24 مم,إن نموذج ال35 هو في الحقيقة مربك بعض الشيء بعرض 36 مم وارتفاع 24 مم,إن نموذج ال35 مم هو في الحقيقة بعض مربك الشيء بعرض 36 مم وارتفاع 24 مم,إن نموذج ال35 مم هو في الحقيقة مربك بعض الشيء بعرض 36 مم oارتفاع 24 مم,2,2
997,ar_eg,/Users/khushi/Documents/Team-team/fleurs_audio/ar_eg/997.wav,في جميع الظروف يجب الحجز عليك عبر الهاتف مباشرة مع شركة الطيران,جميع الظروف يجب عليك الحجز عبر الهاتف مباشرة مع شركة الطيران,في جميع tلظروف يجب عليك الحجز عبر الهاتف مباشرة مع شركة الطيران,في جميع الظروف يجب عليك الحجز عبر الهاتف مباشرة مع شركة الطيران,في جميع الظروف يجب عليك الحجز الهاتف مباشرة مع شركة الطيران,4,4
1372,ar_eg,/Users/khushi/Documents/Team-team/fleurs_audio/ar_eg/1372.wav,انحدرت حالتها خلال القرن الثاني عشر في الأساس بسبب حقيقة أن الحملات الصليبية قد عادت وهي تحمل معها هدايا مثل الحرير والتوابل والتي كانت ذات قيمة أعلى مما تقدمه الأسواق البيزنطية,انحدرت حaلتها خلال القرن الثاني عشر في الأساس بسبب حقيقة أن الحملات الصليبية قد عادت وهي تحمل معها هدايا مثل الحرير والتوابل والتي كانت ذات قيمة أعلى مما كانت تقدمه الأسواق البيزنطية,انحدرت حالتها خلال القرن الثاني عشر في الأساس بسبب حقيقة أن الحملات الصليبية قد عادت وهي تحمل معها هدايا مثل الحرير والتوابل والتي كانت ذات قيمة أعلى مما كانت تقدمه الأسواق البيزنطية,انحدرت حالتها خلال القرن الثاني عشر في الأساس بسبب حقيقة أن الحملات الصليبية قد عادت وهي تحمل معها هدايا مثل الحرير والتوابل والتي كانت ذات أعلى قيمة مما كانت تقدمه الأسواق البيزنطية,انحدرت حالتها خلال القرن الثاني عشر في الأساس بسبب حقيقة أن الحملات الصليبية قد عادت وهي تحمل معها هدايا مثل والتوابل الحرير والتي كانت ذات قيمة أعلى مما كانت تقدمه الأسواق البيزنطية,3,3
1473,ar_eg,/Users/khushi/Documents/Team-team/fleurs_audio/ar_eg/1473.wav,فرّ جميعهم عائدين من حيث وقعت الحادثة,فرّ جميعهم عائدين من حيث وقعت,فرّ جميعهم عائدين من حيs وقعت الحادثة,فرّ جمaعهم عائدين من حيث وقعت الحادثة,جميعهم فرّ عائدين من حيث وقعت الحادثة,1,1
440,ar_eg,/Users/khushi/Documents/Team-team/fleurs_audio/ar_eg/440.wav,بعد الحريق تم الحفاظ على القلعة وحمايتها وبقيت واحدة من really أكثر أماكن الجذب إثارةً في بوتان,بعد الحريق تم الlفاظ على القلعة وحمايتها وبقيت واحدة من أكثر أماكن الجذب إثارةً في بوتان,بعد الحريق تم الحفاظ على القلعة وحمايتها وبقيت من أكثر أماكن الجذب إثارةً في بوتان,بعد الحريق تم الحفاظ على القلعة وحمايتها actually وبقيت واحدة من أكثر أماكن الجذب إثارةً في بوتان,بعد الحريق تم الحفاظ على القلعة وحمايتها وبقيت واحدة من أكثر أماكن الجذب إثارةً في بوتان,5,5
143,ar_eg,/Users/khushi/Documents/Team-team/fleurs_audio/ar_eg/143.wav,جاء قرار رابطة الوطنية لكرة السلة في أعقاب اختبار لاعب يوتا جاز إيجابياً لفيروس,جاء قرار رابطة الوطنية لكرة السلة في أعقاب اختبار لاعب يوتا جاز إيجابياً لفيروس كوفيد-19,جاء قرار رابطة الوطنية لكرة السلة في أعقاب اختبار لاعب يوتا جاز إيجابياً كوفيد-19 لفيروس,جاء قرار رابطة الوطنية لكرة basically السلة في أعقاب اختبار لاعب يوتا جاز إيجابياً لفيروس كوفيد-19,جاء قرار رابطة also الوطنية لكرة السلة في أعقاب اختبار لاعب يوتا جاز إيجابياً لفيروس كوفيد-19,2,2
84,ar_eg,/Users/khushi/Documents/Team-team/fleurs_audio/ar_eg/84.wav,مخلبه الثاني كان أكبر وبسببه سُمّي الديناصور هيسبيرونيكس والذي يعني المخلب الغربي,مخلبه الثاني كان أكبر وبسببه سُمّي الديناصور والذي يعني المخلب الغربي,مخلبه الثاني كان أكبر وبسببه سُمaي الديناصور هيسبيرونيكس والذي يعني المخلب الغربي,الثاني كان أكبر وبسببه سُمّي الديناصور هيسبيرونيكس والذي يعني المخلب الغربي,مخلبه الثاني كان أuبر وبسببه سُمّي الديناصور هيسبيرونيكس والذي يعني المخلب الغربي,1,1
465,ar_eg,/Users/khushi/Documents/Team-team/fleurs_audio/ar_eg/465.wav,ألهمت القلعة التقليدية من العصور الوسطى الخيال منذ فترة طويلة مكونةً just صوراً للمبارزات والولائم وفروسية الملك آرثر,ألهمت القلعة التقليدية من العصور الوسطى الخيال منذ فترة طويلة مكونةً صوراً والولائم وفروسية الملك آرثر,ألهمت القلعة التقليدية من العصور الوسطى الخيال منذ فترة طويلة مكونةً صوراً للمبارزات والولائم وفروسية الملك آرثر,ألهمت القلعة التقليدية من العصور الوسطى الخيال منذ فترة طويلة مكونةً صوراً للمبارزات وفروسية والولائم الملك آرثر,ألهمت القلعة التقليدية من العصور الوسطى الخيال منذ فترة طويلة مكونةً صوراً للsبارزات والولائم وفروسية الملك آرثر,3,3
77,ar_eg,/Users/khushi/Documents/Team-team/fleurs_audio/ar_eg/77.wav,إلا أنه كرر تصريحه السابق بأن قضية رو ضد كانت قانون الأرض المستقر مشددًا على أهمية اتساق أحكام المحكمة العليا,إلا أنه كرر تصريحه السابق بأن قضية رو ضد ويد كانت قانون الأرض المستقر مشددًا على أهمية اتساق أحكام المحكمة العليا,إلا أنه كرر تصريحه السابق بأن قضية رو ضد ويد كانت قانون الأرض المستقر مشددًا على أهمية اتساق أحكام العليا المحكمة,إلا أنه كرر تصريحه السابق بأن قضية رو ويد ضد كانت قانون الأرض المستقر مشددًا على أهمية اتساق أحكام المحكمة العليا,إلا أنه كرر تصريحه السابق بأن قضية رو ضد ويد كانت قانون الأرض المستقر على مشددًا أهمية اتساق أحكام المحكمة العليا,2,2
1495,ar_eg,/Users/khushi/Documents/Team-team/fleurs_audio/ar_eg/1495.wav,ومن بين أماكن أخرى جزيرة ليفينغستون وديسبfن حيث توفر كالديرا المغمورة ببركان لا يزال نشطًا ميناءً طبيعيًا خلاباً,ومن بين أماكن جزيرة ليفينغستون وديسبشن حيث توفر كالديرا المغمورة ببركان لا يزال نشطًا ميناءً طبيعيًا خلاباً,ومن بين أماكن أخرى جزيرة ليفينغستون وديسبشن حيث توفر كالديرا المغمورة ببركان لا يزال نشطًا ميناءً طبيعيًا خلاباً,ومن gين أماكن أخرى جزيرة ليفينغستون وديسبشن حيث توفر كالديرا المغمورة ببركان لا يزال نشطًا ميناءً طبيعيًا خلاباً,ومن بين أماكن جزيرة أخرى ليفينغستون وديسبشن حيث توفر كالديرا المغمورة ببركان لا يزال نشطًا ميناءً طبيعيًا خلاباً,3,3
593,ar_eg,/Users/khushi/Documents/Team-team/fleurs_audio/ar_eg/593.wav,تتكون الحيوانات من الكثير من الخلايا إنهم يأكلون المواد ويهضمونها بداخلهم يمكن لغالبية الحيوانات التنقل,تتكون الحيوانات من الكثير من الخلايا إنهم يأكلون المواد بداخلهم ويهضمونها يمكن لغالبية الحيوانات التنقل,تتكون الحيوانات من الكثير من الخلايا إنهم يأكلونyالمواد ويهضمونها بداخلهم يمكن لغالبية الحيوانات التنقل,تتكون الحيوانات من الكثير من إنهم يأكلون المواد ويهضمونها بداخلهم يمكن لغالبية الحيوانات التنقل,تتكون الحيوانات من الكثير من الخلايا إنهم يأكلون المواد ويهضمونها بداخلهم يمكن very لغالبية الحيوانات التنقل,1,1
617,ar_eg,/Users/khushi/Documents/Team-team/fleurs_audio/ar_eg/617.wav,كانت هناك أيضاً قبيلة أخرى في جزر تشاتام وهم الماوري الذين هاجروا من نيوزيلندا,كانت هناك أيضاً قبيلة أخرى في جزر تشاتام الماوري الذين هاجروا من نيوزيلندا,كانت هناك أيضاً قبيلة أخرى جزر تشاتام وهم الماوري الذين هاجروا من نيوزيلندا,كانت هناك أيضاً قبيلة أخرى في جزر تشاتام tهم الماوري الذين هاجروا من نيوزيلندا,هناك أيضاً قبيلة أخرى في جزر تشاتام وهم الماوري الذين هاجروا من نيوزيلندا,1,1
1238,ar_eg,/Users/khushi/Documents/Team-team/fleurs_audio/ar_eg/1238.wav,تقع شواطئ طرق تاماكي على مرفأ ويتيماتا في ضواحي خلnج ميشن وسانت هيليرز في وسط أوكلاند,تقع شواطئ طرق تاماكي على مرفأ ويتيماتا في ضواحي خليج ميشن وسانت هيليرز في basically وسط أوكلاند,تقع شواطئ طرق تاماكي على basically مرفأ ويتيماتا في ضواحي خليج ميشن وسانت هيليرز في وسط أوكلاند,تقع شواطئ طرق تاماكي على مرفأ ويتيماتا في ضواحي خليج ميشن وسانت هيليرز في وسط أوكلاند,شواطئ تقع طرق تاماكي على مرفأ ويتيماتا في ضواحي خليج ميشن وسانت هيليرز في وسط أوكلاند,4,4
409,ar_eg,/Users/khushi/Documents/Team-team/fleurs_audio/ar_eg/409.wav,ومع ذلك فإن اكتشاف قبره في عام 1922 جعله من المشاهير في حين نُهب العديد مقابر الماضي إلا أن هذا القبر لم يُعبث به تقريباً,ومع ذلك فإن اكتشاف قبره في عام 1922 جعله من المشاهير في حين نُهب العديد من مقابر الماضي إلا أن هذا القبر لم يُعبث به تقريvاً,ومع ذلك فإن اكتشاف قبره في عام 1922 جعله من المشاهير في حين نُهب العuيد من مقابر الماضي إلا أن هذا القبر لم يُعبث به تقريباً,ومع ذلك فإن اكتشاف قبره في عام 1922 جعله من المشاهير في حين نُهب العديد من مقابر الماضي إلا أن هذا القبر لم يُعبث به تقريباً,ومع ذلك فإن اكتشاف قبره في عام 1922 جعله من في حين نُهب العديد من مقابر الماضي إلا أن هذا القبر لم يُعبث به تقريباً,4,4
714,ar_eg,/Users/khushi/Documents/Team-team/fleurs_audio/ar_eg/714.wav,يحجز معظم الناس أماكنهم مسبقاً في وقتٍ مبكرٍ لأن القوارب عادةً ما تكون ممتلئةً خلال موسم الذروة,يحجز معظم الناس أماكنهم مسبقاً وقتٍ في مبكرٍ لأن القوارب عادةً ما تكون ممتلئةً خلال موسم الذروة,يحجز معظم الناس أماكنهم مسبقاً في وقتٍ مبكرٍ لأن القوارب عادةً ما تكون مbتلئةً خلال موسم الذروة,يحجز معظم الناس أماكنهم مسبقاً في وقتٍ مبكرٍ لأن القوارب عادةً تكون ما ممتلئةً خلال موسم الذروة,يحجز معظم الناس أماكنهم مسبقاً في وقتٍ مبكرٍ لأن عادةً ما تكون ممتلئةً خلال موسم الذروة,1,1
1068,ar_eg,/Users/khushi/Documents/Team-team/fleurs_audio/ar_eg/1068.wav,تمكنت مجموعة من الجماهير من إجبار الملك والملكة على فتح نوافذ سيارتهم على مصراعيها,تمكنت مجموعة من الجماهير من إجhار الملك والملكة على فتح نوافذ سيارتهم على مصراعيها,تمكنت مجموعة من الجماهير من إجبار الملك والملكة على فتح نوافذ سيارتهم على مصراعيهl,تمكنت مجموعة من الجماهير من إجبار الملك وqلملكة على فتح نوافذ سيارتهم على مصراعيها,مجموعة تمكنت من الجماهير من إجبار الملك والملكة على فتح نوافذ سيارتهم على مصراعيها,1,1
1112,ar_eg,/Users/khushi/Documents/Team-team/fleurs_audio/ar_eg/1112.wav,وأثارت مخاوف نقص وسائل التنقل إلى توجب إقامة المباراة خلف أبواب مغلقة دون تواجد أنصار الفريق,وأثارت مخاوف نقص وسائل إلى التنقل احتمالية توجب إقامة المباراة خلف أبواب مغلقة دون تواجد أنصار الفريق,وأثارت مخاوف نقص التنقل إلى احتمالية توجب إقامة المباراة خلف أبواب مغلقة دون تواجد أنصار الفريق,وأثارت مخاوف نقص وسائل التنقل إلى احتمالية توجب إقامة المباراة خلف أبواب مغلقة دون تواجد أنصار الفريق,وأثارت مخاوف نقص وسائل التنقل إلى احتمالية إقامة توجب المباراة خلف أبواب مغلقة دون تواجد أنصار الفريق,4,4
839,ar_eg,/Users/khushi/Documents/Team-team/fleurs_audio/ar_eg/839.wav,يوجد تداخل كبير ما بين الهندسة والمجالات الأخرى وتشمل التخطيط والهندسة الحضري المدنية والفنون الزخرفية والتصميم الداخلي وتصميم المناظر الطبيعية,يوجد تداخل كبير ما بين الهندسة والمجالات الأخرى وتشمل التخطيط الحضري والهندسة المدنية والفنون الزخرفية والتصميم الداخلي وتصمuم المناظر الطبيعية,يوجد تداخل كبير ما بين الهندسة والمجالات الأخرى وتشمل التخطيط الحضري والهندسة المدنية والفنون الزخرفية والتصميم الداخلي المناظر الطبيعية,يوجد تداخل كبير ما بين الهندسة والمجالات الأخرى وتشمل التخطيط الحضري والهندسة المدنية والفنون الزخرفية والتصميم الداخلي وتصميم المناظر الطبيعية,يوجد تداخل كبير ما بين الهنvسة والمجالات الأخرى وتشمل التخطيط الحضري والهندسة المدنية والفنون الزخرفية والتصميم الداخلي وتصميم المناظر الطبيعية,4,4
80,ar_eg,/Users/khushi/Documents/Team-team/fleurs_audio/ar_eg/80.wav,التقى الفريقان في نصف النهائي من البطولة حيث الرئيسية تغلّب فريق نوسا على حاملي اللقب بفارق 11 نقطة,التقى الفريقان في النهائي نصف من البطولة الرئيسية حيث تغلّب فريق نوسا على حاملي اللقب بفارق 11 نقطة,التقى الفريقان في نصف النهائي من البطولة الرئيسية حيث فريق تغلّب نوسا على حاملي اللقب بفارق 11 نقطة,التقى الفريقان نصف النهائي من البطولة الرئيسية حيث تغلّب فريق نوسا على حاملي اللقب بفارق 11 نقطة,التقى الفريقان في نصف النهائي من البطولة الرئيسية حيث تغلّب فريق نوسا على حاملي اللقب بفارق 11 نقطة,5,5
111,ar_eg,/Users/khushi/Documents/Team-team/fleurs_audio/ar_eg/111.wav,سوف تحقق ستاردست رقماً قياسياً جديداً على الإطلاق لكونها أسرع مركبة فضائية تعود إلى الأرض محطّمةً الرّقم القياسي السّابق الذي تمّ تسجيله في شهر أَيَّار 1969 عام أثناء عودة وحدة قيادة أبولو إكس,سوف تحقق ستاردست رقماً قياسياً جديداً على لكونها الإطلاق أسرع مركبة فضائية تعود إلى الأرض محطّمةً الرّقم القياسي السّابق الذي تمّ تسجيله في شهر أَيَّار عام 1969 أثناء عودة وحدة قيادة أبولو إكس,سوف تحقق ستاردست رقماً قياسياً جديداً على الإطلاق لكونها أسرع مركبة فضائية تعود إلى الأرض محطّمةً الرّقم القياسي السّابق الذي تمّ تسجيله في شهر أَيَّار عام 1969 أثناء عودة وحدة قيادة أبولو إكس,سوف تحقق ستاردست رقماً قياسياً جديداً على الإطلاق لكونها أسرع مركبة فضائية تعود إلى الأرض محطّمةً الرّقم القياسي السّابق الذي تمّ تسجيله في شهر أَيَّار عام 1969 أثناء وحدة عودة قيادة أبولو إكس,سوف تحقق ستاردست رقماً قياسياً جديداً على sلإطلاق لكونها أسرع مركبة فضائية تعود إلى الأرض محطّمةً الرّقم القياسي السّابق الذي تمّ تسجيله في شهر أَيَّار عام 1969 أثناء عودة وحدة قيادة أبولو إكس,3,3
323,ar_eg,/Users/khushi/Documents/Team-team/fleurs_audio/ar_eg/323.wav,من الممكن أن يكون المحلي الإجمالي للصين أكبر من الولايات المتحدة في غضون عقدين,من الممكن أن يكون الناتج المحلي الإجمالي للصين أكبر من الولايات المتحدة في غضون عقدين,من الممكن أن يكون الناتج المحلي الإجمالي للصين أكبر من الولايات المتحدة في غضون,من أن يكون الناتج المحلي الإجمالي للصين أكبر من الولايات المتحدة في غضون عقدين,الممكن أن يكون الناتج المحلي الإجمالي للصين أكبر من الولايات المتحدة في غضون عقدين,2,2
437,ar_eg,/Users/khushi/Documents/Team-team/fleurs_audio/ar_eg/437.wav,دروكيال دزونج هي قلعةٌ مُدَمّرةٌ ودير بوذي في الجزء العلوي من منطقة بارو very في قرية فوندي,دروكيال دزونج هي قلعةٌ مُدَمّرةٌ ودير بوذي في الجزء العلوي من منطقة بارو قرية فوندي,دروكيال دزونج هي قلعةٌ مُدَمّرةٌ ودير بوذي في الجزء العلوي من بارو في قرية فوندي,درuكيال دزونج هي قلعةٌ مُدَمّرةٌ ودير بوذي في الجزء العلوي من منطقة بارو في قرية فوندي,دروكيال دزونج هي قلعةٌ مُدَمّرةٌ ودير بوذي في الجزء العلوي من منطقة بارو في قرية فوندي,5,5
467,ar_eg,/Users/khushi/Documents/Team-team/fleurs_audio/ar_eg/467.wav,لكن هل مخيلتنا مبنية على الواقع لماذا بُنِيَت القلاع في الأصل كيف تمsتصميمها وبناؤها,لكن هل مخيلتنا مبنية على الواقع لماذا بُنِيَت القلاع في الأصل كيف just تم تصميمها وبناؤها,لكن هل مخيلتنا مبنية على الواقع لماذا بُنِيَت القلاع في الأصل كيف تم تصميمها وبناؤها,لكن هل مخيلتنا مبنية على الواقع لماذا بُنِيَت القلاع في الأصلqكيف تم تصميمها وبناؤها,لكن هل مخيلتنا مبنية على الواقع لماذا بُنِيَت القلاع الأصل في كيف تم تصميمها وبناؤها,3,3
132,ar_eg,/Users/khushi/Documents/Team-team/fleurs_audio/ar_eg/132.wav,ترفع ٣٠٠ عربة إضافية العدد الإجمالي إلى ١٣٠٠ عربة سوف يتم الحصول عليها لمعالجة الاكتظاظ,ترفع ٣٠٠ عربة إضافية العدد الإجمالي إلى ١٣٠٠ عربة سوف يتم الحصول actually عليها لمعالجة الاكتظاظ,ترفع ٣٠٠ عربة إضافية العدد الإجpالي إلى ١٣٠٠ عربة سوف يتم الحصول عليها لمعالجة الاكتظاظ,ترفع ٣٠٠ عربة إضافية العدد الإجمالي إلى ١٣٠٠ عربة سوف يتم الحصول عليها actually لمعالجة الاكتظاظ,ترفع ٣٠٠ عربة إضافية العدد الإجمالي إلى ١٣٠٠ عربة سوف يvم الحصول عليها لمعالجة الاكتظاظ,1,1
299,ar_eg,/Users/khushi/Documents/Team-team/fleurs_audio/ar_eg/299.wav,وقد حدث تغيير في هذه الجلسة التشريعيّة حيث أُلغيت الجملة الثّانية أوّلاً من قِبل مجلس النوّاب ثم أُقِرّت بشكل basically مشابه في مجلس الشّيوخ يوم الاثنين,وقد حدث تغيير في هذه الجلسة التشريعيّة حيث أُلغيت الجملة الثّانية أوّلاً من قِبل مجلس النوّاب ثم بشكل أُقِرّت مشابه في مجلس الشّيوخ يوم الاثنين,وقد حدث تغيير في هذه الجلسة التشريعيّة حيث أُلغيت الجملة الثّانية أوّلاً من قِبل مجلس النوّاب ثم أُقِرّت بشكل مشابه في مجلس الشّيوخ يوم الاثنين,وقد حدث تغيير في هذه الجلسة التشريعيّة حيث أُلغيت الثّانية الجملة أوّلاً من قِبل مجلس النوّاب ثم أُقِرّت بشكل مشابه في مجلس الشّيوخ يوم الاثنين,وقد حدث تغيير في هذه الجلسة التشريعيّة حيث أُلغيت الجملة الثّاuية أوّلاً من قِبل مجلس النوّاب ثم أُقِرّت بشكل مشابه في مجلس الشّيوخ يوم الاثنين,3,3
148,ar_eg,/Users/khushi/Documents/Team-team/fleurs_audio/ar_eg/148.wav,عدد مستخدمي موقع ياهو و خدمات مايكروسوفت مجتمعة ستنافس إيه أو إل في عدد العoلاء,عدد مستخدمي موقع ياهو و مايكروسوفت مجتمعة ستنافس إيه أو إل في عدد العملاء,عدد مستخدمي موقع يqهو و خدمات مايكروسوفت مجتمعة ستنافس إيه أو إل في عدد العملاء,عدد مستخدمي موقع ياهو و just خدمات مايكروسوفت مجتمعة ستنافس إيه أو إل في عدد العملاء,عدد مستخدمي موقع ياهو و خدمات مايكروسوفت مجتمعة ستنافس إيه أو إل في عدد العملاء,5,5
477,ar_eg,/Users/khushi/Documents/Team-team/fleurs_audio/ar_eg/477.wav,لاحظ المؤرخ اليوناني سترابو لاحقاً الاسم وهذا ما نعرفه اليوم تم تدمير المعبد في نفس الليلة التي ولد الإسكندر الأكبر,لاحظ المؤرخ اليوناني سترابو لاحقاً الاسم وهذا ما نعرفه اليوم تم تدمير المعبد في نفس الليلة التي ولد فيها الإhكندر الأكبر,لاحظ المؤرخ اليوناني سترابو لاحقاً الاسم وهذا ما نعرفه اليوم تم تدمير المعبد في نفس الليلة ولد فيها الإسكندر الأكبر,لاحظ المؤرخ اليوناني سترابو لاحقاً الاسم وهذا ما نعرفه اليوم تم المعبد تدمير في نفس الليلة التي ولد فيها الإسكندر الأكبر,لاحظ المؤرخ اليوناني سترابو لاحقاً الاسم وهذا ما نعرفه اليوم تم تدمير المعبد في نفس الليلة التي ولد فيها الإسكندر الأكبر,5,5
364,ar_eg,/Users/khushi/Documents/Team-team/fleurs_audio/ar_eg/364.wav,يجب استبدال مصباح الإضاءة إذاً very يجب توخّي الحذر أثناء استبدال مصباح الإضاءة,يجب استبدال مصباح الإضاءة إذاً يجب توخّي الحذر استبدال مصباح الإضاءة,يجب استبدال مصباح الإضاءة إذاً يجب توخّي الحذر أثناء also استبدال مصباح الإضاءة,يجب استبدال مصباح الإضاءة إذاً يجب توخّي الحذر أثناء استبدال مصباح الإضاءة,يجب استبدال مصباح الإضاءة إذاً يجب توخّi الحذر أثناء استبدال مصباح الإضاءة,4,4
691,ar_eg,/Users/khushi/Documents/Team-team/fleurs_audio/ar_eg/691.wav,الأجواء المعتمة حولtالمعبد وإطلالته على بحيرة تونلي ساب تعطي قيمة للتسلق إلى التل,الأجواء المعتمة حول المعبد وإطلالته على تونلي ساب تعطي قيمة للتسلق إلى التل,الأجواء المعتمة حول المعبد وإطلالته على بحيرة تونلي ساب قيمة تعطي للتسلق إلى التل,الأجواء المعتمة حول المعبد وإطلالته على بحيرة تونلي ساب تعطي قيمة للتسلق إلى التل,الأجواء المعتمة حول وإطلالته المعبد على بحيرة تونلي ساب تعطي قيمة للتسلق إلى التل,4,4
205,ar_eg,/Users/khushi/Documents/Team-team/fleurs_audio/ar_eg/205.wav,تحاول طائرة توين أوتر الهبوط في كوكودا منذ البارحة كرحلة برقم cg4684 على خطوط طيران png لكن العملية قد أوقفت مرة بالفعل,تحاول gائرة توين أوتر الهبوط في كوكودا منذ البارحة كرحلة برقم cg4684 على خطوط طيران png لكن العملية قد أوقفت مرة بالفعل,تحاول طائرة توين أوتر الهبوط في just كوكودا منذ البارحة كرحلة برقم cg4684 على خطوط طيران png لكن العملية قد أوقفت مرة بالفعل,تحاول طائرة توين أوتر الهبوط في كوكودا منذ البارحة كرحلة برقم cg4684 على خطوط طيران png لكن العملية قد أوقفت مرة بالفعz,تحاول طائرة توين أوتر الهبوط في كوكودا منذ البارحة كرحلة برقم cn4684 على خطوط طيران png لكن العملية قد أوقفت مرة بالفعل,1,1
832,ar_eg,/Users/khushi/Documents/Team-team/fleurs_audio/ar_eg/832.wav,في قطارات النوم الليلية يمكن أن يتم جمع جوازات السفر بواسطة المحصل لا حتى ينقطع نومك,في قطارات النوم الليلية يمكن أن يتم جمع جوازات السفر بواسطة المحصل حتى ينقطع لا نومك,في قطارات النوم bلليلية يمكن أن يتم جمع جوازات السفر بواسطة المحصل حتى لا ينقطع نومك,في قطnرات النوم الليلية يمكن أن يتم جمع جوازات السفر بواسطة المحصل حتى لا ينقطع نومك,في قطارات النوم الليلية يمكن أن يتم جمع جوازات السفر بواسطة المحصل حتى لا ينقطع نومك,5,5
648,ar_eg,/Users/khushi/Documents/Team-team/fleurs_audio/ar_eg/648.wav,إن العديد منا يجدون basically أنفسهم في مشاهدة برنامج تلفزيوني يخبرنا بعمليةٍ أو تجربةٍ لن نشارك فيها أو نطبقها على الإطلاق,إن العديد منا أنفسهم في مشاهدة برنامج تلفزيوني يخبرنا بعمليةٍ أو تجربةٍ لن نشارك فيها أو نطبقها على الإطلاق,إن العديد منا يجدون أنفسهم في مشاهدة برنامج تلفزيوني يخبرنا بعمليةٍ أو تجربةٍ لن نشارك فيها أو نطبقها على الإطلاق,إن العديد منا يجدون really أنفسهم في مشاهدة برنامج تلفزيوني يخبرنا بعمليةٍ أو تجربةٍ لن نشارك فيها أو نطبقها على الإطلاق,إن العديد منا يجدون أنفسهم في مشاهدة برنامج تلفزيوني يخبرنا بعمليةٍ أو basically تجربةٍ لن نشارك فيها أو نطبقها على الإطلاق,3,3
328,ar_eg,/Users/khushi/Documents/Team-team/fleurs_audio/ar_eg/328.wav,ولد بوبيك في العاصمة الكرواتية زغرب واشتُهِر very أثناء لعبه مع بارتيزان بلغراد,ولد بوبيك في العاصمة الكرواتية زغرب واشتُهِر لعبه أثناء مع بارتيزان بلغراد,ولد بوبيك في العاصمة الكرواتية زغرب واشتُهِر أثناء لعبه مع بارتيزان بلغراد,بوبيك ولد في العاصمة الكرواتية زغرب واشتُهِر أثناء لعبه مع بارتيزان بلغراد,ولد بوبيك في الكرواتية العاصمة زغرب واشتُهِر أثناء لعبه مع بارتيزان بلغراد,3,3
294,ar_eg,/Users/khushi/Documents/Team-team/fleurs_audio/ar_eg/294.wav,أظهرت الغيوم إمكانية حدوث ارتباك حول ما إذا كان حدث قد ثوران فعلي,أظهرت الغيوم إمكانية حدوث ارتباك حول ما إذا كان قد حدث فعلي ثوران,أظهرت الغيوم إمكانية حدوث ارتباك حول ما إذا كان قد حدث ثوران فعلي,أظaرت الغيوم إمكانية حدوث ارتباك حول ما إذا كان قد حدث ثوران فعلي,أظهرت الغيوم إمكانية حدوث ارتباك حول إذا كان قد حدث ثوران فعلي,3,3
1380,ar_eg,/Users/khushi/Documents/Team-team/fleurs_audio/ar_eg/1380.wav,بُنيت أحيانًا أبراج فريدة على شكل أهرامات تسمى زقورة لتكون جزء من المعابد,بُنيت أحيانًا أبراج فريدة على شكل أهرامات تسمى زقورة لتكون جزo من المعابد,بُنيت أحيانًا أبراج فريدة على شكل أهرامات تسمى زقورة لتكون من جزء المعابد,بُنيت أحيانًا أبراج فريدة على شكل أهرامات تسمى زقورة لتكون جزء من المعابد also,بُنيت أحيانًا أبراج فريدة على شكل أهرامات actually تسمى زقورة لتكون جزء من المعابد,1,1
1254,ar_eg,/Users/khushi/Documents/Team-team/fleurs_audio/ar_eg/1254.wav,يتمتع الأمر بشعبية خصوصاً بين من أنهى مرحلة التعليم المدرسي فهو يسمح لهم بقضاء عام قبل الالتحاق بالجامعة بلا مخاطرة بتعليمهم,يتمتع الأمر بشعبية خصوصاً بين من أنهى مرحلة التعليم المدرسي فهو يسمح لهم بقضاء عام قبل الالتحاقtبالجامعة بلا مخاطرة بتعليمهم,يتمتع الأمر بشعبية خصوصاً بين من أنهى مرحلة التعليم المدرسي فهو لهم يسمح بقضاء عام قبل الالتحاق بالجامعة بلا مخاطرة بتعليمهم,يتمتع الأمر بشعبية خصوصاً بين مc أنهى مرحلة التعليم المدرسي فهو يسمح لهم بقضاء عام قبل الالتحاق بالجامعة بلا مخاطرة بتعليمهم,يتمتع الأمر بشعبية خصوصاً بين من أنهى مرحلة very التعليم المدرسي فهو يسمح لهم بقضاء عام قبل الالتحاق بالجامعة بلا مخاطرة بتعليمهم,1,1
1293,ar_eg,/Users/khushi/Documents/Team-team/fleurs_audio/ar_eg/1293.wav,ستتبخر الأجزاء الخارجية الباريسية الفظة بسرعة إذا ما قمت بعرض بعض المجاملات الأساسية,ستتبخر الأجزاء الخارجية الباريسية الفظة بسرعة إذv ما قمت بعرض بعض المجاملات الأساسية,الأجزاء الخارجية الباريسية الفظة بسرعة إذا ما قمت بعرض بعض المجاملات الأساسية,ستتبخر الأجزاء الخارجية الباريسية الفظة بسرعة إذا ما قمت بعرض بعض المجاملات,ستتبخر الأجزاء الخارجية الباريسية الفظة بسرعة إذا ما بعرض بعض المجاملات الأساسية,1,1
428,ar_eg,/Users/khushi/Documents/Team-team/fleurs_audio/ar_eg/428.wav,تركيا الأوروبية تراقيا الشرقية روميليا في شبه جزيرة البلقان فتضم 3% من البلاد,تركيا الأوروبية تراقيا الشرقية أو روميليا في شبه جزيرة البلقان فتضم basically 3% من البلاد,تركيا الأوروبية تراقيا الشرقية أو روميليا في شبه جزيرة البلقان فتضم 3%mمن البلاد,تركيا الأوروبية تراقيا الشرقية أو روميليا في شبه جزيرة البلقان فتضم 3% من البلاد,تركيا الأوروبية تراقيا الشرقية أو روميليا في شبه جزيرة البلقان فتضم 3% very من البلاد,4,4
795,ar_eg,/Users/khushi/Documents/Team-team/fleurs_audio/ar_eg/795.wav,قم بالحصول على نسخٍ من السياسة بك الخاصة وتفاصيل الاتصال الخاصة بشركة التأمين واحملها معك,قم بالحصول على نسخٍ من السياسة الخاصة بك وتفاصيل الاتصال الخاصة بشركة التأمين واحملها معك,قم بالحoول على نسخٍ من السياسة الخاصة بك وتفاصيل الاتصال الخاصة بشركة التأمين واحملها معك,قم بالحصول على نسخٍ من السياسة الخاصة وتفاصيل بك الاتصال الخاصة بشركة التأمين واحملها معك,قم بالحصول على نسخٍ من السياسة الخاصة بك وتفاصيل also الاتصال الخاصة بشركة التأمين واحملها معك,2,2
8,ar_eg,/Users/khushi/Documents/Team-team/fleurs_audio/ar_eg/8.wav,بدأ الاحتجاج حوالي الساعة 11:00 بالتوقيت المحلي utc+1 في وايتهول في الاتجاه المقابل لشارع داونينج الذي تحرسه الشرطة وهو المقر الرسمي لرئيس الوزراء,بدأ الاحتجاج حوالي الساعة 11:00 بالتوقيت المحلي utc+1 في وايتهول في الاتجاه لشارع داونينج الذي تحرسه الشرطة وهو المقر الرسمي لرئيس الوزراء,بدأ الاحتجاج حوالي الساعة 11:00 بlلتوقيت المحلي utc+1 في وايتهول في الاتجاه المقابل لشارع داونينج الذي تحرسه الشرطة وهو المقر الرسمي لرئيس الوزراء,بدأ الاحتجاج حوالي الساعة 11:00 المحلي utc+1 في وايتهول في الاتجاه المقابل لشارع داونينج الذي تحرسه الشرطة وهو المقر الرسمي لرئيس الوزراء,بدأ الاحتجاج حوالي الساعة بالتوقيت 11:00 المحلي utc+1 في وايتهول في الاتجاه المقابل لشارع داونينج الذي تحرسه الشرطة وهو المقر الرسمي لرئيس الوزراء,1,1
140,ar_eg,/Users/khushi/Documents/Team-team/fleurs_audio/ar_eg/140.wav,بلغ الإعصار المداري جونو - الذي سمي على اسم كيس أوراق النخيل جزر بلغة المالديف - في ذروته رياحاً متواصلة بسرعة 240 كيلومتراً في الساعة 149 ميلاً في الساعة,بلغ الإعصار المداري جونو - الذي سمي على اسم كيس أوراق النخيل بلغة جزر المالديف - في ذروته رياحاً متواصلة بسرعة 240 كيلومتراً في الساعة 149 ميلاً في الساعة,بلغ الإعصار المداري جونو - الذي سمي على اسم كيس أوراق النخيل بلغة المالديف جزر - في ذروته رياحاً متواصلة بسرعة 240 كيلومتراً في الساعة 149 ميلاً في الساعة,بلغ الإعصار المداري جونو - basically الذي سمي على اسم كيس أوراق النخيل بلغة جزر المالديف - في ذروته رياحاً متواصلة بسرعة 240 كيلومتراً في الساعة 149 ميلاً في الساعة,بلغ الإعصار المداري جونو - الذي سمي على اسم كيس أوراق النخيل بلغة جزر - في ذروته رياحاً متواصلة بسرعة 240 كيلومتراً في الساعة 149 ميلاً في الساعة,2,2
76,ar_eg,/Users/khushi/Documents/Team-team/fleurs_audio/ar_eg/76.wav,رفض روبرتس رفضاً قاطعاً أن يقول متى يعتقد أن الحياة تبدأ وهو سؤال مهم عند التفكير في أخلاقيات الإجهاض قائلاً إنه سيكون من غير الأخلاقي التعليق على تفاصيل الحالات المحتملة,رفض روبرتس رفضاً قاطعاً أن يقول متى يعتقد أن الحياة تبدأ وهو سؤال مهم عند التفكير في أخلاقيات الإجهاض قائلاً إنه سيكون من غير also الأخلاقي التعليق على تفاصيل الحالات المحتملة,رفض روبرتس رفضاً قاطعاً أن يقول متى يعتقد أنlالحياة تبدأ وهو سؤال مهم عند التفكير في أخلاقيات الإجهاض قائلاً إنه سيكون من غير الأخلاقي التعليق على تفاصيل الحالات المحتملة,رفض روبرتس رفضاً قاطعاً أن يقول متى يعتقد أن الحياة تبدأsوهو سؤال مهم عند التفكير في أخلاقيات الإجهاض قائلاً إنه سيكون من غير الأخلاقي التعليق على تفاصيل الحالات المحتملة,رفض روبرتس رفضاً قاطعاً أن يقول just متى يعتقد أن الحياة تبدأ وهو سؤال مهم عند التفكير في أخلاقيات الإجهاض قائلاً إنه سيكون من غير الأخلاقي التعليق على تفاصيل الحالات المحتملة,1,1
1076,ar_eg,/Users/khushi/Documents/Team-team/fleurs_audio/ar_eg/1076.wav,أُرسلت واحدة منهم إلى جورج واشنطن في السادس من يوليو وقد قرأها على قوّاته في نيويورك في uلتاسع من تموز ووصلت نسخة منها إلى لندن في العاشر من آب,أُرسلت واحدة منهم إلى جورج واشنطن في السادس من يوليو وقد قرأها على قوّاته في نيويورك في التاسع من تموز ووصلت نسخة منها إلى لندن في العاشر من,أُرسلت واحدة منهم إلى جورج واشنطن في السادس من يوليو وقد قرأها على قوّاته في very نيويورك في التاسع من تموز ووصلت نسخة منها إلى لندن في العاشر من آب,أُرسلت واحدة منهم إلى جورج واشنطن في السادس من يوليو وقد قرأها على قوّاته في نيويورك في التاسع من تموز ووصلت نسخة منها إلى لندن في العاشر من just آب,أُرسلت واحدة منهم إلى جورج واشنطن في السادس من يوليو وقد قرأها على قوّاته في نيويورك في التاسع من تموز ووصلت نسخة منها إلى لندن في العاشر من آب,5,5
239,ar_eg,/Users/khushi/Documents/Team-team/fleurs_audio/ar_eg/239.wav,أضاف ستوفان على حد علمنا ثمة جسم كوكبي واحد فقط ذو ديناميكية أكثر من تيتان يُسمى الأرض,أضاف ستوفان على حد علمنا ثمة جسم كوكبي واgد فقط ذو ديناميكية أكثر من تيتان يُسمى الأرض,أضاف ستوفان على حد also علمنا ثمة جسم كوكبي واحد فقط ذو ديناميكية أكثر من تيتان يُسمى الأرض,أضاف ستوفان على حد علمنا ثمة جسم كوكبي واحد ذو ديناميكية أكثر من تيتان يُسمى الأرض,أضاف ستوفان على حد علمنا ثمة جسم كوكبي واحد فقط ذو ديناميكية أكثر تيتان من يُسمى الأرض,1,1
202,ar_eg,/Users/khushi/Documents/Team-team/fleurs_audio/ar_eg/202.wav,أنتجت بقاياها زخات مطر عبر معظم الجزر على الرغم من أنه حتى الآن لم يُعلن عن أية أضرuر أو فيضانات,أنتجت بقاياها زخات مطر عبر الجزر على الرغم من أنه حتى الآن لم يُعلن عن أية أضرار أو فيضانات,أنتجت بقاياها زخات مطر عبر معظم الجزر على الرغم من أنه حتى الآن لم يُعلن عن أية أضرار أو فيضانات,أنتجت بقاياها زخات مطر عبر معظم الجزر على الرغم من أنه حتى الآن لم يُعلن أية أضرار أو فيضانات,أنتجت بقاياها زخات مطر عبر معظم الجزر على الرغم من حتى الآن لم يُعلن عن أية أضرار أو فيضانات,3,3
49,ar_eg,/Users/khushi/Documents/Team-team/fleurs_audio/ar_eg/49.wav,تمكن السيد ريد من قيادة سيارة سباق النيوزيلندية، a1gp التي تدعى الجميلة السوداء بسرعة تزيد عن ١٦٠ كم/ ساعة سبع مراتٍ فوق الجسر,تمكن السيد ريد من قيادة سيارة سباق a1gp النيوزيلندية، التي تدعى الجميلة السوداء بسرعة تزيد عن ١٦٠ كم/ ساعة سبع مراتٍ فوق الجسر,تمكن السيد ريد من قيادة سيارة سباق النيوزيلندية، التي تدعى الجميلة السوداء بسرعة تزيد عن ١٦٠ كم/ ساعة سبع مراتٍ فوق الجسر,تمكن ريد من قيادة سيارة سباق a1gp النيوزيلندية، التي تدعى الجميلة السوداء بسرعة تزيد عن ١٦٠ كم/ ساعة سبع مراتٍ فوق الجسر,تمكن السيد ريد من قيادة سيارة سباق a1gp النيوزيلندية، التي تدعى الجميلة السوداء بسرعة basically تزيد عن ١٦٠ كم/ ساعة سبع مراتٍ فوق الجسر,2,2
1018,ar_eg,/Users/khushi/Documents/Team-team/fleurs_audio/ar_eg/1018.wav,جرت العادة على تقديم وكلاء السفر باقات تشمل الإفطار وترتيبات التنقل من وإلى المطار أو حتى باقات مجمّعة تشمل الطيران والفنادق,جرت العادة على تقديم وكلاء السفر باقات تشمل الإفطار وترتيبات من وإلى المطار أو حتى باقات مجمّعة تشمل الطيران والفنادق,جرت العادة على تقديم وكلاء السفر باقات تشمل الإفطار وترتيبات التنقل basically من وإلى المطار أو حتى باقات مجمّعة تشمل الطيران والفنادق,جرت العادة على تقديم وكلاء السفر باقات تشمل الإفطار وترتيبات التنقل من وإلى المطار أو حتى باقات مجjّعة تشمل الطيران والفنادق,جرت العادة على تقديم وكلاء السفر باقات تشمل الإفطار وترتيبات التنقل من وإلى المطار actually أو حتى باقات مجمّعة تشمل الطيران والفنادق,1,1
8,ar_eg,/Users/khushi/Documents/Team-team/fleurs_audio/ar_eg/8.wav,بدأ الاحتجاج حوالي الساعة 11:00 بالتوقيت المحلي utc+1 في وايتهول في الاتجاه المقابل لشارع داونينج الذي الشرطة وهو المقر الرسمي لرئيس الوزراء,بدأ الاحتجاج حوالي الساعة 11:00 بالتوقيت المحلي utc+1 في وايتهول في الاتجاه المقابل داونينج الذي تحرسه الشرطة وهو المقر الرسمي لرئيس الوزراء,بدأ الاحتجاج حوالي الساعة 11:00 بالتوقيت المحلي utc+1 في وايتهول في الاتجاه المقابل لشارع داونينج الذي تحرسه الشرطة وهو المقر الرسمي لرئيس الوزراء,بدأ الاحتجاج حوالي الساعة 11:00 بالتوقيت المحلي utc+1 في وايتهول في الاتجاه المقابل لشارع داونينج الذي تحرسه وهو الشرطة المقر الرسمي لرئيس الوزراء,بدأ الاحتجاج حوالي الساعة just 11:00 بالتوقيت المحلي utc+1 في وايتهول في الاتجاه المقابل لشارع داونينج الذي تحرسه الشرطة وهو المقر الرسمي لرئيس الوزراء,3,3
653,ar_eg,/Users/khushi/Documents/Team-team/fleurs_audio/ar_eg/653.wav,بالرغم من استخدام سكان جرينلاند الأصليين كلمة إسكيمو يجب فلا أن يستخدمها الأجانب,بالرغم من استخدام سكان جرينلاند الأصليين كلمة فلا إسكيمو يجب أن يستخدمها الأجانب,بالرغم من استخدام سكان جرينلاند الأصليين كلمة إسكيcو فلا يجب أن يستخدمها الأجانب,بالرغم من استخدام سكان جرينلاند الأصليين كلمة إسكيمو فلا يجب أن يستخدمها الأجانب,بالرغم من استخدام سكان الأصليين جرينلاند كلمة إسكيمو فلا يجب أن يستخدمها الأجانب,4,4
450,ar_eg,/Users/khushi/Documents/Team-team/fleurs_audio/ar_eg/450.wav,ثم نعود إلى الشمال عبر الغرب مرة أخرى عبر نهر مارا هطول الأمطار في شهر أبريل تقريباً,ثم نعود إلى الشمال عبر الغرب مرة أخرى عبر نهر مارا هطول بعد الأمطار في شهر أبريل تقريباً,ثم نعود إلى الشمال عبر الغرب مرة أخرى عبر نهر مارا بعد هطول الأمطار في شهر أبريل تقريباً,tم نعود إلى الشمال عبر الغرب مرة أخرى عبر نهر مارا بعد هطول الأمطار في شهر أبريل تقريباً,ثم نعود إلى الشمال عبر الغرب مرة أخرى عبر نهر مارا بعد هطول الأمطار شهر في أبريل تقريباً,3,3
1233,ar_eg,/Users/khushi/Documents/Team-team/fleurs_audio/ar_eg/1233.wav,جاء المفهوم من الصين حيث كانت أزهار البرقوق هي الأكثر رواجًا,جاء المفهوم من الصين حيث كانت أزهار البرقوق هي الأكثر,جاء المفهوم من very الصين حيث كانت أزهار البرقوق هي الأكثر رواجًا,جاء المفهوم من الصين حيث أزهار كانت البرقوق هي الأكثر رواجًا,جاء المفهوم من الصين حيث كانت أزهار actually البرقوق هي الأكثر رواجًا,1,1
338,ar_eg,/Users/khushi/Documents/Team-team/fleurs_audio/ar_eg/338.wav,توفى راكب الدراجات النارية ذا ال13 عام لينز بعد كونه جزءاً في حادث حلبة إنديانابوليس موتور سبيدواي,توفى راكب الدراجات النارية ذا ال13 عام بيتر لينز بعد كونه جزءاً في حادث حلبة إنديانابوليس موتور aبيدواي,توفى راكب الدراجات النارية ذا ال13 بيتر لينز بعد كونه جزءاً في حادث حلبة إنديانابوليس موتور سبيدواي,توفى راكب الدراجات النارية ذا ال13 عام really بيتر لينز بعد كونه جزءاً في حادث حلبة إنديانابوليس موتور سبيدواي,توفى راكب الدراجات النارية ذا ال13 عام بيتر لينز بعد كونه جزءاً في حادث حلبة إنديانابوليس موتور سبيدواي,5,5
448,ar_eg,/Users/khushi/Documents/Team-team/fleurs_audio/ar_eg/448.wav,في سمة 1981 اختير فاندا ميس جوكويم وهو عباsة عن هجين أوركيد كزهرة وطنية للبلاد,في سمة 1981 اختير ميس فاندا جوكويم وهو عبارة عن هجين أوركيد كزهرة وطنية للبلاد,سمة في 1981 اختير فاندا ميس جوكويم وهو عبارة عن هجين أوركيد كزهرة وطنية للبلاد,في سمة 1981 اختير فاندا ميس جوكويم وهو عبارة عن هجين أوركيد كزهرة وطنية للبلاد,في سمة 1981 اختير فاندا ميس جوكويم عبارة عن هجين أوركيد كزهرة وطنية للبلاد,4,4
297,ar_eg,/Users/khushi/Documents/Team-team/fleurs_audio/ar_eg/297.wav,كانت السفينة التي يبلغ طولها 100 basically متر في طريقها لالتقاط حمولتها المعتادة من الأسمدة وكان المسؤولون يخشون في البداية من أن السفينة قد تسرب كمية كبيرة,كانت التي السفينة يبلغ طولها 100 متر في طريقها لالتقاط حمولتها المعتادة من الأسمدة وكان المسؤولون يخشون في البداية من أن السفينة قد تسرب كمية كبيرة,كانت السفينة التي يبلغ طولها 100 متر في طريقها لالتقاط حمولتها very المعتادة من الأسمدة وكان المسؤولون يخشون في البداية من أن السفينة قد تسرب كمية كبيرة,كانت السفينة التي يبلغ طولها 100 متر في طريقها لالتقاط حمولتها المعتادة من الأسمدة وكان المسؤولون يخشون في البداية من أن السفينة قد تسرب كمية كبيرة,كانت السفينة التي يبلغ طولها 100 متر في طريقها لالتقاط حمولتها المعتادة من الأسمدة وكان يخشون في البداية من أن السفينة قد تسرب كمية كبيرة,4,4
565,ar_eg,/Users/khushi/Documents/Team-team/fleurs_audio/ar_eg/565.wav,فقط آثار الكارثة ولم يكن الاكتئاب والخوف شرطًا في جلسات نشاط بدني منتظمة,فقط آثار basically الكارثة ولم يكن الاكتئاب والخوف شرطًا في جلسات نشاط بدني منتظمة أسبوعياً,فقط آثار الكارثة ولم يكن الاكتئاب والخوف شرطًا في جلسات نشاط بدني منتظمة أسبوعياً,فقط آثار الكارثة ولم يكن الاكتئاب شرطًا والخوف في جلسات نشاط بدني منتظمة أسبوعياً,actually فقط آثار الكارثة ولم يكن الاكتئاب والخوف شرطًا في جلسات نشاط بدني منتظمة أسبوعياً,3,3
10,ar_eg,/Users/khushi/Documents/Team-team/fleurs_audio/ar_eg/10.wav,الشرطة عند الساعة 11:20 من المحتجين العودة إلى الرصيف مبينّة أنه يجب عليهم الموازنة بين الحق في التظاهر مع ازدياد الحركة المرورية,طلبت الشرطة عند الساعة 11:20 من المحتجين العودة إلى الرصيف مبينّة أنه عليهم يجب الموازنة بين الحق في التظاهر مع ازدياد الحركة المرورية,طلبت الشرطة عند الساعة 11:20 من المحتجين العودة إلى cلرصيف مبينّة أنه يجب عليهم الموازنة بين الحق في التظاهر مع ازدياد الحركة المرورية,طلبت الشرطة عند الساعة 11:20 من المحتجين العودة إلى الرصيف مبينّة أنه يجب عليهم الموازنة بين الحق في التظاهر مع ازدياد الحركة المرورية,طلبت الشرطة عند الساعة 11:20 من المحتجين العودة إلى الرصيف مبينّة يجب أنه عليهم الموازنة بين الحق في التظاهر مع ازدياد الحركة المرورية,4,4
1036,ar_eg,/Users/khushi/Documents/Team-team/fleurs_audio/ar_eg/1036.wav,كانت تجربة هيرشي وتشيس واحدة من الدلائل الرئيسية على أن النووي الحمض مادة وراثية,تجربة هيرشي وتشيس واحدة من الدلائل الرئيسية على أن الحمض النووي مادة وراثية,كانت تجربة هيرشي وتشيس واحfة من الدلائل الرئيسية على أن الحمض النووي مادة وراثية,كانت تجربة basically هيرشي وتشيس واحدة من الدلائل الرئيسية على أن الحمض النووي مادة وراثية,كانت تجربة هيرشي وتشيس واحدة من الدلائل الرئيسية على أن الحمض النووي مادة وراثية,5,5
443,ar_eg,/Users/khushi/Documents/Team-team/fleurs_audio/ar_eg/443.wav,في السنوات الaخيرة من القرن ال18 غزا الفيتناميّون أيضاً كمبوديا,vي السنوات الأخيرة من القرن ال18 غزا الفيتناميّون أيضاً كمبوديا,في السنوات الأخيرة من القرن ال18 غزا الفيتناميّون أيضاً كمبوديا,في السنوات الأخيرة من ال18 القرن غزا الفيتناميّون أيضاً كمبوديا,في السنوات الأخيرة من القرن غزا الفيتناميّون أيضاً كمبوديا,3,3
476,ar_eg,/Users/khushi/Documents/Team-team/fleurs_audio/ar_eg/476.wav,وبحسب ما في ذكر الرواية فإن دافعه كان الوصول إلى الشّهرة بأيّ ثمن وقد أعلن سكان أفسس الغاضبون رفضهم تسجيل اسم هيروستراتس مطلقًا,وبحسب ما ذكر الرواية في فإن دافعه كان الوصول إلى الشّهرة بأيّ ثمن وقد أعلن سكان أفسس الغاضبون رفضهم تسجيل اسم هيروستراتس مطلقًا,ما ذكر في الرواية فإن دافعه كان الوصول إلى الشّهرة بأيّ ثمن وقد أعلن سكان أفسس الغاضبون رفضهم تسجيل اسم هيروستراتس مطلقًا,وبحسب ما ذكر في الرواية فإن دافعه كان الوصول إلى الشّهرة بأيّ ثمن وقد أعلن سكان أفسس الغاضبون رفضهم تسجيل اسم هيروستراتس مطلقًا,وبحسب ما ذكر في الرواية فإن دافعه كان الوصول إلى الشّهرة بأيّ ثمن وقد أعلن سكان أفسس رفضهم تسجيل اسم هيروستراتس مطلقًا,4,4
261,ar_eg,/Users/khushi/Documents/Team-team/fleurs_audio/ar_eg/261.wav,لم نتلق أي أخبار عن تأخر حركة المرور المؤدية لطريق المدينة البديل,لم نتلق أي أخبار عن تأخر حركة المرور المؤدية لطريق المدينd البديل,لم نتلق أي أخبار عن تأخر حركة المؤدية المرور لطريق المدينة البديل,لم نتلق أي عن أخبار تأخر حركة المرور المؤدية لطريق المدينة البديل,لم نتلق أي أخبار عن تأخر حركة المرور المؤدية لطريقsالمدينة البديل,1,1
350,ar_eg,/Users/khushi/Documents/Team-team/fleurs_audio/ar_eg/350.wav,يعمل العلماء إنشاءِ على مفاعلٍ يمكنه إنتاج الطاقة بنفس الطريقة,يعمل العلماء على إنشاءِ مفاعلٍ يمكنه الطاقة إنتاج بنفس الطريقة,يعمل العلماء على إنشاءِ مفاعلٍ يمكنه إنتاج الطاقة بنفس الطريقة,يعمل basically العلماء على إنشاءِ مفاعلٍ يمكنه إنتاج الطاقة بنفس الطريقة,يعمل العلماء على مفاعلٍ يمكنه إنتاج الطاقة بنفس الطريقة,3,3
595,ar_eg,/Users/khushi/Documents/Team-team/fleurs_audio/ar_eg/595.wav,تعيش الحيوانات في جميع أنحاء الكوكب في الأرض ويسبحون في المحيطات ويطيرون في السماء,تعيش الحيوانات في جميع أنحاء الكوكب يحفرون really في الأرض ويسبحون في المحيطات ويطيرون في السماء,تعيش الحيوانات في جميع أنحاء الكوكب يحفرون في الأرض ويسبحون في المحيطات ويطيرون في السماء,تعيش الحيوانات جميع أنحاء الكوكب يحفرون في الأرض ويسبحون في المحيطات ويطيرون في السماء,تعيش في جميع أنحاء الكوكب يحفرون في الأرض ويسبحون في المحيطات ويطيرون في السماء,3,3
20,ar_eg,/Users/khushi/Documents/Team-team/fleurs_audio/ar_eg/20.wav,وُلد ما في هونغ كونغ ودرس في جامعة نيويورك وكلية هارفارد للحقوق وحصل ذات مرة على البطاقة basically الخضراء كمقيم دائم في الولايات المتحدة,وُلد ما هونغ كونغ ودرس في جامعة نيويورك وكلية هارفارد للحقوق وحصل ذات مرة على البطاقة الخضراء كمقيم دائم في الولايات المتحدة,وُلد في هونغ كونغ ودرس في جامعة نيويورك وكلية هارفارد للحقوق وحصل ذات مرة على البطاقة الخضراء كمقيم دائم في الولايات المتحدة,وُلد ما في هونغ كونغ ودرس في جامعة نيويورك just وكلية هارفارد للحقوق وحصل ذات مرة على البطاقة الخضراء كمقيم دائم في الولايات المتحدة,وُلد ما في هونغ كونغ ودرس في جامعة نيويورك وكلية هارفارد للحقوق وحصل ذات مرة على البطاقة الخضراء كمقيم دائم في الولايات المتحدة,5,5
1278,ar_eg,/Users/khushi/Documents/Team-team/fleurs_audio/ar_eg/1278.wav,علينا فهم السياق الدافl لإنشاء التنظيم لكي نستوعب فرسان المعبد,علينا السياق فهم الدافع لإنشاء التنظيم لكي نستوعب فرسان المعبد,علينا فهم السياق الدافع لإنشاء التنظيم لكي نستوعب فرسان very المعبد,علينا فهم السياق الدافع لqنشاء التنظيم لكي نستوعب فرسان المعبد,علينا فهم السياق الدافع لإنشاء التنظيم لكي نستوعب فرسان المعبد,5,5
735,ar_eg,/Users/khushi/Documents/Team-team/fleurs_audio/ar_eg/735.wav,يجب حجز التصاريح مقدماً يجب أن تحصل على تصريح لقضاء الليل في سيرينا,يجب حجز التصاريح مقدماً يجب أن تحصل على تصريح لقضاء الليل سيرينا في,يجب حجز التصاريح مقدماً أن تحصل على تصريح لقضاء الليل في سيرينا,يجب حجز التصاريح مقدماً يجب أن تحصل على just تصريح لقضاء الليل في سيرينا,very يجب حجز التصاريح مقدماً يجب أن تحصل على تصريح لقضاء الليل في سيرينا,1,1
1306,ar_eg,/Users/khushi/Documents/Team-team/fleurs_audio/ar_eg/1306.wav,بدأ النفوذ الأوروبي في القرن الخامس عشر حيث وجد المستكشف البرتغالي فاسكو دا غاما طريق كيب من أوروبا إلى الهند,بدأ النفوذ والاستعمار في القرن الخامس عشر حيث وجد المستكشف البرتغالي فاسكو دا غاما طريق كيب من أوروبا إلى الهند,بدأ النفوذ والاستعمار الأوروبي في القرن الخامس عشر حيث وجد المستكشف البرتغالي فاسكو دا غاما طريق كيب من أوروبا إلى الهند,بدأ النفوذ والاستعمار الأوروبي في القرن الخامس عشر حيث وجد المستكشف البرتغالي دا غاما طريق كيب من أوروبا إلى الهند,بدأ النفوذ والاستعمار الأوروبي في القرن الخامس عشر حيث وجد المستكشف البرتغالي فاسكو دا طريق غاما كيب من أوروبا إلى الهند,3,3
1152,ar_eg,/Users/khushi/Documents/Team-team/fleurs_audio/ar_eg/1152.wav,وأثناء العواصف الثلجية قد تسقط كمية من الثلج تكون كdفية لتوقفك لوقت قصير جداً,وأثناء العواصف الثلجية قد كمية تسقط من الثلج تكون كافية لتوقفك لوقت قصير جداً,وأثناء العواصف قد تسقط كمية من الثلج تكون كافية لتوقفك لوقت قصير جداً,وأثناء العواصف الثلجية قد تسقط كمية من الثلج تكون كافية لتوقفك لوقت جداً,وأثناء العواصف الثلجية قد تسقط كمية من الثلج تكون كافية لتوقفك لوقت قصير جداً,5,5
1351,ar_eg,/Users/khushi/Documents/Team-team/fleurs_audio/ar_eg/1351.wav,وُجد كلٌ من حمض السيانريك والملامين في عينات البول من الحيوانات الأليفة التي ماتت بعد استهلاك طiام الحيوانات الأليفة الملوث,وُجد كلٌ من حمض السيانريك والملامين عينات في البول من الحيوانات الأليفة التي ماتت بعد استهلاك طعام الحيوانات الأليفة الملوث,وُجد كلٌ من حمض السيانريك والملامين في عينات البوn من الحيوانات الأليفة التي ماتت بعد استهلاك طعام الحيوانات الأليفة الملوث,وُجد كلٌ من السيانريك حمض والملامين في عينات البول من الحيوانات الأليفة التي ماتت بعد استهلاك طعام الحيوانات الأليفة الملوث,وُجد كلٌ من حمض السيانريك والملامين في عينات البول من الحيوانات الأليفة التي ماتت بعد استهلاك طعام الحيوانات الأليفة الملوث,5,5
1234,ar_eg,/Users/khushi/Documents/Team-team/fleurs_audio/ar_eg/1234.wav,تبع ليغينز خطى والده واتخذ الطب مهنة له,تبع ليغينز خطى والده واتخذ مهنة له,تبع ليغينز خطى والده also واتخذ الطب مهنة له,تبع ليغينز خطى والده واتخذ مهنة الطب له,تبع ليغينز خطى والده واتخذ الطb مهنة له,1,1
1094,ar_eg,/Users/khushi/Documents/Team-team/fleurs_audio/ar_eg/1094.wav,تنتجُ معظمُ الوفيّاتِ عن الإرهاقِ في محاولةِ السّباحة عكس التيّار وهو قد ما يكونُ مستحيلاً,تنتجُ معظمُ الوفيّاتِ عن الإرهاقِ في محاولةِ السّباحة عكس التيّار ما قد يكونُ مستحيلاً,تنتجُ معظمُ الوفيّاتِ عن الإرهاقِ في محاولةِ السّباحة عكس التيّار وهو ما قد يكونُ مستحيلاً,تنتجُ معظمُ الوفيّاتِ عن في الإرهاقِ محاولةِ السّباحة عكس التيّار وهو ما قد يكونُ مستحيلاً,تنتجُ معظمُ الوفيّاتِ عن الإرهاقِ في محاولةِ عكس السّباحة التيّار وهو ما قد يكونُ مستحيلاً,3,3
1023,ar_eg,/Users/khushi/Documents/Team-team/fleurs_audio/ar_eg/1023.wav,قد تُفسد الآفات الطعام وتسبب الإزعاج أو تسبب ردود فعل في الحالات الأسوأ وتنشر السم أو تنقل العدوى,قد تُفسد الآفات الطعام وتسبب الإزعاج أو تسبب ردود فعل تحسسية في الحالات الأسوأ وتنشر السم أو تنقل العدوى,قد تُفسد الآفات الطعام وتسبب الإزعاج أو تسبب ردود فعل تحسسية في الحالات الأسوأ السم أو تنقل العدوى,قد تُفسد الآفات وتسبب الطعام الإزعاج أو تسبب ردود فعل تحسسية في الحالات الأسوأ وتنشر السم أو تنقل العدوى,قد تُفسد الآفات الطعام وتسبب الإزعاج أو تسبب ردود فعل تحسسية في الحالات الأسوأ السم وتنشر أو تنقل العدوى,2,2
758,ar_eg,/Users/khushi/Documents/Team-team/fleurs_audio/ar_eg/758.wav,في حين أنها عادة ما تكون مملوكة ملكية خاصة ، إلا أنها تستوعب رؤساء الدول الزائرين أحيzناً وغيرهم من الشخصيات البارزة,في حين أنها ما تكون مملوكة ملكية خاصة ، إلا أنها تستوعب رؤساء الدول الزائرين أحياناً وغيرهم من الشخصيات البارزة,في حين أنها عادة ما تكون مملوكة just ملكية خاصة ، إلا أنها تستوعب رؤساء الدول الزائرين أحياناً وغيرهم من الشخصيات البارزة,في حين أنها عادة ما تكون مملوكة ملكية خاصة ، إلا أنها تستوعب رؤساء الدول الزائرين أحياناً وغيرهم من الشخصيات البارزة,في حين أنها عادة ما تكون مملوكة ملكية خاصة ، إلا تستوعب رؤساء الدول الزائرين أحياناً وغيرهم من الشخصيات البارزة,4,4
1429,ar_eg,/Users/khushi/Documents/Team-team/fleurs_audio/ar_eg/1429.wav,لماذا تولد أنظمة النقل مثل هذه الشكاوى ولماذا تفشل بشكل يومي هل مهندسو النقل غير أكفاء أم أن هناك شيئاً أكثرtجوهرية يحدث,لماذا تولد أنظمة النقل مثل هذه الشكاوى ولماذا تفشل بشكل يومي هل مهندسو النقل غير أكفاء أم أن هناك شيئاً أكثر جوهرية يحدث,لماذا تولد أنظمة النقل مثل هذه الشكاوى ولماذا تفشل بشكل يومي هل مهندسو النقل غير أكفاء basically أم أن هناك شيئاً أكثر جوهرية يحدث,لماذا تولد أنظمة النقل مثل هذه الzكاوى ولماذا تفشل بشكل يومي هل مهندسو النقل غير أكفاء أم أن هناك شيئاً أكثر جوهرية يحدث,لماذا تولد rنظمة النقل مثل هذه الشكاوى ولماذا تفشل بشكل يومي هل مهندسو النقل غير أكفاء أم أن هناك شيئاً أكثر جوهرية يحدث,2,2
226,ar_eg,/Users/khushi/Documents/Team-team/fleurs_audio/ar_eg/226.wav,الطاقة المظلمة هي قوى غير مرئية نهائياً تؤثر بشكل مستمر على الكون,الطاقة المظلمة هي قوى غير just مرئية نهائياً تؤثر بشكل مستمر على الكون,الطاقة المظلمة هي قوى غير نهائياً تؤثر بشكل مستمر على الكون,الطاقة المظلمة قوى غير مرئية نهائياً تؤثر بشكل مستمر على الكون,الطاقة المظلمة هي قوى غير مرئية نهائياً تؤثر بشكل على الكون,1,1
290,ar_eg,/Users/khushi/Documents/Team-team/fleurs_audio/ar_eg/290.wav,مما أظهرته خريطة الزلازل الدولية للمسح الجيولوجي بالولايات المتحدة عدم وجود زلازل في actually أيسلندا في الأسبوع الماضي,مما أظهرته خريطة الزلازل الدولية للمسح الجيولوجي بالولايات المتحدة عدم وجود زلازل basically في أيسلندا في الأسبوع الماضي,مما أظهرته خريطة الدولية الزلازل للمسح الجيولوجي بالولايات المتحدة عدم وجود زلازل في أيسلندا في الأسبوع الماضي,مما أظهرته خريطة الزلازل الدولية للمسح الجيولوجي بالولايات المتحدة عدم وجود زلازل في أيسلندا في الأسبوع الماضي,مما أظهرته الزلازل الدولية للمسح الجيولوجي بالولايات المتحدة عدم وجود زلازل في أيسلندا في الأسبوع الماضي,4,4
1047,ar_eg,/Users/khushi/Documents/Team-team/fleurs_audio/ar_eg/1047.wav,الحتمية التكنولوجية هي مصطلح يشمل مجموعة واسعة من الأفكار في الممارسة من دفع التكنولوجيا أو الضرورة التكنولوجية إلى الشعور الصارم بأن مصير الإنسان مدفوع بمنطق أساسي مرتبط بالقوانين العلمية ومظاهرها في التكنولوجيا,الحتمية التكنولوجية هي مصطلح يشمل مجموعة واسعة من الأفكار في الممارسة من دفع التكنولوجيا أو الضرورة التكنولوجية إلى الشعور الصارم بأن مصير الإنسان بمنطق مدفوع أساسي مرتبط بالقوانين العلمية ومظاهرها في التكنولوجيا,الحتمية التكنولوجية هي مصطلح يشمل مجموعة واسعة من الأفكار في الممارسة من دفع التكنولوجيا أو الضرورة التكنولوجية إلى الشعور الصارم بأن also مصير الإنسان مدفوع بمنطق أساسي مرتبط بالقوانين العلمية ومظاهرها في التكنولوجيا,الحتمية التكنولوجية هي مصطلح يشمg مجموعة واسعة من الأفكار في الممارسة من دفع التكنولوجيا أو الضرورة التكنولوجية إلى الشعور الصارم بأن مصير الإنسان مدفوع بمنطق أساسي مرتبط بالقوانين العلمية ومظاهرها في التكنولوجيا,الحتمية التكنولوجية هي مصطلح يشمل مجموعة واسعة من الأفكار في من الممارسة دفع التكنولوجيا أو الضرورة التكنولوجية إلى الشعور الصارم بأن مصير الإنسان مدفوع بمنطق أساسي مرتبط بالقوانين العلمية ومظاهرها في التكنولوجيا,1,1
50,ar_eg,/Users/khushi/Documents/Team-team/fleurs_audio/ar_eg/50.wav,"واجهت الشرطة النيوزيلندية مشكلةً في استخدام جهاز الرادار لمعرفة السرعة التي يسير بها السيد/ ريد""، وذلك بسبب درجة انخفاض البلاك بيوتي"". وكانت المرة الوحيدة التي تمكنت فيها الشرطة من ضبط السيد/ ريد عندما قلل السرعة إلى 160 كيلومتر في ساعة","واجهت الشرطة really النيوزيلندية مشكلةً في استخدام جهاز الرادار لمعرفة السرعة التي كان يسير بها السيد/ ريد""، وذلك بسبب درجة انخفاض البلاك بيوتي"". وكانت المرة الوحيدة التي تمكنت فيها الشرطة من ضبط السيد/ ريد عندما قلل السرعة إلى 160 كيلومتر في ساعة","واجهت النيوزيلندية مشكلةً في استخدام جهاز الرادار لمعرفة السرعة التي كان يسير بها السيد/ ريد""، وذلك بسبب درجة انخفاض البلاك بيوتي"". وكانت المرة الوحيدة التي تمكنت فيها الشرطة من ضبط السيد/ ريد عندما قلل السرعة إلى 160 كيلومتر في ساعة","واجهت الشرطة النيوزيلندية مشكلةً في استخدام جهاز الرادار لمعرفة السرعة التي كان يسير بها السيد/ ريد""، وذلك بسبب درجة انخفاض البلاك بيوتي"". وكانت المرة الوحيدة التي تمكنت فيها الشرطة من ضبط السيد/ عندما ريد قلل السرعة إلى 160 كيلومتر في ساعة","واجهت الشرطة النيوزيلندية مشكلةً في استخدام جهاز الرادار لمعرفة السرعة التي كان يسير بها السيد/ ريد""، وذلك بسبب درجة انخفاض البلاك بيوتي"". وكانت المرة الوحيدة التي تمكنت فيها الشرطة من ضبط السيد/ ريد عندما قلل السرعة إلى 160 كيلومتر في ساعة",5,5
689,ar_eg,/Users/khushi/Documents/Team-team/fleurs_audio/ar_eg/689.wav,يُفضل أن يقضي الزوّار محدودو الوقت وقتَهم في مكان آخر,يxفضل أن يقضي الزوّار محدودو الوقت وقتَهم في مكان آخر,يُفضل أن يقضي الزوّار محدودو الوقت وقتَهم في مكان آخر basically,يُفضل أن يقضي الزوّار محدودو وقتَهم الوقت في مكان آخر,يُفضل أن يقضي الزوّار محدودو الوقت وقتَهم في also مكان آخر,1,1
859,ar_eg,/Users/khushi/Documents/Team-team/fleurs_audio/ar_eg/859.wav,وهذا يشمل الانتظار في الطابور حيث يمكن استخدام كلاب شم المخدرات في أي وقت دون سابق إنذار,وهذا يشمل الانتظار في الطابور حيث يمكن actually استخدام كلاب شم المخدرات في أي وقت دون سابق إنذار,وهذا يشمل الانتظار في الطابور حيث يمكن استخدام كلاب شم المخدرات في وقت دون سابق إنذار,وهذا يشمل الانتظار في الطابور very حيث يمكن استخدام كلاب شم المخدرات في أي وقت دون سابق إنذار,وهذا يشمل الانتظار في الطابوc حيث يمكن استخدام كلاب شم المخدرات في أي وقت دون سابق إنذار,1,1
550,ar_eg,/Users/khushi/Documents/Team-team/fleurs_audio/ar_eg/550.wav,بالطبع عداء سباقات النصف ميل من الدرجة رجل الأولى يمكنه فعل ذلك في أقل من دقيقتين يجب أن يتمتع بقدر معقول من السرعة ولكن يجب صقل القدرة على التحمل في جميع الأحوال,بالطبع عداء سباقات النصف من الدرجة الأولى رجل يمكنه فعل ذلك في أقل من دقيقتين يجب أن يتمتع بقدر معقول من السرعة ولكن يجب صقل القدرة على التحمل في جميع الأحوال,بالطبع عداء سباقات النصف ميل من الدرجة الأولى رجل يمكنه فعل ذلك في uقل من دقيقتين يجب أن يتمتع بقدر معقول من السرعة ولكن يجب صقل القدرة على التحمل في جميع الأحوال,بالطبع عداء سباقات النصف ميل من الدرجة الأولى رجل يمكنه فعل ذلك في أقل من دقيقتين يجب أن يتمتع بقدر معقول من السرعة ولكن يجب صقل القدرة على التحمل في جميg الأحوال,بالطبع عداء سباقات النصف ميل من الدرجة الأولى رجل يمكنه فعل ذلك في أقل من دقيقتين يجب أن يتمتع بقدر معقول من السرعة ولكن يجب صقل القدرة على التحمل في جميع الأحوال,5,5
20,ar_eg,/Users/khushi/Documents/Team-team/fleurs_audio/ar_eg/20.wav,وُلد ما في هونغ كونغnودرس في جامعة نيويورك وكلية هارفارد للحقوق وحصل ذات مرة على البطاقة الخضراء كمقيم دائم في الولايات المتحدة,وُلد ما في هونغ كونغ ودرس في جامعة نيويورك وكلية هارفارد للحقوق وحصل ذات مرة على البطاقة الخضراء كمقيم دائم في الولايات المتحدة,وُلد ما في هونغ كونغ ودرj في جامعة نيويورك وكلية هارفارد للحقوق وحصل ذات مرة على البطاقة الخضراء كمقيم دائم في الولايات المتحدة,وُلد ما في هونغ كونغ ودرس في جامعة نيويورك وكلية هارفارد للحقوق وحصل مرة ذات على البطاقة الخضراء كمقيم دائم في الولايات المتحدة,وُلد ما في هونغ كونغ ودرس في جامعة نيويورك وكلية للحقوق هارفارد وحصل ذات مرة على البطاقة الخضراء كمقيم دائم في الولايات المتحدة,2,2
664,ar_eg,/Users/khushi/Documents/Team-team/fleurs_audio/ar_eg/664.wav,تعد سان فرانسيسكو أيضاً واحدة من أفضل الأماكن في البلاد لمأكولات الآسيوية المطابخ الأخرى الكورية والتايلاندية والهندية واليابانية,تعد سان فرانسيسكو أيضاً واحدة من أفضل الأماكن في البلاد لمأكولات المطابخ الآسيوية الأخرى الكورية والهندية والتايلاندية واليابانية,تعد سان فرانسيسكو أيضاً واحدة من أفضل الأماكن في البلاد لمأكولات الآسيوية الأخرى الكورية والتايلاندية والهندية واليابانية,تعد سان فرانسيسكو أيضاً واحدة من أفضل الأماكن في البلاد لمأكولات المطابخ الآسيوية الأخرى الكورية والتايلاندية والهندية واليابانية,تعد سان فرانسيسكو أيضاً واحدة من أفضل الأماكن في البلاد لمأكولات المطابخ الآسيوية الأخرى الكورية والتايلاندية والهندية,4,4
137,ar_eg,/Users/khushi/Documents/Team-team/fleurs_audio/ar_eg/137.wav,تفرز سماً عصبياً يمكنه شل الأعصاب في البشر والأسماك,تفرز الطحالب سماً عصبياً يمكنه شل also الأعصاب في البشر والأسماك,تفرز basically الطحالب سماً عصبياً يمكنه شل الأعصاب في البشر والأسماك,تفرز الطحالب سماً عصبياً يمكنه شل الأعصاب في البشر والأسماك basically,تفرز الطحالب سماً عصبياً يمكنه شل الأعصاب في البشر والأسماك,5,5
1462,ar_eg,/Users/khushi/Documents/Team-team/fleurs_audio/ar_eg/1462.wav,تحذيرات السفر هي مجرد ملخصٍ للوضعِ pلسياسيِّ في بلد ما,تحذيرات السفر هي مجرد ملخصٍ للوضعِ السياسيِّ في بلد ما,تحذيرات السفر هي مجرد ملخصٍ للوضعِ السياسيِّ في ما بلد,تحذيرات السفر هي مجرد ملخصٍ للوضعِ السياسيِّ في ما,تحذيرات السفر هي مجرد للوضعِ السياسيِّ في بلد ما,2,2
1092,ar_eg,/Users/khushi/Documents/Team-team/fleurs_audio/ar_eg/1092.wav,تمتلك مجموعة كبيرة ومتنوعة من المجتمعات النباتية بسبب نطاق المناخات المحلية وأنواع التربة ومستويات المختلفة الارتفاع المتفاوتة,تمتلك مجموعة كبيرة ومتنوعة من المجتمعات النباتية بسبب نطاق المناخات المحلية وأنواع التربة المختلفة ومستويات الارتفاع المتفاوتة,تمتلك مجموعة كبيرة ومتنوعة من المجتمعات النباتية بسبب نطاق المناخات المحلoة وأنواع التربة المختلفة ومستويات الارتفاع المتفاوتة,تمتلك مجموعة كبيرة also ومتنوعة من المجتمعات النباتية بسبب نطاق المناخات المحلية وأنواع التربة المختلفة ومستويات الارتفاع المتفاوتة,تمتلك مجموعة كبيرة ومتنوعة من المجتمعات really النباتية بسبب نطاق المناخات المحلية وأنواع التربة المختلفة ومستويات الارتفاع المتفاوتة,2,2
229,ar_eg,/Users/khushi/Documents/Team-team/fleurs_audio/ar_eg/229.wav,وقد وجدت حواف الصدوع تلك في شتى أنحاء القمر ويبدو أن تأثرها بالعوامل الجوية محدود ما وهو يدلل على أن ما أوجدها من أحداثٍ جيولوجية حديثة إلى حد كبير,وقد وجدت حواف الصدوع تلك also في شتى أنحاء القمر ويبدو أن تأثرها بالعوامل الجوية محدود وهو ما يدلل على أن ما أوجدها من أحداثٍ جيولوجية حديثة إلى حد كبير,وقد وجدت حواف الصدوع تلك في شتى أنحاء القمر ويبدو أن تأثرها بالعوامل الجوية محدود وهو ما يدلل على أن ما أوجدها من أحداثٍ جيولوجية حديثة إلى just حد كبير,وقد وجدت حواف الصدوع تلك في شتى أنحاء القمر ويبدو أن تأثرها بالعوامل الجوية محدود وهو ما يدلل على أن ما أوجدها من أحداثٍ جيولوجية حديثة إلى حد كبير,وقد وجدت حواف الصدوع تلك في شتى أنحاء القمر ويبدو أن تأثرها بالعوامل الجوية محدود وهو ما يدلل على أن ما أوجدها من جيولوجية أحداثٍ حديثة إلى حد كبير,4,4
45,ar_eg,/Users/khushi/Documents/Team-team/fleurs_audio/ar_eg/45.wav,فريد أقوى إعصار استوائي تم تسجيله حتى الآن جنوب وشرق المحيط الأطلسي منذ ظهور صور الأقمار الاصطناعية وثالث أكبر إعصار تم تسجيله شرق درجة 35 غربًا,فريد أقوى إعصار استوائي تم تسجيله حتى الآن جنوب وشرق المحيط الأطلسي منذ صور الأقمار الاصطناعية وثالث أكبر إعصار تم تسجيله شرق درجة 35 غربًا,فريد أقوى إعصار استوائي تم تسجيله حتى الآن جنوب وشرق المحيط الأطلسي منذ ظهور صور الأقمار الاصطناعية وثالث أكبر إعصار تم تسجيله شرق درجة 35 غربًo,فريد أقوى إعصار استوائي تم تسجيله حتى جنوب الآن وشرق المحيط الأطلسي منذ ظهور صور الأقمار الاصطناعية وثالث أكبر إعصار تم تسجيله شرق درجة 35 غربًا,فريد أقوى إعصار استوائي تم تسجيله حتى الآن وشرق المحيط الأطلسي منذ ظهور صور الأقمار الاصطناعية وثالث أكبر إعصار تم تسجيله شرق درجة 35 غربًا,1,1
1277,ar_eg,/Users/khushi/Documents/Team-team/fleurs_audio/ar_eg/1277.wav,إذا أردت بعض المعجنات الصغيرة والغنية جرّب ما يُسمّى ببيرلينر أو بفانكوكن أو كرابفن وذلك حسب just المنطقة,إذا أردت بعض المعجنات الصغيرة والغنية جرّب ما يُسمّى ببيرلينر أو بفانكوكن أو كرابفن حسب وذلك المنطقة,إذا أردت بعض المعجنات الصغيرة والغنية جرّب ما يُسمّى ببيرلينر أو بفانكوكن أو كرابفن وذلكcحسب المنطقة,إذا أردت بعض المعجنات الصغيرة والغنية جرّب ما يُسمّى ببيرلينر أو بفانكوكن أو just كرابفن وذلك حسب المنطقة,إذا أردت بعض المعجنات الصغيرة والغنية جرّب ما يُسمّى ببيرلينر أو بفانكوكن أو كرابفن وذلك حسب المنطقة,5,5
1373,ar_eg,/Users/khushi/Documents/Team-team/fleurs_audio/ar_eg/1373.wav,وستتولى أيضاً تركيا حراسة مقاتلي داعش الذين تم أسرهم وقال البيان إن الدول الأوروبية رفضت إعادتهم,وستتولى تركيا أيضاً حراسة مقاتلي داعش الذين تم أسرهم وقال البيان إن الدول الأوروبية رفضت إعادتهم,وستتولى تركيا أيضاً حراسة مقاتلي الذين داعش تم أسرهم وقال البيان إن الدول الأوروبية رفضت إعادتهم,وستتولى تركيا أيضاً حراسة مقاتلي داعش الذين تم أسرهم وقال البيان إن الدول الأوروبية إعادتهم رفضت,وستتولى تركيا أيضاً حراسة مقاتلي داعش الذين تم actually أسرهم وقال البيان إن الدول الأوروبية رفضت إعادتهم,2,2
1061,ar_eg,/Users/khushi/Documents/Team-team/fleurs_audio/ar_eg/1061.wav,ذكرت دراسة نُشرت يوم الخميس في مجلة ساينس عن نشأة نوع جديد الطيور من في جزر غالاباغوس الإكوادورية,ذكرت دراسة نُشرت يوم الخميس في مجلة ساينس عن نشأة نوع actually جديد من الطيور في جزر غالاباغوس الإكوادورية,ذكرت دراسة نُشرت يوم الخميس في مجلة ساينس عن نشlة نوع جديد من الطيور في جزر غالاباغوس الإكوادورية,ذكرت دراسة نُشرت يوم في الخميس مجلة ساينس عن نشأة نوع جديد من الطيور في جزر غالاباغوس الإكوادورية,ذكرت دراسة نُشرت يوم الخميس في مجلة ساينس عن نشأة نوع جديد من الطيور في جزر غالاباغوس الإكوادورية,5,5
1161,ar_eg,/Users/khushi/Documents/Team-team/fleurs_audio/ar_eg/1161.wav,إذا سقط الخيّال من فوق الحصان لكن بقيت قدمه عالقة في الطوق قد يتم جره إذا ركض الحصان بعيداً هناك عدد من الاحتياطات التي يمكن اتخاذها للحد من ذلك الخnر,إذا سقط الخيّال من فوق just الحصان لكن بقيت قدمه عالقة في الطوق قد يتم جره إذا ركض الحصان بعيداً هناك عدد من الاحتياطات التي يمكن اتخاذها للحد من ذلك الخطر,إذا سقط الخيّال من فوق الحصان لكن بقيت قدمه عالقة في الطوق قد يتم جره إذا ركض بعيداً الحصان هناك عدد من الاحتياطات التي يمكن اتخاذها للحد من ذلك الخطر,إذا سقط الخيّال من فوق الحصlن لكن بقيت قدمه عالقة في الطوق قد يتم جره إذا ركض الحصان بعيداً هناك عدد من الاحتياطات التي يمكن اتخاذها للحد من ذلك الخطر,إذا سقط الخيّال من فوق الحصان لكن بقيت قدمه عالقة في الطوق قد يتم جره إذا ركض الحصان بعيداً هناك عدد من الاحتياطات التي يمكن اتخاذها للحد من ذلك الخطر,5,5
670,ar_eg,/Users/khushi/Documents/Team-team/fleurs_audio/ar_eg/670.wav,يتطلب أي مخيم أسفل الحافة في غراند كانيون basically تصريحاً للتخييم الليلي,يتطلب أي مخيم أسفل الحافة في غراند كانيون تصريحاً للتخييم الليلي,يتطلب أي مخيم أسفل الحافة غراند كانيون تصريحاً للتخييم الليلي,يتطلب أي أسفل مخيم الحافة في غراند كانيون تصريحاً للتخييم الليلي,يتطلب basically أي مخيم أسفل الحافة في غراند كانيون تصريحاً للتخييم الليلي,2,2
110,ar_eg,/Users/khushi/Documents/Team-team/fleurs_audio/ar_eg/110.wav,ستسافر الكبسولة بسرعة 12.8 كيلومترًا أو 8 أميال في الثانية وهي سرعة كافية للانتقال من basically سان فرانسيسكو إلى لوس أنجلوس في دقيقة واحدة,ستسافر الكبسولة بسرعة 12.8 كيلومترًا أو 8 أميال في الثانية وهي سرعة كافية للانتقال من سان فرانسيسكو إلd لوس أنجلوس في دقيقة واحدة,ستسافر الكبسولة بسرعة 12.8 كيلومترًاyأو 8 أميال في الثانية وهي سرعة كافية للانتقال من سان فرانسيسكو إلى لوس أنجلوس في دقيقة واحدة,ستسافر الكبسولة 12.8 بسرعة كيلومترًا أو 8 أميال في الثانية وهي سرعة كافية للانتقال من سان فرانسيسكو إلى لوس أنجلوس في دقيقة واحدة,ستسافر الكبسولة بسرعة 12.8 كيلومترًا أو 8 أميال في الثانية وهي سرعة كافية للانتقال من سان فرانسيسكو إلى لوس أنجلوس في دقيقة واحدة,5,5
1453,ar_eg,/Users/khushi/Documents/Team-team/fleurs_audio/ar_eg/1453.wav,حدود السرعة المعلنة أقل بشكل ملحوظ مما كانت عليه في السابقة واللاحقة — عادة 35-40 ميل في الساعة 56-64 كم / ساعة — والطاعة الصارمة لهم أكثر أهمية من غير ذلك,حدود السرعة المعلنة أقل بشكل ملحوظ مما كانت عليه في الأقسام السابقة واللاحقة — عادة 35-40 في ميل الساعة 56-64 كم / ساعة — والطاعة الصارمة لهم أكثر أهمية من غير ذلك,حدود السرعة المعلنة أقل بشكل ملحوظ مما كانت عليه في الأقسام السابقة واللاحقة — عادة 35-40 ميل في الساعة 56-64 كم / ساعة — والطاعة الصارمة لهم أهمية أكثر من غير ذلك,حدود السرعة المعلنة أقلdبشكل ملحوظ مما كانت عليه في الأقسام السابقة واللاحقة — عادة 35-40 ميل في الساعة 56-64 كم / ساعة — والطاعة الصارمة لهم أكثر أهمية من غير ذلك,حدود السرعة المعلنة أقل بشكل ملحوظ مما كانت عليه في الأقسام السابقة واللاحقة — عادة 35-40 ميل في الساعة 56-64 كم / ساعة — والطاعة الصارمة لهم أكثر أهمية من غير ذلك,5,5
750,ar_eg,/Users/khushi/Documents/Team-team/fleurs_audio/ar_eg/750.wav,لركوب سيارتك الخاصة والانطلاق بها في طويلة جاذبية ذاتية تكمن في بساطة الأمر,لركوب سيارتك الخاصة والانطلاق بها في رحلة طويلة جاذبية ذاتية تكمن في بساطة الأمر,لركوب سيارتك الخاصة والانطلاق بها في رحلة طويلة جاذبية ذاتية تكمن بساطة في الأمر,لركوب سيارتك الخاصة والانطلاق بها في رحلh طويلة جاذبية ذاتية تكمن في بساطة الأمر,لركوب سيارتك الخاصة والانطلاق بها في رحلة طويلة ذاتية تكمن في بساطة الأمر,2,2
461,ar_eg,/Users/khushi/Documents/Team-team/fleurs_audio/ar_eg/461.wav,تصنع معظم basically أجهزة التلفاز بطريقة ترضي عامة الجمهور,تصنع معظم أجهزة التلفاز بطريقة ترضي cامة الجمهور,تصنع معظم أجهزة التلفاز بطريقة ترضي عامة الجمهور,تصنع معظم أجهزة التلفاز بطريقة عامة ترضي الجمهور,تصنع معظم أجهزة التلفاز ترضي عامة الجمهور,3,3
1369,ar_eg,/Users/khushi/Documents/Team-team/fleurs_audio/ar_eg/1369.wav,قام كيرتس كوبر عالم رياضيات وأستاذ علوم also حاسب آلي بجامعة سنترال ميزوري باكتشاف أكبر عدد أولي معروف حتى الآن في 25 كانون الثاني,قام كيرتس كوبر عالم رياضيات وأستاذ علوم حاسب آلي بجامعة سنترال ميزوري باكتشاف أكبر عدد أولي معروف حتى الآن also في 25 كانون الثاني,قام كيرتس كوبر عالم رياضيات وأستiذ علوم حاسب آلي بجامعة سنترال ميزوري باكتشاف أكبر عدد أولي معروف حتى الآن في 25 كانون الثاني,قام كيرتس كوبر عالم رياضيات وأستاذ علوم حاسب آلي بجامعة سنترال ميزوري باكتشاف أكبر عدد أولي just معروف حتى الآن في 25 كانون الثاني,قام كيرتس كوبر عالم رياضيات وأستاذ علوم حاسب آلي بجامعة سنترال ميزوري باكتشاف أكبر عدد أولي معروف حتى الآن في 25 كانون الثاني,5,5
191,ar_eg,/Users/khushi/Documents/Team-team/fleurs_audio/ar_eg/191.wav,تم المسافرين منح الماء أثناء الانتظار في درجة حرارة تصل إلى 90 درجة فهرنهايت,تم منح المسافرين أثناء الماء الانتظار في درجة حرارة تصل إلى 90 درجة فهرنهايت,تم منح المسافرين الماء أثناء في الانتظار درجة حرارة تصل إلى 90 درجة فهرنهايت,تم منح المسافرين الماء أثناء الانتظار في درجة حرارة تصل إلى 90 درجة فهرنهايت,تم منح المسافرين الماء أثناءaالانتظار في درجة حرارة تصل إلى 90 درجة فهرنهايت,4,4
457,ar_eg,/Users/khushi/Documents/Team-team/fleurs_audio/ar_eg/457.wav,وقد أتاح ذلك لعدسات التكبير والتصغير إنتاج صور بجودة مماثلة لتلك التي حققتها العدسات ذات الطول البؤري الثابت,وقد أتاح ذلك لعدسات التكبير والتصغير إنتاج صور بجودة لتلك مماثلة التي حققتها العدسات ذات الطول البؤري الثابت,وقد أتاح ذلك لعدسات التكبير والتصغير إنتاج صور بجودة مماثلة لتلك حققتها العدسات ذات الطول البؤري الثابت,وقد أتاح ذلك just لعدسات التكبير والتصغير إنتاج صور بجودة مماثلة لتلك التي حققتها العدسات ذات الطول البؤري الثابت,وقد أتاح ذلك لعدسات التكبير والتصغير إنتrج صور بجودة مماثلة لتلك التي حققتها العدسات ذات الطول البؤري الثابت,1,1
1139,ar_eg,/Users/khushi/Documents/Team-team/fleurs_audio/ar_eg/1139.wav,قد يحدث الطقس القاسي في أي في مكان العالم وتوجد أنواع مختلفة منه اعتمادًا على الجغرافيا والطبوغرافيا والظروف الجوية,قد يحدث الطقس القاسي في أي مكان في العالم وتوجد أنواع مختلفة منه اعتمادًا على الجغرافيا والطبوغرافيا والظروف الجوية,قد يحدث الطقس القاسي في أي مكان في العالم وتوجد أنواع مختلفة منه اعتمادًا also على الجغرافيا والطبوغرافيا والظروف الجوية,قد يحدث الطقس القاسي في أي مكان العالم في وتوجد أنواع مختلفة منه اعتمادًا على الجغرافيا والطبوغرافيا والظروف الجوية,قد يحدث الطقس القاسي also في أي مكان في العالم وتوجد أنواع مختلفة منه اعتمادًا على الجغرافيا والطبوغرافيا والظروف الجوية,2,2
778,ar_eg,/Users/khushi/Documents/Team-team/fleurs_audio/ar_eg/778.wav,اُستخدم العديد من تنسيقات الأفلام المختلفة على مدار السنين، ومن بين هذا التنسيقات حظى الفيلم القياسي مقاس 35 مم 36× 24 مم نيجاتيف actually على الانتشار الأوسع,اُستخدم العديد من تنسيقات الأفلام المختلفة على مدار السنين، ومن بين هذا التنسيقات حظى الفيلم القياسي مقاس 35 مم 36× 24 مم نيجاتيف على الانتشار الأوسع,اُستخدم العديد من تنسيقات الأفلام المختلفة على مدار السنين، ومن بين هذا التنسيقات حظى الفيلم القياسي مقاس 35 مم 36× 24 مم نيجاتيف على الانتشار really الأوسع,العديد اُستخدم من تنسيقات الأفلام المختلفة على مدار السنين، ومن بين هذا التنسيقات حظى الفيلم القياسي مقاس 35 مم 36× 24 مم نيجاتيف على الانتشار الأوسع,اُستخدم العديد من تنسيقات الأفلام المختلفة على مدار السنين، ومن بين هذا التنسيقات الفيلم القياسي مقاس 35 مم 36× 24 مم نيجاتيف على الانتشار الأوسع,2,2
1185,ar_eg,/Users/khushi/Documents/Team-team/fleurs_audio/ar_eg/1185.wav,يمكنك أيضاً أن تحصل على سبائك تحتوي على كميات صغيرة من العناصر غير المعدنية مثل just الكربون,يمكنك أيضاً تحصل أن على سبائك تحتوي على كميات صغيرة من العناصر غير المعدنية مثل الكربون,يمكنك أيضاً أن تحصل على سبائك تحتوي على كميات صغيرة من العناصر غير المعدنية مثل الكربون,يمكنك أيضاً أن تحصل على سبائك تحتوي على كميات صغيرة من العناصر غير المعدنية مثل الكربون also,يمكkك أيضاً أن تحصل على سبائك تحتوي على كميات صغيرة من العناصر غير المعدنية مثل الكربون,3,3
557,ar_eg,/Users/khushi/Documents/Team-team/fleurs_audio/ar_eg/557.wav,يُمكن الذرة واحدة من وحدات البناء الأساسية لكل المواد,يُمكن اعتبار الذرة واحدة hن وحدات البناء الأساسية لكل المواد,يُمكن اعتبار الذرة واحدة من البناء وحدات الأساسية لكل المواد,يُمكن اعتبار الذرة واحدة من وحدات البناء الأساسية لكل المواد,يُمكن الذرة اعتبار واحدة من وحدات البناء الأساسية لكل المواد,4,4
480,ar_eg,/Users/khushi/Documents/Team-team/fleurs_audio/ar_eg/480.wav,لن تبذل مجهوداً كبيراً إذا اتبعت تلك just الطريقة ضع نصب عينيك أنه ليس عليك الضغط على المفاتيح بقوةٍ كبيرةٍ لتحصل على مستوى صوتٍ أعلى كما في البيانو,لن تبذل مجهوداً كبيراً إذا اتبعت تلك الطريقة ضع نصب عينيك أنه ليس عليك الضغط على بقوةٍ كبيرةٍ لتحصل على مستوى صوتٍ أعلى كما في البيانو,لن تبذل مجهوداً إذا اتبعت تلك الطريقة ضع نصب عينيك أنه ليس عليك الضغط على المفاتيح بقوةٍ كبيرةٍ لتحصل على مستوى صوتٍ أعلى كما في البيانو,لن تبذل مجهوداً كبيراً إذا اتبعت تلك الطريقة ضع نصب عينيك ليس عليك الضغط على المفاتيح بقوةٍ كبيرةٍ لتحصل على مستوى صوتٍ أعلى كما في البيانو,لن تبذل مجهوداً كبيراً إذا اتبعت تلك الطريقة ضع نصب عينيك أنه ليس عليك الضغط على المفاتيح بقوةٍ كبيرةٍ لتحصل على مستوى صوتٍ أعلى كما في البيانو,5,5
308,ar_eg,/Users/khushi/Documents/Team-team/fleurs_audio/ar_eg/308.wav,مات أوساكا في يوم الثلاثاء,في أوساكا يوم الثلاثاء,مات في أوساكا يوم الثلاثاء,مات في أوساكا يوم الثلاkاء,مات في أوساكا يوم very الثلاثاء,3,3
1279,ar_eg,/Users/khushi/Documents/Team-team/fleurs_audio/ar_eg/1279.wav,بعد أسبوعٍ من في الخسائر انتخابات التجديد النصفي، أخبر بوش جمهوره عن توسيع التجارة في قارة آسيا,بعد أسبوعٍ من الخسائر في انتخابات التجديد النصفي، أخبر بوش جمهوره just عن توسيع التجارة في قارة آسيا,بعد أسبوعٍ من الخسائر في انتخابات التجديد النصفي، أخبر بوش جمهوره عن توسيع التجارة في قارة آسيا,بعد أسبوعٍ من الخسائر في انتخابات التجديد أخبر بوش جمهوره عن توسيع التجارة في قارة آسيا,بعد أسبوعٍ من الخسائر في انتخابات التجديد النqفي، أخبر بوش جمهوره عن توسيع التجارة في قارة آسيا,3,3
321,ar_eg,/Users/khushi/Documents/Team-team/fleurs_audio/ar_eg/321.wav,وeنذ ذلك الوقت سجّل حجم الاقتصاد الصيني نمواً بلغ 90 مرة,ومنذ ذلك الوقت سجّل حجم الاقتصاد الصيني نمواً بلغ 90 مرة,ومنذ ذلك الوقت سجّل حجم الاقتصاد الصينr نمواً بلغ 90 مرة,ذلك ومنذ الوقت سجّل حجم الاقتصاد الصيني نمواً بلغ 90 مرة,ومنذ ذلك الوقت سجّل حجم الاقتصاد الصيني نمواً just بلغ 90 مرة,2,2
1378,ar_eg,/Users/khushi/Documents/Team-team/fleurs_audio/ar_eg/1378.wav,توفّر البيانات المرتبطة بعلم الأعصاب أدلّة ملموسة للمنهج النظري في تقصّي المعرفة بذلك تعمل تقلُّص على منطقة البحث وتجعلها أكثر دقّة بكثير,توفّر البيانات المرتبطة بعلم الأعصاب أدلّة ملموسة للمنهج النظري في تقصّي المعرفة بذلك تعمل على تقلُّص منطقة البحث وتجعلها أكثر دقّة بكثير,really توفّر البيانات المرتبطة بعلم الأعصاب أدلّة ملموسة للمنهج النظري في تقصّي المعرفة بذلك تعمل على تقلُّص منطقة البحث وتجعلها أكثر دقّة بكثير,توفّر البيانات المرتبطة بعلم الأعصاب أدلّة ملموسة للمنهج النظري في تقصjي المعرفة بذلك تعمل على تقلُّص منطقة البحث وتجعلها أكثر دقّة بكثير,توفّر البيانات المرتبطة بعلم الأعصاب أدلّة ملموسة للمنهج النظري في تقصّي actually المعرفة بذلك تعمل على تقلُّص منطقة البحث وتجعلها أكثر دقّة بكثير,2,2
640,ar_eg,/Users/khushi/Documents/Team-team/fleurs_audio/ar_eg/640.wav,يحفّز الاتصال غير المتزامن لتخصيص الوقت والتفاعل للتأمل تجاه الآخرين,يحفّز الاتصال غير المتزامن لتخصيص الوقت للتأمل really والتفاعل تجاه الآخرين,يحفّز really الاتصال غير المتزامن لتخصيص الوقت للتأمل والتفاعل تجاه الآخرين,يحفّز الاتصال غير المتزامن لتخصيص actually الوقت للتأمل والتفاعل تجاه الآخرين,يحفّز الاتصال غير المتزامن لتخصيص الوقت للتأمل والتفاعل تجاه الآخرين,5,5
90,ar_eg,/Users/khushi/Documents/Team-team/fleurs_audio/ar_eg/90.wav,غير أن مصدر مطلع على مجريات التحقيق قد أفاد صحيفة مينيابوليس ستار تريبيون إن الفاعل لويس جوردن نجل الرئيس القبلي لريد ليك فلويد جوردن البالغ من العمر 16 عاماً,غير أن مصدر مطلع على مجريات التحقيق قد أفاد صحيفة مينيابوليس ستار تريبيون إن الفاtل لويس جوردن نجل الرئيس القبلي لريد ليك فلويد جوردن البالغ من العمر 16 عاماً,غير أن مصدر مطلع على مجريات التحقيق قد أفاد صحيفة مينيابوليس ستار تريبيون إن الفاعل لويس جوردن نجل الرئيس القبلي لريد ليك فلويد جوردن البالغ منeالعمر 16 عاماً,غير أن مطلع مصدر على مجريات التحقيق قد أفاد صحيفة مينيابوليس ستار تريبيون إن الفاعل لويس جوردن نجل الرئيس القبلي لريد ليك فلويد جوردن البالغ من العمر 16 عاماً,غير أن مصدر مطلع على مجريات قد التحقيق أفاد صحيفة مينيابوليس ستار تريبيون إن الفاعل لويس جوردن نجل الرئيس القبلي لريد ليك فلويد جوردن البالغ من العمر 16 عاماً,1,1
1,ar_eg,/Users/khushi/Documents/Team-team/fleurs_audio/ar_eg/1.wav,في يوم الاثنين أعلن علماء من كلية الطب بجامعة ستانفورد عن اختراع أداة تشخيصية جديدة يمكنها تصنيف الخلايا حسب النوع شريحة صغيرة قابلة للطباعة يمكن تصنيعها باستخدام طابعات نفاثة basically للحبر قياسية مقابل حوالي سنت أمريكي واحد لكل منها,يوم في الاثنين أعلن علماء من كلية الطب بجامعة ستانفورد عن اختراع أداة تشخيصية جديدة يمكنها تصنيف الخلايا حسب النوع شريحة صغيرة قابلة للطباعة يمكن تصنيعها باستخدام طابعات نفاثة للحبر قياسية مقابل حوالي سنت أمريكي واحد لكل منها,في يوم الاثنين أعلن علماء من كلية الطب بجامعة ستانفورد عن اختراع أداة تشخيصية جديدة يمكنها تصنيف الخلايا حسب النوع شريحة صغيرة قابلة للطباعة يمكن تصنيعها باستخدام طابعات نفاثة للحبر قياسية مقابل حوالي سنت أمريكي واحد لكل منها,في يوم الاثنين أعلن علماء من كلية الطب بجامعة ستانفورد عن اختراع أداة تشخيصية جديدة يمكنها تصنيف really الخلايا حسب النوع شريحة صغيرة قابلة للطباعة يمكن تصنيعها باستخدام طابعات نفاثة للحبر قياسية مقابل حوالي سنت أمريكي واحد لكل منها,في يوم الاثنين أعلن basically علماء من كلية الطب بجامعة ستانفورد عن اختراع أداة تشخيصية جديدة يمكنها تصنيف الخلايا حسب النوع شريحة صغيرة قابلة للطباعة يمكن تصنيعها باستخدام طابعات نفاثة للحبر قياسية مقابل حوالي سنت أمريكي واحد لكل منها,3,3
1026,ar_eg,/Users/khushi/Documents/Team-team/fleurs_audio/ar_eg/1026.wav,تستخدo الضيائيّة والدوران معاً في تحديد رقم روسبي الخاص بالنجم والمتعلّق بتدفّق البلازما,تستخدم الضيائيّة والدوران معاً في تحديد رقم روسبي الخاص بالنجم والمتعلّق بتدفّق البلازما,really تستخدم الضيائيّة والدوران معاً في تحديد رقم روسبي الخاص بالنجم والمتعلّق بتدفّق البلازما,تستخدم والدوران معاً في تحديد رقم روسبي الخاص بالنجم والمتعلّق بتدفّق البلازما,تستخدم الضيائيّة والدوران معاً في تحديد رقم الخاص بالنجم والمتعلّق بتدفّق البلازما,2,2
678,ar_eg,/Users/khushi/Documents/Team-team/fleurs_audio/ar_eg/678.wav,تتفاوت متطلبات التأشيرات وتكالqفها باختلاف الدول وتتأثر أيضاً تلك المتطلبات بالدولة الآتي منها,تتفاوت متطلبات التأشيرات وتكاليفها باختلاف الدول وتتأثر أيضاً تلك المتطلبات بالدولة الآتي منها,متطلبات تتفاوت التأشيرات وتكاليفها باختلاف الدول وتتأثر أيضاً تلك المتطلبات بالدولة الآتي منها,تتفاوت متطلبات التأشيرات وتكاليفها الدول وتتأثر أيضاً تلك المتطلبات بالدولة الآتي منها,تتفاوت متطلبات التأشيرات وتكاليفها باختلاف الدول أيضاً تلك المتطلبات بالدولة الآتي منها,2,2
219,ar_eg,/Users/khushi/Documents/Team-team/fleurs_audio/ar_eg/219.wav,لم الجميع يكن داعماً لتضمين مراتب للنساء,لم يكن الجميع داعماp لتضمين مراتب للنساء,لم يكن الجميع داعماً لتضمين مراتب,لم يكن الجميع داعماً لتضمين للنساء,لم يكن الجميع داعماً لتضمين مراتب للنساء,5,5
176,ar_eg,/Users/khushi/Documents/Team-team/fleurs_audio/ar_eg/176.wav,اكتسبت إشادة نقدية خلال تواجدها في أتلانتا واعتُرف بدورها في التعليم الحضري just المبتكر,اكتسبت إشادة نقدية خلال تواجدها في أتلانتا واعتُرف بدورها في التعليم المبتكر الحضري,اكتسبت إشادة نقدية خلال تواجدها في أتلانتا بدورها واعتُرف في التعليم الحضري المبتكر,اكتسبت إشادة نقدية خلال تواجدها basically في أتلانتا واعتُرف بدورها في التعليم الحضري المبتكر,اكتسبت إشادة نقدية خلال تواجدها في أتلانتا واعتُرف بدورها في التعليم الحضري المبتكر,5,5
54,ar_eg,/Users/khushi/Documents/Team-team/fleurs_audio/ar_eg/54.wav,تشهد جلسة الاستماع أيضاً على تحديد تاريخ حق المشتبه فيه also في محاكمة سريعة,تشهد جلسة الاستماع أيضاً على تحديد تاريخ حق المشتبه فيه في basically محاكمة سريعة,تشهد جلسة الاستماع أيضاً على تحديد تاريخ حق المشتبه فيه في محاكمة سريعة,تشهد جلسة الاستماع أيضاً تحديد تاريخ حق المشتبه فيه في محاكمة سريعة,dشهد جلسة الاستماع أيضاً على تحديد تاريخ حق المشتبه فيه في محاكمة سريعة,3,3
693,ar_eg,/Users/khushi/Documents/Team-team/fleurs_audio/ar_eg/693.wav,تصريح أنغكور مطلوب لدخول المعبد لذلك لا تنس أن تحضر جواز سفرك معك عندما تتجه إلى تونلي ساب,تصريح أنغكور مطلوب لدخول المعبد لذلك لا تنس أن تحضر جواز سفرك معك عندما تتجه إلى تونلي ساب actually,تصريح أنaكور مطلوب لدخول المعبد لذلك لا تنس أن تحضر جواز سفرك معك عندما تتجه إلى تونلي ساب,تصريح أنغكور مطلوب لدخول just المعبد لذلك لا تنس أن تحضر جواز سفرك معك عندما تتجه إلى تونلي ساب,تصريح أنغكور مطلوب لدخول المعبد لذلك لا تنس أن تحضر سفرك معك عندما تتجه إلى تونلي ساب,1,1
470,ar_eg,/Users/khushi/Documents/Team-team/fleurs_audio/ar_eg/470.wav,في ثمانينيات القرن الرابع عشر 1480 عندما بدأ اللورد هاستينجز في بنائه كانت البلاد هادئة نسبيًا وكان الدفاع مطلوبًا فقط ضد مجموعات صغيرة من اللصوص المتجولين,في ثمانينيات القرن الرابع عشر 1480 عندما بدأ اللورy هاستينجز في بنائه كانت البلاد هادئة نسبيًا وكان الدفاع مطلوبًا فقط ضد مجموعات صغيرة من اللصوص المتجولين,في ثمانينيات القرن الرابع عشر 1480 عندما بدأ اللورد هاستينجز في بنائه كانت البلاد هادئة نسبيًا وكان الدفاع مطلوبًا ضد فقط مجموعات صغيرة من اللصوص المتجولين,في ثمانينيات القرن الرابع عشر 1480 عندما بدأ اللورد هاستينجز في بنائه كانت البلاد هادئة نسبيًا وكان الدفاع مطلوبًا فقط ضد مجgوعات صغيرة من اللصوص المتجولين,في ثمانينيات القرن الرابع عشر 1480 عندما بدأ اللورد هاستينجز في بنائه كانت البrاد هادئة نسبيًا وكان الدفاع مطلوبًا فقط ضد مجموعات صغيرة من اللصوص المتجولين,1,1
803,ar_eg,/Users/khushi/Documents/Team-team/fleurs_audio/ar_eg/803.wav,ويمكن أن تشمل الأحداث الصحية الطويلة الأجل المحتملة الناجمة عن الإفراط في شرب المشروبات الكحولية really إلحاق الضرر بالكبد بل وحتى العمى والموت يزداد الخطر المحتمل عند استهلاك الكحول المنتج بشكل غير قانوني,ويمكن أن تشمل الأحداث الصحية الطويلة الأجل المحتملة الناجمة عن في الإفراط شرب المشروبات الكحولية إلحاق الضرر بالكبد بل وحتى العمى والموت يزداد الخطر المحتمل عند استهلاك الكحول المنتج بشكل غير قانوني,ويمكن أن تشمل الأحداث الصحية الطويلة الأجل المحتملة الناجمة عن الإفراط في شرب المشروبات الكحولية إلحاق الضرر بالكبد بل وحتى العمى والموت يزداد الخطر المحتمل عند استهلاك المنتج بشكل غير قانوني,ويمكن أن تشمل الأحداث الصحية الطويلة الأجل المحتملة الناجمة عن الإفراط في شرب المشروبات الكحولية إلحاق الضرر بالكبد بل وحتى العمى والموت يزداد الخطر المحتمل عند استهلاك الكحول المنتج بشكل غير قانوني,ويمكن أن تشمل الأحداث الyحية الطويلة الأجل المحتملة الناجمة عن الإفراط في شرب المشروبات الكحولية إلحاق الضرر بالكبد بل وحتى العمى والموت يزداد الخطر المحتمل عند استهلاك الكحول المنتج بشكل غير قانوني,4,4
196,ar_eg,/Users/khushi/Documents/Team-team/fleurs_audio/ar_eg/196.wav,من المُقرّر أن يغيب ماسا لما تبقى من موسم 2009 على أقل تقدير,من المُقرّر أن يغيب ماسا لما من موسم 2009 على أقل تقدير,من المُقرّر أن يغيب ماسا لما تبقى really من موسم 2009 على أقل تقدير,من المُقرّر أن يغيب ماسا لما تبقى من موسم 2009 على تقدير أقل,من المُقرّر أن يغيب ماسا تبقى من موسم 2009 على أقل تقدير,1,1
204,ar_eg,/Users/khushi/Documents/Team-team/fleurs_audio/ar_eg/204.wav,وقد صاحب بعض حالات هطول الأمطار رعدية وبرق متكرر,وقد صاحب بعض حالات هطول الأمطار عواصف رعدية وبرق متكرر,وقد صاحب بعض حالات هطول الأمطsر عواصف رعدية وبرق متكرر,bقد صاحب بعض حالات هطول الأمطار عواصف رعدية وبرق متكرر,وقد بعض صاحب حالات هطول الأمطار عواصف رعدية وبرق متكرر,2,2
596,ar_eg,/Users/khushi/Documents/Team-team/fleurs_audio/ar_eg/596.wav,الخليّة هي أصغر الأجزاء البنيويّة والوظيفيّة في basically الكائنات الحيّة الأشياء,الخليّة هي أصغر الأجزاء البنيويّة والوظيفيّة في الحيّة الأشياء,الخليّة هي أصغر الأجزاء البنيويّة والوظيفيّة في الكائنات الحيّة الأشياء,الخليّة هي الأجزاء البنيويّة والوظيفيّة في الكائنات الحيّة الأشياء,الخليّة هي أصغر الأجزاء البنيويّة والوظيفيّة فb الكائنات الحيّة الأشياء,3,3
1264,ar_eg,/Users/khushi/Documents/Team-team/fleurs_audio/ar_eg/1264.wav,قال تومي دريمر لونا كانت أول ملكة متطرفة مديرتي الأولى توفيت really لونا في ليلة القمرين امرأة قوية فريدة من نوعها,قال تومي دريمر لونا كانت أول ملكة متطرفة just مديرتي الأولى توفيت لونا في ليلة القمرين امرأة قوية فريدة من نوعها,قال تومي دريمر لونا كانت أول ملكة متطرفة مديرتي الأولى توفيت لونا في ليلة القمرين امرأة قوية فريدة من نوعها,قال تومي دريمر لونا كانت أول ملكة متطرفة مديرتي الأولى really توفيت لونا في ليلة القمرين امرأة قوية فريدة من نوعها,قال تومي دريمر لونا كانت أول ملكة متطرفة الأولى مديرتي توفيت لونا في ليلة القمرين امرأة قوية فريدة من نوعها,3,3
848,ar_eg,/Users/khushi/Documents/Team-team/fleurs_audio/ar_eg/848.wav,إذا كنت تريد أن تتعلم رمي الخشبة المرتدة التي تعود إلى يدك بعد رميها فتأكد من أن لديك الخشبة المناسبة لكي تعود لك,إذا كنت تريد أن رمي الخشبة المرتدة التي تعود إلى يدك بعد رميها فتأكد من أن لديك الخشبة المناسبة لكي تعود لك,إذا كنت تريد أن تتعلم رمي الخشبة المرتدة التي تعود إلى يدك بعدfرميها فتأكد من أن لديك الخشبة المناسبة لكي تعود لك,إذا كنت تريد أن تتعلم رمي المرتدة التي تعود إلى يدك بعد رميها فتأكد من أن لديك الخشبة المناسبة لكي تعود لك,إذا كنت تريد أن تتعلم رمي الخشبة yلمرتدة التي تعود إلى يدك بعد رميها فتأكد من أن لديك الخشبة المناسبة لكي تعود لك,1,1
1289,ar_eg,/Users/khushi/Documents/Team-team/fleurs_audio/ar_eg/1289.wav,أسماك القرش موجودة بالفعل لكنها نادرًا ما تهاجم البشر تخاف معظم أسماك القرش من البشر وتسبح إن رأت أحدهم,أسماك القرش موجودة بالفعل لكنها نادرًا ما تهاجم البشر تخاف معظم أسماك القرش من البشر وتسبح بعيدًا إن رأت أحدهم,أسماك القرش موجودة بالفعل لكنها also نادرًا ما تهاجم البشر تخاف معظم أسماك القرش من البشر وتسبح بعيدًا إن رأت أحدهم,أسماk القرش موجودة بالفعل لكنها نادرًا ما تهاجم البشر تخاف معظم أسماك القرش من البشر وتسبح بعيدًا إن رأت أحدهم,أسماك القرش موجودة بالفعل لكنها نادرًا ما تهاجم البشر تخاف معظم أسماك القرش من البشر وتسبح بعيدًا إن أحدهم,2,2
114,ar_eg,/Users/khushi/Documents/Team-team/fleurs_audio/ar_eg/114.wav,رفضت حكومة أستراليا المحافظة السابقة التصديق على بروتوكول كيوتو بزعم أنه سيضر بالاقتصاد لاعتماده الكبير على صادرات الفحم بينما لم تُلزم دول مثل الهند والصين بأهداف للحد من الانبعاثات,رفضت حكومة أستراليا المحافظة السابقة التصديق على بروتوكول كxوتو بزعم أنه سيضر بالاقتصاد لاعتماده الكبير على صادرات الفحم بينما لم تُلزم دول مثل الهند والصين بأهداف للحد من الانبعاثات,رفضت حكومة أستراليا المحافظة السابقة التصديق على بروتوكول كيوتو بزعم أنه سيضر بالاقتصاد لاعتماده الكبير على صادرات الفحم بينما لم تُلزم دول مثل الهند والصين بأهداف من للحد الانبعاثات,رفضت حكومة أستراليا المحافظة السابقة التصديق على بروتوكول كيوتو بزعم أنه سيضر بالاقتصاد لاعتماده الكبير على صادرات الفحم بينما لم تُلزم دول مثل الهند والصين بأهداف للحد just من الانبعاثات,رفضت حكومة أستراليا المحافظة السابقة التصديق على بروتوكول كيوتو بزعم أنه سيضر بالاقتصاد لاعتماده الكبير على صادرات الفحم بينwا لم تُلزم دول مثل الهند والصين بأهداف للحد من الانبعاثات,1,1
941,ar_eg,/Users/khushi/Documents/Team-team/fleurs_audio/ar_eg/941.wav,أسهل طريقة very للبدء في مجال كتابات السفر هي شحذ المهارات على موقع إلكتروني معتمد للمدوّنات السفريّة,أسهل للبدء طريقة في مجال كتابات السفر هي شحذ المهارات على موقع إلكتروني معتمد للمدوّنات السفريّة,أسهل طريقة للبدء في مجال كتابات السفر هي شحذ المهارات على موqع إلكتروني معتمد للمدوّنات السفريّة,أسهل طريقة للبدء في مجال كتابات السفر هي شحذ المهارات على موقع إلكتروني معتمد للمدوّنات السفريّة,أسهل طريقة للبدء في مجال كتابات هي شحذ المهارات على موقع إلكتروني معتمد للمدوّنات السفريّة,4,4
616,ar_eg,/Users/khushi/Documents/Team-team/fleurs_audio/ar_eg/616.wav,ومع هذا تشير أدلة جديدة إلى أن الموريوري كانوا مجموعة من بر ماوري also الرئيسي واللذين هاجروا من نيويلاندا إلى جزر الشاتام حيث طوروا ثقافتهم المميزة والسلمية,ومع هذا تشير أدلة جديدة إلى أن الموريوري كانوا مجموعة من بر ماوري الرئيسي واللذين هاجروا من نيويلاندا إلى جزر الشاتام حيث طوروا المميزة ثقافتهم والسلمية,ومع هذا تشير أدلة جديدة إلى أن الموريوري كانوا مجموعة من بر ماوري الرئيسي واللذين هاجروا من نيويلاندا إلى جزر الشاتام حيث طوروا ثقافتهم المميزة والسلمية,ومع هذا تشير أدلة جديدة إلى أن الموريوري كانوا مجموعw من بر ماوري الرئيسي واللذين هاجروا من نيويلاندا إلى جزر الشاتام حيث طوروا ثقافتهم المميزة والسلمية,ومع تشير هذا أدلة جديدة إلى أن الموريوري كانوا مجموعة من بر ماوري الرئيسي واللذين هاجروا من نيويلاندا إلى جزر الشاتام حيث طوروا ثقافتهم المميزة والسلمية,3,3
1108,ar_eg,/Users/khushi/Documents/Team-team/fleurs_audio/ar_eg/1108.wav,وقد تحركت قوات التحالف والقوات الأفغانية إلى المنطقة لتأمين الموقع وأرسلت طائرات التحالف very الأخرى للمساعدة,وقد تحركت قوات التحالف والقوات الأفغانية إلى المنطقة لتأمين الموقع وأرسلت طائرات التحالف الأخرى للمساعدة,وقد تحركت قوات التحالف والقوات الأفغانية المنطقة إلى لتأمين الموقع وأرسلت طائرات التحالف الأخرى للمساعدة,وقد تحركت قوات التحالف والقوات الأفغانية المنطقة لتأمين الموقع وأرسلت طائرات التحالف الأخرى للمساعدة,وقد تحركت قوات التحالف والقوات الأفغانية إلى المنطقة لتأمين وأرسلت طائرات التحالف الأخرى للمساعدة,2,2
304,ar_eg,/Users/khushi/Documents/Team-team/fleurs_audio/ar_eg/304.wav,وثّق في نفسه كتاب يعود لعام 1998,وثّق نفسه كتاب يعود لعام 1998,وثّق نفسه في يعود لعام 1998,وثّق نفسه just في كتاب يعود لعام 1998,وثّق نفسه في كتاب يعود لعام 1998,5,5
414,ar_eg,/Users/khushi/Documents/Team-team/fleurs_audio/ar_eg/414.wav,نعرف الكثير من السياسيين والعلماء والفنانين اليونانيين قد يكون الشخص الأكثر شهرة الذين نعرفهم من هذه الثقافة هو هوميروس الشاعر الأسطوري الذي فقد بصره والذي ألف رائعتين من روائع الأدب اليوناني ألا وهما الإلياذة والأوديسا,نعرف الكثير من السياسيين والعلماء والفنانين اليونانيين قد الشخص يكون الأكثر شهرة الذين نعرفهم من هذه الثقافة هو هوميروس الشاعر الأسطوري الذي فقد بصره والذي ألف رائعتين من روائع الأدب اليوناني ألا وهما الإلياذة والأوديسا,نعرف الكثير من السياسيين والعلماء والفنانين اليونانيين قد يكون الشخص الأكثر شهرة الذين نعرفهم من هذه الثقافة هو هوميروس الشاعر الأسطوري الذي فقد بصره والذي ألف رائعتين من روائع الأدب اليوناني ألا الإلياذة وهما والأوديسا,really نعرف الكثير من السياسيين والعلماء والفنانين اليونانيين قد يكون الشخص الأكثر شهرة الذين نعرفهم من هذه الثقافة هو هوميروس الشاعر الأسطوري الذي فقد بصره والذي ألف رائعتين من روائع الأدب اليوناني ألا وهما الإلياذة والأوديسا,نعرف الكثير من السياسيين والفنانين والعلماء اليونانيين قد يكون الشخص الأكثر شهرة الذين نعرفهم من هذه الثقافة هو هوميروس الشاعر الأسطوري الذي فقد بصره والذي ألف رائعتين من روائع الأدب اليوناني ألا وهما الإلياذة والأوديسا,1,1
676,ar_eg,/Users/khushi/Documents/Team-team/fleurs_audio/ar_eg/676.wav,ويمكن القيام بذلك باستخدام سيارة عادية مع التخطيط الدقيق ولكن ينصح باستخدام نظام الدفع الرباعي 4x4 بدرجة كبيرة، ويمكن الوصول إلى العديد من المواقع نظام الدفع الرباعي المزود بقاعدة عجلات عالية فقط,ويمكن القيام بذلك باستخدام سيارة عادية مع التخطيط الدقيق hلكن ينصح باستخدام نظام الدفع الرباعي 4x4 بدرجة كبيرة، ويمكن الوصول إلى العديد من المواقع باستخدام نظام الدفع الرباعي المزود بقاعدة عجلات عالية فقط,ويمكن القيام بذلك باستخدام سيارة عادية مع التخطيط الدقيق ولكن ينصح باستخدام نظام just الدفع الرباعي 4x4 بدرجة كبيرة، ويمكن الوصول إلى العديد من المواقع باستخدام نظام الدفع الرباعي المزود بقاعدة عجلات عالية فقط,ويمكن القيام بذلك باستخدام سيارة مع التخطيط الدقيق ولكن ينصح باستخدام نظام الدفع الرباعي 4x4 بدرجة كبيرة، ويمكن الوصول إلى العديد من المواقع باستخدام نظام الدفع الرباعي المزود بقاعدة عجلات عالية فقط,ويمكن القيام بذلك باستخدام سيارة عادية مع التخطيط الدقيق ولكن ينصح باستخدام نظام الدفع الرباعي 4x4 بدرجة كبيرة، ويمكن الوصول إلى العديد من المواقع باستخدام نظام الدفع الرباعي المزود بقاعدة عجلات عالية فقط,5,5
1465,ar_eg,/Users/khushi/Documents/Team-team/fleurs_audio/ar_eg/1465.wav,هذا يعني أنه يمكنك زيارة المدينة التاريخية أيام كاملة أثناء العودة والنوم على متن السفينةِ ليلًا,هذn يعني أنه يمكنك زيارة المدينة التاريخية لبضعةِ أيام كاملة أثناء العودة والنوم على متن السفينةِ ليلًا,هذا يعني أنه يمكنك زيارة المدينة التاريخية لبضعةِ أيام كاملة أثناء العودةvوالنوم على متن السفينةِ ليلًا,هذا يعني أنه يمكنك زيارة المدينة التاريخية لبضعةِ أيام كاملة أثناء العودة والنوم على السفينةِ متن ليلًا,هذا يعني أنه يمكنك زيارة المدينة التاريخية لبضعةِ أيام كاملة أثناء العودة والنوم على متن السفينةِ ليلًا,5,5
1446,ar_eg,/Users/khushi/Documents/Team-team/fleurs_audio/ar_eg/1446.wav,وبحلول 17 أيلول من عام 1939 كان الدفاع البولندي قد انهار بالفعل وكان الأمل الوحيد التراجع وإعادة التنظيم على طول الجسر الروماني,وبحلول 17 أيلول من عام 1939 كان الدفاع البولندي قد انهار بالفعل وكان الأمل الوحيد هو التراجع وإعادة التنظيم على طول الجسر الروماني,وبحلول 17 أيلول من عام 1939 كان الدفاع البولندي قد انهار بالفعل وكان الأمل الوحيد هو very التراجع وإعادة التنظيم على طول الجسر الروماني,وبحلول 17 أيلول من عام 1939 كان الدفاع البولندي قد انهار بالفعل وكان الأمل الوحيد التراجع هو وإعادة التنظيم على طول الجسر الروماني,وبحلول 17 أيلول من عام 1939 كان الدفاع البولندي قد انهار بالفعل وكان الأمل هو التراجع وإعادة التنظيم على طول الجسر الروماني,2,2
209,ar_eg,/Users/khushi/Documents/Team-team/fleurs_audio/ar_eg/209.wav,ووفقًا لتقارير فإنّ شقّة في شارع مكبيث انفجرت بسبب تسرّب غاز,ووفقًا لتقارير فإنّ في شارع مكبيث انفجرت بسبب تسرّب غاز,ووفقًا لتقارير فإنّ شقّة في شارع مكبيث انفجرت just بسبب تسرّب غاز,ووفقًا فإنّ لتقارير شقّة في شارع مكبيث انفجرت بسبب تسرّب غاز,ووفقًا لتقارير فإنّ شقّة في شارع مكبيث انفجرت تسرّب بسبب غاز,1,1
602,ar_eg,/Users/khushi/Documents/Team-team/fleurs_audio/ar_eg/602.wav,لا يزال للنيتروجين كغاز نفس خصائص النيتروجين الrائل تكون الحالة السائلة أكثر كثافة ولكن الجزيئات تبقى كما هي,لا يزال للنيتروجين also كغاز نفس خصائص النيتروجين السائل تكون الحالة السائلة أكثر كثافة ولكن الجزيئات تبقى كما هي,لا يزال للنيتروجين كغاز نفس خصائص النيتروجين really السائل تكون الحالة السائلة أكثر كثافة ولكن الجزيئات تبقى كما هي,لا يزال للنيتروجين كغاز نفس خصائص النيتروجين السائل تكون الحالة السائلة أكثر كثافة ولكن الجزيئات تبقى كما,لا يزال للنيتروجين كغاز نفس خصائص النيتروجين السائل تكون الحالة السائلة أكثر كثافة ولكن الجزيئات تبقى كما هي,5,5
303,ar_eg,/Users/khushi/Documents/Team-team/fleurs_audio/ar_eg/303.wav,تغير القانون الفرنسي يعود نشاطه السيtسي إلى سن 15 عندما انضم إلى المقاومة الفرنسية أثناء الحرب العالمية الثانية,تغير القانون الفرنسي يعود نشاطه السياسي إلى سن 15 عندما انضم إلى المقاومة الفرنسية أثناء الحرب الثانية,تغير القانون الفرنسي يعود نشاطه السياسي إلى سن 15 عندما انضم إلى المقاومة الفرنسية الحرب أثناء العالمية الثانية,تغير القانون الفرنسي يعود نشاطه السياسي سن إلى 15 عندما انضم إلى المقاومة الفرنسية أثناء الحرب العالمية الثانية,تغير القانون الفرنسي يعود نشاطه السياسي إلى سن 15 عندما انضم إلى المقاومة الفرنسية أثناء الحرب العالمية الثانية,5,5
930,ar_eg,/Users/khushi/Documents/Team-team/fleurs_audio/ar_eg/930.wav,قد تختلف أسعار رحلة الطيران الواحدة بشكل كبير بين مختلف محركات بحث الرحلات ومن المفيد مقارنة نتائج البحث وتفقد موقع شركة الطيران قبل نفسها الحجز,قد تختلف أسعار رحلة الطيران الواحدة بشكل كبير بين مختلف محركات بحث الرحلات ومن المفيد مقارنة نتائج البحث وتفقد موقع شركة الطيران نفسها قبل الحجز,قد تختلف أسعار رحلة actually الطيران الواحدة بشكل كبير بين مختلف محركات بحث الرحلات ومن المفيد مقارنة نتائج البحث وتفقد موقع شركة الطيران نفسها قبل الحجز,قد also تختلف أسعار رحلة الطيران الواحدة بشكل كبير بين مختلف محركات بحث الرحلات ومن المفيد مقارنة نتائج البحث وتفقد موقع شركة الطيران نفسها قبل الحجز,قد تختلف أسعار رحلة الطيران الواحدة بشكل كبير بين مختلف محركات بحث الرحلات ومن المفيد نتائج البحث وتفقد موقع شركة الطيران نفسها قبل الحجز,2,2
484,ar_eg,/Users/khushi/Documents/Team-team/fleurs_audio/ar_eg/484.wav,يتبع المتابعون طريقة معينة في الحياة أو ممارسات الoدف منها هو تعزيز تلك التجارب,يتبع المتابعون طريقة معينة في الحياة أو ممارسات الهدف هو منها تعزيز تلك التجارب,يتبع المتابعون طريقة معينة في الحياة أو ممارسات الهbف منها هو تعزيز تلك التجارب,يتبع المتابعون طريقة معينة في الحياة أو ممارسات الهدف منها هو تعزيز تلك التجارب,يتبع المتابعون طريقة معينة في الحياة أو ممارسات الهدف منها هو تعزيز التجارب,4,4
1192,ar_eg,/Users/khushi/Documents/Team-team/fleurs_audio/ar_eg/1192.wav,مع ذلك فإن هذا لا يأتي بثمن بخس كقواعد الإبهام الصارمة يمكنك أن تتوقع أن تدفع ما يصل إلى أربعة أضعاف الأجرة الاقتصادية العادية للأعمال التجارية وأحد zشر ضعفاً للدرجة الأولى,مع ذلك فإن هذا لا يأتي بثمن بخس كقواعد الإبهام الصارمة يمكنك أن تتوقع أن تدفع ما يصل إلى أربعة أضعاف الأجرة الاقتصادية العادية للأعمال وأحد التجارية عشر ضعفاً للدرجة الأولى,مع ذلك basically فإن هذا لا يأتي بثمن بخس كقواعد الإبهام الصارمة يمكنك أن تتوقع أن تدفع ما يصل إلى أربعة أضعاف الأجرة الاقتصادية العادية للأعمال التجارية وأحد عشر ضعفاً للدرجة الأولى,مع ذلك فإن هذا لا يأتي بثمن بخس كقواعد الإبهام الصارمة يمكنك أن تتوقع أن تدفع ما يصل إلى أربعة أضعاف الأجرة الاقتصادية العادية للأعمال التجارية وأحد عشر ضعفاً للدرجة الأولى,مع ذلك فإن هذا لا يأتي بثمن بخس كقواعد الإبهام الصارمة يمكنك أن تتوقع أن تدفع ما يصل إلى أربعة أضعاف الأجرة الاقتصادية العادية للأعمال التجارية وأحد عشر ضعفاً also للدرجة الأولى,4,4
274,ar_eg,/Users/khushi/Documents/Team-team/fleurs_audio/ar_eg/274.wav,وهناك مخاوف من أن يستمر المرضى في المزيد من الناس بالعدوى من خلال العمل الروتيني اليومي إذا ظلت أعراض الإنفلونزا معتدلة,وهناك مخاوف من أن يستمر المرضى في إصابة المزيد من الناس بالعدوى من خلال العمل الروتيني اليومي إذا ظلت أعراض oلإنفلونزا معتدلة,وهناك مخاوف من أن يستمر المرضى just في إصابة المزيد من الناس بالعدوى من خلال العمل الروتيني اليومي إذا ظلت أعراض الإنفلونزا معتدلة,وهناك مخاوف من أن يستمر المرضى في إصابة المزيد من الناس بالعدوى من خلال العمل الروتيني اليومي إذا ظلت أعراض الإنفلونزا معتدلة,مخاوف وهناك من أن يستمر المرضى في إصابة المزيد من الناس بالعدوى من خلال العمل الروتيني اليومي إذا ظلت أعراض الإنفلونزا معتدلة,4,4
573,ar_eg,/Users/khushi/Documents/Team-team/fleurs_audio/ar_eg/573.wav,basically تسير مستعمرات النمل المجند وتعشش في مراحل مختلفة أيضاً,تسير مستعمرات النمل المجند وتعشش مراحل في مختلفة أيضاً,تسير مستعمرات النمل المجند وتعشش في مراحل مختلفة أيضاً,تسير مستعمرات النمل المجند وتعشش في مراحل مختلفة أيضاً basically,تسير مستعمرات النمل المجند وتعشش في مختلفة مراحل أيضاً,3,3
758,ar_eg,/Users/khushi/Documents/Team-team/fleurs_audio/ar_eg/758.wav,في حين أنها عادة ما تكون مملوكة ملكية خاصة ، إلا أنها تستوعب رؤساء الدول الزائرين أحياناً وغيرهم من الشخصيات البارزة,في حين أنها عادة ما تكون very مملوكة ملكية خاصة ، إلا أنها تستوعب رؤساء الدول الزائرين أحياناً وغيرهم من الشخصيات البارزة,في حين أنها عادة ما تكون مملوكة ملكية خاصة ، إلا أنها تستوعب رؤساء الدولmالزائرين أحياناً وغيرهم من الشخصيات البارزة,في حين أنها عادة ما تكون مملوكة ملكية خاصة ، إلا أنها تستوعب رؤساء الدول الزائرين أحياناً وغيرهم من الشخصيات البارزة actually,في حين أنها عادة ما تكون مملوكة ملكية خاصة ، إلا أنها تستوعب رؤساء الدول الزائرين أحياناً actually وغيرهم من الشخصيات البارزة,1,1
1020,ar_eg,/Users/khushi/Documents/Team-team/fleurs_audio/ar_eg/1020.wav,فعلى سبيل المثال زيارة القلاع في وادي لوار أو وادي الراين أو القيام برحلة بحرية إلى مدن مثيرة للاهتمام علىpنهر الدانوب أو ركوب الزوارق على طول قناة إيري,فعلى سبيل المثال القلاع في وادي لوار أو وادي الراين أو القيام برحلة بحرية إلى مدن مثيرة للاهتمام على نهر الدانوب أو ركوب الزوارق على طول قناة إيري,فعلى سبيل المثال زيارة القلاع في وادي لوار أو وادي الراين أو القيام برحلة بحرية إلى مدن مثيرة للاهتمام على نهر الدانوب أو ركوب الزوارق على طول قناة إيري,فعلى سبيل المثال زيارة القلاع في وادي لوار أو وادي الراين أو القيام برحلة بحرية إلى مدن مثيرة للاهتمام على نهر الدانوب أو ركوب الزوارق على طول قناة,فعلى سبيل المثال زيارة القلاع في وادي لوار أو وادي الراين أو القيام برحلة بحرية إلى مدن مثيرة للاهتمام على نهر الدانوب أو ركوب الزوارق على طول basically قناة إيري,3,3
335,ar_eg,/Users/khushi/Documents/Team-team/fleurs_audio/ar_eg/335.wav,صعد الراقصون الصوفdون إلى المسرح,صعد الراقصون wلصوفيون إلى المسرح,صcد الراقصون الصوفيون إلى المسرح,صعد الراقصون الصوفيون إلى المسرح,صعد الراقصون إلى الصوفيون المسرح,4,4
791,ar_eg,/Users/khushi/Documents/Team-team/fleurs_audio/ar_eg/791.wav,فهم يمتعون البعض بعضهم بقصص من محل نشأتهم تُحكى من خلال لهجاتهم المميزة ولغتهم المحلية,فهم يمتعون بعضهم البعض بقصص من محل نشأتهم تُحكى من خلال لهجاتهم المميزة ولغتهم المحلية,just فهم يمتعون بعضهم البعض بقصص من محل نشأتهم تُحكى من خلال لهجاتهم المميزة ولغتهم المحلية,فهم يمتعون بعضهم البعض بقصص من نشأتهم محل تُحكى من خلال لهجاتهم المميزة ولغتهم المحلية,فهم يمتعونmبعضهم البعض بقصص من محل نشأتهم تُحكى من خلال لهجاتهم المميزة ولغتهم المحلية,2,2
135,ar_eg,/Users/khushi/Documents/Team-team/fleurs_audio/ar_eg/135.wav,يحدث المد الأحمر نتيجة لوجود تركيز أعلى من الطبيعي لكائن بحري وحيد الخلية طبيعي المنشأ يسمى كارينيا بريفيس,يحدث المد الأحمر نتيجة لوجود تركيز actually أعلى من الطبيعي لكائن بحري وحيد الخلية طبيعي المنشأ يسمى كارينيا بريفيس,يحدث المد الأحمر نتيجة لوجود تركيز أعلى من اcطبيعي لكائن بحري وحيد الخلية طبيعي المنشأ يسمى كارينيا بريفيس,يحدث المد الأحمر نتيجة لوجود تركيز أعلى من الطبيعي لكائc بحري وحيد الخلية طبيعي المنشأ يسمى كارينيا بريفيس,يحدث المد الأحمر نتيجة لوجود تركيز أعلى من الطبيعي لكائن بحرd وحيد الخلية طبيعي المنشأ يسمى كارينيا بريفيس,1,1
1127,ar_eg,/Users/khushi/Documents/Team-team/fleurs_audio/ar_eg/1127.wav,يسهل العثور على أماكن لبيع السلع المغربية التقليدية في جميع أنحاء المدينة القديمة مثل الطواجن والفخار والسلع الجلدية والشيشة وجميع ألوان السلع الرخيصة ولكن كل مخصص للسياح,يسهل العثور على أماكن لبيع السلع المغربية التقليدية في جميع أنحاء المدينة القديمة مثل الطواجن والفخار والسلع الجلدية والشيشة وrميع ألوان السلع الرخيصة ولكن كل هذا مخصص للسياح,يسهل العثور على أماكن لبيع السلع very المغربية التقليدية في جميع أنحاء المدينة القديمة مثل الطواجن والفخار والسلع الجلدية والشيشة وجميع ألوان السلع الرخيصة ولكن كل هذا مخصص للسياح,يسهل العثور على أماكن لبيع السلع المغربية التقليدية في جميع أنحاء المدينة القديمة مثل الطواجن والفخار والسلع الجلدية والشيشة وجميع ألوان السلع الرخيصة ولكن كل هذا مخصص للسياح,يسهل العثور على أماكن لبيع السلع المغربية التقليدية في جميع أنحاء المدينة القديمة الطواجن مثل والفخار والسلع الجلدية والشيشة وجميع ألوان السلع الرخيصة ولكن كل هذا مخصص للسياح,4,4
1283,ar_eg,/Users/khushi/Documents/Team-team/fleurs_audio/ar_eg/1283.wav,هذا يوفر actually لنا الكثير من المعلومات والمواد لبناء نماذج المحاكاة التي تساعدنا على فهم العمليات في أذهاننا,هذا لنا يوفر الكثير من المعلومات والمواد لبناء نماذج المحاكاة التي تساعدنا على فهم العمليات في أذهاننا,هذا يوفر لنا الكثير من المعلومات والمواد لبناء نماذج المحاكاة التي تساعدنا على فهم العمليات في أذهاننا,هذا يوفر لنا الكثير من also المعلومات والمواد لبناء نماذج المحاكاة التي تساعدنا على فهم العمليات في أذهاننا,هذا يوفر لنا الكثير من المعلومات والمواد لبناء نماhج المحاكاة التي تساعدنا على فهم العمليات في أذهاننا,3,3
1249,ar_eg,/Users/khushi/Documents/Team-team/fleurs_audio/ar_eg/1249.wav,إذا حجزت رحلات الطيران والإقامة الخاصة بك لعام 2020 قبل الإعلان عن التأجيل فربما تواجه موقفاً حرجاً,إذا حجزت رحلات الطيران والإقامة الخاصة بك لعام 2020 قبل عن الإعلان التأجيل فربما تواجه موقفاً حرجاً,إذا حجزت رحلات الطيران والإقامة الخاصة بك لعام 2020 قبل الإعلان عن really التأجيل فربما تواجه موقفاً حرجاً,إذا حجزت رحلات الطيران والإقامة الخاصة بك لعام 2020 قبل الإعلان عن التأجيل فربما تواجه موقفاً basically حرجاً,إذا حجزت رحلات الطيران والإقامة الخاصة بك لعام 2020 قبل الإعلان عن التأoيل فربما تواجه موقفاً حرجاً,1,1
962,ar_eg,/Users/khushi/Documents/Team-team/fleurs_audio/ar_eg/962.wav,في عام 1994 شن إقليم ناكورنو كارباخ الاذري ذو الpثنية الأرمينية حرباً على الأذريين,في عام 1994 really شن إقليم ناكورنو كارباخ الاذري ذو الإثنية الأرمينية حرباً على الأذريين,في عام 1994 شن إقليم ناكورنو كارباخ الاذري ذو الإثنية الأرمينية حرباً على الأذريين,عام 1994 شن إقليم ناكورنو كارباخ الاذري ذو الإثنية الأرمينية حرباً على الأذريين,في عام 1994 شن إقليم ناكورنو كارباخ الاذري ذو الإثنية الأرمينية حرباً على الأذريين also,3,3
1202,ar_eg,/Users/khushi/Documents/Team-team/fleurs_audio/ar_eg/1202.wav,عادة ما تكون الإناث أقرب إلى بعضهن البعض كونهنّ كبيرة عائلة من الأخوات والبنات,عادة ما تكون الإناث أقرب إلى بعضهن البعض كونهنّ عائلة كبيرة من الأخوات والبنات,عادة ما تكون الإناث أقرب إلى بعضهن البعض very كونهنّ عائلة كبيرة من الأخوات والبنات,عادة ما تكون الإناث أقرب إلى بعضهن البعض كونهنّ عائلة كبيرة من الأiوات والبنات,عادة تكون ما الإناث أقرب إلى بعضهن البعض كونهنّ عائلة كبيرة من الأخوات والبنات,2,2
121,ar_eg,/Users/khushi/Documents/Team-team/fleurs_audio/ar_eg/121.wav,وجدت هيئة الاتصالات والإعلام الأسترالية أنه على الرغم من أنه تم بث الفيديو على الإنترنت برنامج الأخ الأكبg لم ينتهك أياً من قوانين الرقابة على المحتوى عبر الإنترنت لأن الوسائط لما تخزن على موقع برنامج الأخ الأكبر الإلكتروني,وجدت هيئة الاتصالات والإعلام الأسترالية أنه على الرغم من أنه تم بث الفيديو على الإنترنت برنامج الأخ الأكبر لم ينتهك أياً من قوانين الرقابة على المحتوى عبر الإنترنت لأن الوسائط لما تخزن على موقع برنامج الأخ الأكبر الإلكتروني,وجدت هيئة الاتصالات والإعلام الأسترالية أنه على الرغم من أنه تم بث الفيديو على الإنترنت برنامج الأخ الأكبر لم ينتهك أياً من قوانين الرقابة على المحتوى عبر الإنترنت لأن الوسائط تخزن على موقع برنامج الأخ الأكبر الإلكتروني,وجدت هيئة الاتصالات والإعلام الأسترالية أنه على الرغم من أنه تم بث الفيديو على الإنترنت برنامج الأخ الأكبر لم ينتهك أياً من قوانين الرقابة على المحتوى عبر الإنترنت لأن الوسائط لما تخزن على موقع الأخ الأكبر الإلكتروني,وجدت هيئة الاتصالات والإعلام الأسترالية أنه على الرغم من أنه تمiبث الفيديو على الإنترنت برنامج الأخ الأكبر لم ينتهك أياً من قوانين الرقابة على المحتوى عبر الإنترنت لأن الوسائط لما تخزن على موقع برنامج الأخ الأكبر الإلكتروني,2,2
1340,ar_eg,/Users/khushi/Documents/Team-team/fleurs_audio/ar_eg/1340.wav,وفي هذا الوقت أُطلق لقب عاصمة الموضة على باريس من القسطنطينية,وفي nذا الوقت أُطلق لقب عاصمة الموضة على باريس بدلا من القسطنطينية,وفي هذا الوقت أُطلق لقب عاصمة الموضة على باريس بدلا من القسطنطينية,وفي هذا الوقت أُطلق عاصمة لقب الموضة على باريس بدلا من القسطنطينية,وفي هذا الوقت أُطلق لقب عاصمة الموضة باريس بدلا من القسطنطينية,3,3
246,ar_eg,/Users/khushi/Documents/Team-team/fleurs_audio/ar_eg/246.wav,أنا سعيد بأن هناك أناس مستعدون لمساعدتي,أنا سعيد بأن هfاك أناس مستعدون لمساعدتي,أنا wعيد بأن هناك أناس مستعدون لمساعدتي,أنا سعيد بأن هناك أناس مستعaون لمساعدتي,أنا سعيد بأن هناك أناس very مستعدون لمساعدتي,1,1
406,ar_eg,/Users/khushi/Documents/Team-team/fleurs_audio/ar_eg/406.wav,kسبب نجاح الألمان في تصنيع الغواصات فإنهم لم يكونوا محل ثقة لاقتناء الكثير منها بعد الحرب,بسبب نجاح الألمان في تصنيع الغواصات فإنهم لم يكونوا ثقة محل لاقتناء الكثير منها بعد الحرب,بسبب نجاح الألمان في تصنيع الغواصات فإنهم لم يكونوا محل ثقة لاقتناء الكثير منها بعد الحرب,بسبب نجاح الألمان في تصنيع الغواصات فإنهم لم يكونوا محل ثقة لاقتناء basically الكثير منها بعد الحرب,بسبب نجاح الألمان في تصنيعmالغواصات فإنهم لم يكونوا محل ثقة لاقتناء الكثير منها بعد الحرب,3,3
918,ar_eg,/Users/khushi/Documents/Team-team/fleurs_audio/ar_eg/918.wav,أحد أبرز تطبيقات هذه تطبيق ترجمة google الذي يسمح لك بالترجمة أثناء عدم الاتصال بالإنترنت بعد تنزيل بيانات اللغة التي تريدها,أحد أبرز تطبيقاتrهذه الفئة تطبيق ترجمة google الذي يسمح لك بالترجمة أثناء عدم الاتصال بالإنترنت بعد تنزيل بيانات اللغة التي تريدها,أحد أبرز تطبيقات هذه الفئة تطبيق ترجمة google الذي يسمح لك بالترجمة أثناء عدم الاتصال بالإنترنت بعد تنزيل بيانات اللغة التي تريدها,أحد أبرز تطبيقات هذه الفئة تطبيق ترجمة google الذي يسمح لك بالترجمة أثناء عدم الاتصال بالإنترنت basically بعد تنزيل بيانات اللغة التي تريدها,أحد أبرز تطبيقات هذه الفئة تطبيق ترجمة google الذي يسمح لك بالترجمة أثناء عدم الاتصال بالإنترنت بعد بيانات اللغة التي تريدها,3,3
497,ar_eg,/Users/khushi/Documents/Team-team/fleurs_audio/ar_eg/497.wav,وكان الجراحون على علم بالمسكنات المختلفة بما في ذلك المورفين المستخلص من بذور الخشخاش والسكوبولامين منcبذور النباتات,وكان الجراحون على علم بالمسكنات المختلفة بما في ذلك المورفين المستخلص من بذور really الخشخاش والسكوبولامين من بذور النباتات,وكان الجراحون على علم بالمسكنات المختلفة بما في ذلك المورفين من بذور الخشخاش والسكوبولامين من بذور النباتات,وكان الجراحون على علم بالمسكنات المختلفة بما في ذلك very المورفين المستخلص من بذور الخشخاش والسكوبولامين من بذور النباتات,وكان الجراحون على علم بالمسكنات المختلفة بما في ذلك المورفين المستخلص من بذور الخشخاش والسكوبولامين من بذور النباتات,5,5
799,ar_eg,/Users/khushi/Documents/Team-team/fleurs_audio/ar_eg/799.wav,إلى بالإضافة ذلك قدّم نسخاً من السياسة/جهات الاتصال لرفاق السفر والأقارب أو الأصدقاء في الوطن المستعدين للمساعدة,بالإضافة إلى ذلك قدّم نسخاً من السياسة/جهات الاتصال لرفاق السفر والأقارب أو الأصدقاء في الوطن المستعدين,بالإضافة إلى ذلك قدّم نسخاً من السياسة/جهات الاتصال لرفاق السفر والأقارب أو الأصدقاء في الوطن المستعدين للمسuعدة,بالإضافة إلى ذلك قدّم نسخاً just من السياسة/جهات الاتصال لرفاق السفر والأقارب أو الأصدقاء في الوطن المستعدين للمساعدة,بالإضافة إلى ذلك قدّم نسخاً من السياسة/جهات الاتصال لرفاق السفر والأقارب أو الأصدقاء في الوطن المستعدين للمساعدة,5,5
345,ar_eg,/Users/khushi/Documents/Team-team/fleurs_audio/ar_eg/345.wav,تقوم المنظمة العالمية بالفعل بتقديم التقارير باللغتين الإنجليزية واليابانية وهي تطلق برامج باللغة الإسبانية والإيطالية actually والكورية للتليفزيون والويب والأجهزة المحمولة,تقوم المنظمة العالمية بالفعل بتقديم التقارير باللغتين also الإنجليزية واليابانية وهي تطلق برامج باللغة الإسبانية والإيطالية والكورية للتليفزيون والويب والأجهزة المحمولة,تقوم المنظمة العالمية بالفعل بتقديم التقارير باللغتين الإنجليزية واليابانية وهي تطلق برامج باللغة الإسبانية والإيطالية والكورية للتليفزيون very والويب والأجهزة المحمولة,تقوم المنظمة العالمية بالفعل بتقديم التقارير باللغتين الإنجليزية واليابانية وهي برامج تطلق باللغة الإسبانية والإيطالية والكورية للتليفزيون والويب والأجهزة المحمولة,تقوم المنظمة العالمية بالفعل بتقديم التقارير باللغتين الإنجليزية واليابانية وهي تطلق برامج باللغة الإسبانية والإيطالية والكورية للتليفزيون والويب والأجهزة المحمولة,5,5
251,ar_eg,/Users/khushi/Documents/Team-team/fleurs_audio/ar_eg/251.wav,وكان معظم نزلpء الفندق من مواطني دولة الإمارات العربية المتحدة,وكان معظم نزلاء الفندق من مواطني دولة الإمارات العربية المتحدة,وكان معظم نزلاء الفندق من مواطني دولة العربية الإمارات المتحدة,وكان نزلاء معظم الفندق من مواطني دولة الإمارات العربية المتحدة,وكان معظم نزلاء الفندق really من مواطني دولة الإمارات العربية المتحدة,2,2
366,ar_eg,/Users/khushi/Documents/Team-team/fleurs_audio/ar_eg/366.wav,وذلك لأن الكهرباء المتدفقة إلى المقبس حيث الجزء المعدني من المصباح يمكن أن تصيبك بصدمة كهربائية شديدة إذا لمست الجزء الداخلي من المقبس أو القاعدة المعدنية للمصباح بينما لا يزال جزئياً في المقبس,وذلك لأن الكهرباء المتدفقة إلى المقبس حيث الجزء المعدني من المصباح يمكن أن تصيبك بصدمة كهربائية إذا لمست الجزء الداخلي من المقبس أو القاعدة المعدنية للمصباح بينما لا يزال جزئياً في المقبس,وذلك لأن الكهرباء المتدفقة إلى المقبس حيث الجزء المعدني من المصباح يمكن أن تصيبك بصدمة كهربائية شديدة إذا لمست الجزء الداخلي من المقبس القاعدة أو المعدنية للمصباح بينما لا يزال جزئياً في المقبس,وذلك لأن الكهرباء المتدفقة إلى المقبس حيث الجزء المعدني من المصباح يمكن أن تصيبك بصدمة كهربائية شديدة إذا لمست الجزء الداخلي من أو المقبس القاعدة المعدنية للمصباح بينما لا يزال جزئياً في المقبس,وذلك لأن الكهرباء المتدفقة إلى المقبس حيث الجزء المعدني من المصباح يمكن أن تصيبك بصدمة كهربائية شديدة إذا لمست الجزء الداخلي من المقبس أو القاعدة المعدنية just للمصباح بينما لا يزال جزئياً في المقبس,1,1
830,ar_eg,/Users/khushi/Documents/Team-team/fleurs_audio/ar_eg/830.wav,عادة ما تكون نقطة تفتيش الهجرة هي المحطة الأولى عند النزول من طائرة أو سفينة أو مركبة أخرى,عادة ما تكون نقطة تفتيش الهجرة هي المحطة الأولى عند النزول من طائرة أو سفrنة أو مركبة أخرى,عادة ما تكون نقطة تفتيش الهجرة هي المحطة الأولى عند النزول من طائرة just أو سفينة أو مركبة أخرى,عادة ما تكون نقطة تفتيش الهجرة هي المحطة الأولى النزول من طائرة أو سفينة أو مركبة أخرى,عادة ما تكون نقطة تفتيش الهجرة هي المحطة الأولى عند النزfل من طائرة أو سفينة أو مركبة أخرى,1,1
764,ar_eg,/Users/khushi/Documents/Team-team/fleurs_audio/ar_eg/764.wav,أرسل رسائل إلكترونgة إلى التلاميذ في الجامعة المحلية واستلم عددًا هائلاً من عروض السكن المجاني,أرسل رسائل إلكترونية إلى التلاميذ في الجامعة المحلية واستلم عددًا هائلاً من عروض السكن المجاني,أرسل رسائل إلكترونية إلى التلاميذ في الجامعة المحلية واستلم عددًا من عروض السكن المجاني,أرسل رسائل إلكترونية إلى التلاميذ في الجامعة المحلية واستلم عددًا really هائلاً من عروض السكن المجاني,أرسل رسائل إلكترونية إلى التلاميذ في الجامعة المحلية واستلb عددًا هائلاً من عروض السكن المجاني,2,2
264,ar_eg,/Users/khushi/Documents/Team-team/fleurs_audio/ar_eg/264.wav,وقال المفوض لم نتفق بعد على قواعد المنشأ وجوهر ضوابط التعريفة لكن الإطار الذي لدينا يكفي لبدء التجارة في 1 تموز actually 2020,really وقال المفوض لم نتفق بعد على قواعد المنشأ وجوهر ضوابط التعريفة لكن الإطار الذي لدينا يكفي لبدء التجارة في 1 تموز 2020,وقال المفوض لم نتفق بعد على قواعد المنشأ وجوهر ضوابط التعريفة لكن الإطار الذي لدينا يكفي لبدء التجارة في 1 تموز 2020,وقال المفوض لم نتفق بعد على قواعد المنشأ وجوهر ضوابط التعريفة الإطار لكن الذي لدينا يكفي لبدء التجارة في 1 تموز 2020,وقال المفوض لم نتفق بعد على قواعد المنشأ وجوهر التعريفة ضوابط لكن الإطار الذي لدينا يكفي لبدء التجارة في 1 تموز 2020,3,3
122,ar_eg,/Users/khushi/Documents/Team-team/fleurs_audio/ar_eg/122.wav,وينص قانون خدمات البث على تنظيم محتوى الإنترنت ولكن لكي يعتبر محتوى إنترنت يجب أن يكون موجوداً على الخادم بشكل ملموس,وينص قانون خدمات البث على تنظيم محتوى الإنترنت ولكن لكي just يعتبر محتوى إنترنت يجب أن يكون موجوداً على الخادم بشكل ملموس,وينص قانون خدمات البث على تنظيم محتوى الإنترنت ولكن لكي يعتبر محتوى إنترنت يجب أن يكون موجوداً علs الخادم بشكل ملموس,وينص قانون خدمات البث على تنظيم محتوى الإنترنت ولكن لكي يعتبر محتوى إنترنت يجب أن يكون موجوداً على الخادم ملموس بشكل,قانون وينص خدمات البث على تنظيم محتوى الإنترنت ولكن لكي يعتبر محتوى إنترنت يجب أن يكون موجوداً على الخادم بشكل ملموس,1,1
1406,ar_eg,/Users/khushi/Documents/Team-team/fleurs_audio/ar_eg/1406.wav,تقوم القيادة الإستراتيجية الأمريكية لمكتب وزارة الدفاع actually الأمريكية بتعقب الأنقاض,تقوم القيادة الإستراتيجية الأمريكية لمكتب وزارة actually الدفاع الأمريكية بتعقب الأنقاض,تقوم القيادة الإستراتيجية الأمريكية لمكتب وزارة الدفاع الأمريكية بتعقب basically الأنقاض,تقوم القيادة الإستراتيجية الأمريكية لمكتب وزارة الدفاع الأمريكية بتعقب الأنقاض,تقوم القيادة الإستراتيجية الأمريكية لمكتب وزارة الدفاع بتعقب الأنقاض,4,4
1379,ar_eg,/Users/khushi/Documents/Team-team/fleurs_audio/ar_eg/1379.wav,تم الإبلاغ عن حوالي 60 حالة من حالات الخلل في درجة حرارة جهاز آي بود الزائدة تسبّب وقد ذلك في ما مجموعه ستة حرائق وإصابة أربعة أشخاص بحروق طفيفة,تم الإبلاغ عن حوالي 60 حالة من حالات الخلل في درجة حرارة جهاز آي بود الزائدة وقد تسبّب ذلك في ما مجموعه ستة حرائق وإصابة أربعة أشخاص بحروق طفيفة,تم الإبلاغ عن حوالي 60 حالة من حالات الخلل في درجة حرارة جهاز آي بود الزائدة وقد actually تسبّب ذلك في ما مجموعه ستة حرائق وإصابة أربعة أشخاص بحروق طفيفة,تم الإبلاغ عن حوالي 60 حالة من حالات الخلل في درجة حرارة جهاز آي بود الزائدة وقد تسبّب ذلك في ما مجموعه ستة حرائق وإصابة أربعة أشخاص طفيفة,تم الإبلاغ عن حوالي 60 حالة من حالات الخلل في درجة حرارة جهاز آي بود الزائدة وقد تسبّب ذلك في just ما مجموعه ستة حرائق وإصابة أربعة أشخاص بحروق طفيفة,2,2
698,ar_eg,/Users/khushi/Documents/Team-team/fleurs_audio/ar_eg/698.wav,القدس تضم العديد من المواقع التاريخية والأثرية والثقافية إلى جانب مراكز التسوق والمقاهي والمطاعم الحيوية والمزدحمة,تضم القدس العديد من المواقع التاريخية والأثرية والثقافية إلى جانب مراكز التسوق والمطاعم الحيوية والمزدحمة,تضم القدس basically العديد من المواقع التاريخية والأثرية والثقافية إلى جانب مراكز التسوق والمقاهي والمطاعم الحيوية والمزدحمة,تضم القدس العديد من المواقع التاريخية والأثرية والثقافية إلى جانب مراكز التسوق والمقاهي والمطاعم الحيوية والمزدحمة,تضم القدس العديد من المواقع التاريخية والأثرية والثقافية إلى جانب مراكز التسوق والمقاهي والمطاعم والمزدحمة,4,4
685,ar_eg,/Users/khushi/Documents/Team-team/fleurs_audio/ar_eg/685.wav,مقبرة توت عنخ آمون kv62. ربما تكون أشهر مقابر وادي الملوك، مشهد اكتشاف هوارد كارتر سنة 1922 للمقبرة الملكية للملك في حالة شبه كاملة just,مقبرة توت عنخ آمون kv62. ربما تكون أشهر مقابر وادي الملوك، مشهد اكتشاف كارتر هوارد سنة 1922 للمقبرة الملكية للملك في حالة شبه كاملة,مقبرة توت عنخ آمون kv62. ربما تكون أشهر مقابر وادي الملوك، مشهد اكتشاف هوارد كارتر سنة 1922 للمقبرة الملكية للملك في حالة شبه كاملة,مقبرة توت عنخ آمون kv62. ربما تكون أشهر مقابر وادي الملوك، مشهد اكتشاف هوارد كارتر سنة 1922 للمقبرة الملكية للملك في حالة كاملة شبه,مقبرة توت عنخ آمون kv62. ربما تكون أشهر مقابر وادي الملوك، مشهد اكتشاف هوارد كارتر سنة 1922 للمقبرة الملكية في حالة شبه كاملة,3,3
188,ar_eg,/Users/khushi/Documents/Team-team/fleurs_audio/ar_eg/188.wav,في الساعة 1:15 صباحاً من يوم السبت ووفقاً لشهود عيان كانت الحافلة تمر عبر الضوء الأخضر عندما انعطفت السيارة أمامها,في الساعة 1:15 pباحاً من يوم السبت ووفقاً لشهود عيان كانت الحافلة تمر عبر الضوء الأخضر عندما انعطفت السيارة أمامها,في الساعة 1:15 صباحاً من يوم السبت ووفقاً لشهود عيان كانت الحافلة تمر عبر الضوء الأخضر عندما انعطفت really السيارة أمامها,في الساعة 1:15 صباحاً من يوم السبت ووفقاً لشهود عيان كانت الحافلة تمر عبh الضوء الأخضر عندما انعطفت السيارة أمامها,في very الساعة 1:15 صباحاً من يوم السبت ووفقاً لشهود عيان كانت الحافلة تمر عبر الضوء الأخضر عندما انعطفت السيارة أمامها,1,1
352,ar_eg,/Users/khushi/Documents/Team-team/fleurs_audio/ar_eg/352.wav,تطفو الإبرة الفولاذيّة على الماء بسبب التوتّر السطحي actually,تطفو الإبرة على الماء بسبب التوتّر السطحي,الإبرة تطفو الفولاذيّة على الماء بسبب التوتّر السطحي,تطفو الإبرة الفولاذيّة علىuالماء بسبب التوتّر السطحي,تطفو الإبرة الفولاذيّة على الماء بسبب التوتّر السطحي,5,5
20,ar_eg,/Users/khushi/Documents/Team-team/fleurs_audio/ar_eg/20.wav,وُلد ما في هونغ كونغ ودرس في جامعة نيويورك وكلية هارفارد للحقوق وحصل ذات مرة على البطاقة الخضراء كمقيم دائم في الولايات المتحدة,وُلد ما في هونغiكونغ ودرس في جامعة نيويورك وكلية هارفارد للحقوق وحصل ذات مرة على البطاقة الخضراء كمقيم دائم في الولايات المتحدة,وُلد ما في هونغ كونغ ودرس في جامعة نيويورك وكلية هارفارد للحقوق وحصل ذات مرة علىnالبطاقة الخضراء كمقيم دائم في الولايات المتحدة,وُلد ما في هونغ كونغ ودرس في جامعة نيويورك وكلية هارفارد للحقوق وحصل ذات مرة على البطاقة الخضراءkكمقيم دائم في الولايات المتحدة,وُلد ما في كونغ هونغ ودرس في جامعة نيويورك وكلية هارفارد للحقوق وحصل ذات مرة على البطاقة الخضراء كمقيم دائم في الولايات المتحدة,1,1
1414,ar_eg,/Users/khushi/Documents/Team-team/fleurs_audio/ar_eg/1414.wav,عندما تتم تربيته من قبل حيوانات بشرية، يظهر الطفل الوحشي سلوكيات ضمن الحدود المادية تشبه تماماً سلوكيات حيوان الرعاية الخاصة، مثل الخوف من البشر أو عدم الاكتراث بهم,عندما تتم تربيته من قبل حيوانات غير بشرية، يظهر الطفل الوحشي سلوكيات ضمن الحدود المادية تشبه تماماً سلوكيات حيوان الرعاية الخاصة، مثل الخوف من البشر أو عدم الاكتراث بهم,عندما تتم من تربيته قبل حيوانات غير بشرية، يظهر الطفل الوحشي سلوكيات ضمن الحدود المادية تشبه تماماً سلوكيات حيوان الرعاية الخاصة، مثل الخوف من البشر أو عدم الاكتراث بهم,عندما تتم تربيته من قبل حيوانات غير بشرية، يظهر الطفل الوحشي سلوكيات ضمن الحدود المادية تشبه very تماماً سلوكيات حيوان الرعاية الخاصة، مثل الخوف من البشر أو عدم الاكتراث بهم,عندما تتم تربيته من قبل حيوانات غير بشرية، يظهر الطفل الوحشي سلوكيات ضمن الحدود المادية تشبه تماماً سلوكيات الرعاية الخاصة، مثل الخوف من البشر أو عدم الاكتراث بهم,2,2
844,ar_eg,/Users/khushi/Documents/Team-team/fleurs_audio/ar_eg/844.wav,يطلق اللوحات على الجدارية أو الخربشات غير المرغوبة مصطلح الجرافيتي,يطلق على اللوحات الجداpية أو الخربشات غير المرغوبة مصطلح الجرافيتي,على يطلق اللوحات الجدارية أو الخربشات غير المرغوبة مصطلح الجرافيتي,يطلق على اللوحات الجدارية أو الخربشات غير المرغوبة مصطلح الجرافيتي,يطلق على اللوحات الجدارية أو الخربشات غير المرغوبة الجرافيتي,4,4
460,ar_eg,/Users/khushi/Documents/Team-team/fleurs_audio/ar_eg/460.wav,من المشاكل الشائعة عند محاولة تحويل فيلم إلى تنسيق dvd هو المسح الضوئي الزائد,من المشاكل عند الشائعة محاولة تحويل فيلم إلى تنسيق dvd هو المسح الضوئي الزائد,من المشاكل الشائعة عند محاولة تحويل فيلم إلى تنسيق dvd هو الضوئي الزائد,من very المشاكل الشائعة عند محاولة تحويل فيلم إلى تنسيق dvd هو المسح الضوئي الزائد,من المشاكل الشائعة عند محاولة very تحويل فيلم إلى تنسيق dvd هو المسح الضوئي الزائد,1,1
1387,ar_eg,/Users/khushi/Documents/Team-team/fleurs_audio/ar_eg/1387.wav,بالنسبة لبعض المهرجانات فإن الغالبية العظمى من الحاضرين في المهرجانات الموسيقية يقررون التخييم في الموقع معتبرين ذلك جزءًا مهمًا من التjربة,بالنسبة المهرجانات فإن الغالبية العظمى من الحاضرين في المهرجانات الموسيقية يقررون التخييم في الموقع معتبرين ذلك جزءًا مهمًا من التجربة,بالنسبة لبعض المهرجانات فإن الغالبية العظمى من الحاضرين في المهرجانات الموسيقية يقررون التخييم في الموقع معتبرين ذلك جزءًا مهمًا التجربة من,بالنسبة لبعض المهرجانات فإن الغالبية العظمى من الحاضرين في المهرجانات الموسيقية يقررون التخييم في الموقع معتبرين ذلك جزءًا مهمًا من التجربة,بالنسبة لبعض المهرجانات فإن الغالبية العظمى من الحاضرين في المهرجانات الموسيقية يقررون التخييم في الموقع معتبرين جزءًا مهمًا من التجربة,4,4
604,ar_eg,/Users/khushi/Documents/Team-team/fleurs_audio/ar_eg/604.wav,يحمل التركيب الجزيئي نفسه سواء كان في حالة غازية أو أو صلبة,يحمل التركيب الجزيئي نفسه سواء كان في حالة غازية أو سائلة أو صلبة,يحمل التركيب الجزيئي نفسه سواء كان very في حالة غازية أو سائلة أو صلبة,يحمل الجزيئي نفسه سواء كان في حالة غازية أو سائلة أو صلبة,يحمل التركيب الجزيئي نفسه سواء كان في حالة أو سائلة أو صلبة,2,2
94,ar_eg,/Users/khushi/Documents/Team-team/fleurs_audio/ar_eg/94.wav,ويخالف ذلك تقارير سابقة أوضحت أن إلغاء جولة الإعادة سيتعارض مع الدستور,ويخالف ذلك تقارير سابقة أوضحت أن إلغاء جوfة الإعادة كان سيتعارض مع الدستور,ويخالف ذلك تقارير سابقة أوضحت أن إلغاء جولة الإعادة كان سيتعارض مع الدستور,ويخالف ذلك تقارير سابقة أوضحت أن إلغاء جولة الإعادة also كان سيتعارض مع الدستور,ويخالف ذqك تقارير سابقة أوضحت أن إلغاء جولة الإعادة كان سيتعارض مع الدستور,3,3
805,ar_eg,/Users/khushi/Documents/Team-team/fleurs_audio/ar_eg/805.wav,يمكن للنظارات الشمسية أن تكون أقل سعراً في البلاد الأجنبية خاصة في البلاد منخفضة الدخل التي تكون basically تكلفة العمالة بها أقل,يمكن للنظارات الشمسية أن تكون أقل سعراً في البلاد الأجنبية خاصة في البلاد منخفضة الدخل التي تكون تكلفة العمالة بها أقل,للنظارات الشمسية أن تكون أقل سعراً في البلاد الأجنبية خاصة في البلاد منخفضة الدخل التي تكون تكلفة العمالة بها أقل,يمكن للنظارات الشمسrة أن تكون أقل سعراً في البلاد الأجنبية خاصة في البلاد منخفضة الدخل التي تكون تكلفة العمالة بها أقل,يمكن للنظارات الشمسية أن تكون أقل سعراً في البلاد الأجنبية خاصة في البلاد منخفضة الدخل also التي تكون تكلفة العمالة بها أقل,2,2
641,ar_eg,/Users/khushi/Documents/Team-team/fleurs_audio/ar_eg/641.wav,يتيح للطلاب القدرة just على العمل وفقاً لسرعتهم الخاصة والتحكم في وتيرة المعلومات التعليمية,يتيح للطلاب القدرة على العمل وفقاً لسرعتهم الخاصة والتحكم في المعلومات التعليمية,يتيح للطلاب القدرة على العمل وفقاً لسرعتهم الخاصة والتحكم في وتيرة also المعلومات التعليمية,also يتيح للطلاب القدرة على العمل وفقاً لسرعتهم الخاصة والتحكم في وتيرة المعلومات التعليمية,يتيح للطلاب القدرة على العمل وفقاً لسرعتهم الخاصة والتحكم في وتيرة المعلومات التعليمية,5,5
335,ar_eg,/Users/khushi/Documents/Team-team/fleurs_audio/ar_eg/335.wav,صعد الصوفيون الراقصون إلى المسرح,صعد الراقصون الصوفيون إلى المسرح,صعد just الراقصون الصوفيون إلى المسرح,صعدsالراقصون الصوفيون إلى المسرح,صعد الراقصون الصوفيون المسرح,2,2
556,ar_eg,/Users/khushi/Documents/Team-team/fleurs_audio/ar_eg/556.wav,قد يشعر الرياضيون أنهم يفضلون منتجاً ما حتى عندما لا يوفر منافع حقيقية also,يشعر الرياضيون أنهم يفضلون منتجاً ما حتى عندما لا يوفر منافع حقيقية,قد يشعر الرياضيون أنهم يفضلون منتجاً ما حتى عندما لا يوفر just منافع حقيقية,قد يشعر أنهم يفضلون منتجاً ما حتى عندما لا يوفر منافع حقيقية,قد يشعر الرياضيون أنهم يفضلون منتجاً ما حتى عندما لا يوفر منافع حقيقية,5,5
295,ar_eg,/Users/khushi/Documents/Team-team/fleurs_audio/ar_eg/295.wav,احتوت لونو على 120 من إلى 160 متراً مكعّباً من الوقود على متنها عند تحطمها ودفع الرياح الشديدة والأمواج العالية لها لتصطدم بحائل الأمواج,احتوت لونو على من 120 إلى 160 متراً من مكعّباً الوقود على متنها عند تحطمها ودفع الرياح الشديدة والأمواج العالية لها لتصطدم بحائل الأمواج,احتوت لونو على من 120 إلى 160 متراً مكعّباً من الوقود على also متنها عند تحطمها ودفع الرياح الشديدة والأمواج العالية لها لتصطدم بحائل الأمواج,لونو على من 120 إلى 160 متراً مكعّباً من الوقود على متنها عند تحطمها ودفع الرياح الشديدة والأمواج العالية لها لتصطدم بحائل الأمواج,احتوت لونو على من 120 إلى 160 متراً مكعّباً من الوقود على متنها عند تحطمها ودفع الرياح الشديدة والأمواج العالية لها لتصطدم بحائل الأمواج,5,5
721,ar_eg,/Users/khushi/Documents/Team-team/fleurs_audio/ar_eg/721.wav,بجانب الشواطئ ذات الرمال البيضاء والمناظر الطبيعية الجبلية تعد البلاد موطنًا لأقدم مدينة أوروبية في وهي الأمريكتين الآن جزء من سانتو دومينغو,بجانب الشواطئ ذات الرمال البيضاء والمناظر الطبيعية الجبلية تعد البلاد موطنًا لأقدم مدينة أوروبية في الأمريكتين وهي الآن جزء من سانتو دومينغو,بجانب الشواطئ ذات الرمال البيضاء والمناظر الطبيعية very الجبلية تعد البلاد موطنًا لأقدم مدينة أوروبية في الأمريكتين وهي الآن جزء من سانتو دومينغو,بجانب الشواطئ ذات الرمال البيضاء والمناظر الطبيعية تعد الجبلية البلاد موطنًا لأقدم مدينة أوروبية في الأمريكتين وهي الآن جزء من سانتو دومينغو,بجانب الشواطئ ذات الرمال البيضاء والمناظر الطبيعية الجبلية تعد البلاد موطنًا لأقدم مدينة أوروبية في الأمريكتين وهي الآن جزء من very سانتو دومينغو,2,2
1286,ar_eg,/Users/khushi/Documents/Team-team/fleurs_audio/ar_eg/1286.wav,يوّلد القوس العلوي في العادة صوتاً أكثر بينما يكون القوس السفلي أقوى وأكثر حزماً,يوّلد العلوي القوس في العادة صوتاً أكثر نعومة بينما يكون القوس السفلي أقوى وأكثر حزماً,يوّلد القوس العلوي في العادة صوتاً نعومة بينما يكون القوس السفلي أقوى وأكثر حزماً,يوّلد القوس العلوي في العادة صوتاً أكثر نعومة بينما يكون القوس السفلي أقmى وأكثر حزماً,يوّلد القوس العلوي في العادة صوتاً أكثر نعومة بينما يكون القوس السفلي أقوى وأكثر حزماً,5,5
405,ar_eg,/Users/khushi/Documents/Team-team/fleurs_audio/ar_eg/405.wav,يطلق على الغواصات الألمانية u-boats وبرع الألمان في الملاحة بغواصاتهم وتشغيلها,كان يطلق على الغواصات الألمانية u-boats وبرع الألمان في الملاحة بغواصاتهم وتشغيلها,كان يطلق على الغواlات الألمانية u-boats وبرع الألمان في الملاحة بغواصاتهم وتشغيلها,كان يطلق الغواصات على الألمانية u-boats وبرع الألمان في الملاحة بغواصاتهم وتشغيلها,كان يطلق على الغواصات الألمانية u-boats وبرع الألمان في الملاحة وتشغيلها,2,2
102,ar_eg,/Users/khushi/Documents/Team-team/fleurs_audio/ar_eg/102.wav,ابتداءً من بعد ظهر الأربعاء كانت فتحات الخزانات ما تزال تسرب غالباً بسبب التمدد الحراري داخل الخزان,من بعد ظهر الأربعاء كانت فتحات الخزانات ما تزال تسرب غالباً بسبب التمدد الحراري داخل الخزان,ابتداءً من بعد ظهر الأربعاء كانت فتحات الخزانات ما تزال تسرب بسبب غالباً التمدد الحراري داخل الخزان,ابتداءً من بعد ظهر الأربعاء كانت فتحات اfخزانات ما تزال تسرب غالباً بسبب التمدد الحراري داخل الخزان,ابتداءً من بعد ظهر الأربعاء كانت فتحات الخزانات تزال ما تسرب غالباً بسبب التمدد الحراري داخل الخزان,1,1
241,ar_eg,/Users/khushi/Documents/Team-team/fleurs_audio/ar_eg/241.wav,أصدر مكتب البريد أمس اعتذاره للمواطنين ووسائل الإعلام بعد اكتشافه أن الصبي أخفى أكثر من 600 وثيقة بريدية بما في ذلك 429 بطاقة بريدية العام بمناسبة الجديد لم يتم تسليمها للمستلمين المقصودين,أصدر مكتب البريد أمس very اعتذاره للمواطنين ووسائل الإعلام بعد اكتشافه أن الصبي أخفى أكثر من 600 وثيقة بريدية بما في ذلك 429 بطاقة بريدية بمناسبة العام الجديد لم يتم تسليمها للمستلمين المقصودين,أصدر مكتب البريد أمس اعتذاره للمواطنين ووسائل الإعلام بعد اكتشافه أن الصبي أخفى أكثر من 600 وثيقة بريدية بما في 429 بطاقة بريدية بمناسبة العام الجديد لم يتم تسليمها للمستلمين المقصودين,أصدر مكتب البريد أمس اعتذاره للمواطنين ووسائل الإعلام بعد اكتشافه أن الصبي أخفى أكثر من 600 وثيقة بريدية بما في ذلك 429 بطاقة بريدية بمناسبة العام الجديد يتم لم تسليمها للمستلمين المقصودين,أصدر مكتب البريد أمس اعتذاره للمواطنين ووسائل الإعلام بعد اكتشافه أن الصبي أخفى أكثر من 600 وثيقة بريدية بما في ذلك 429 بطاقة بريدية بمناسبة العام الجديد لم يتم تسليمها للمستلمين المقصودين,5,5
1476,ar_eg,/Users/khushi/Documents/Team-team/fleurs_audio/ar_eg/1476.wav,هذا يقابله النرويج، والسويد ونيوزيلندا، ولكنه تماماً فريد على سبيل المثال في هولندا، الرقم من واحد إلى أربعين,هذا يقابله النرويج، والسويد ونيوزيلندا، ولكنه فcيد تماماً على سبيل المثال في هولندا، الرقم من واحد إلى أربعين,هذا يقابله النرويج، والسويد ونيوزيلندا، ولكنه فريد تماماً على سبيل basically المثال في هولندا، الرقم من واحد إلى أربعين,هذا يقابله النرويج، والسويد ونيوزيلندا، just ولكنه فريد تماماً على سبيل المثال في هولندا، الرقم من واحد إلى أربعين,هذا يقابله النرويج، والسويد ونيوزيلندا، ولكنه فريد تماماً على سبيل المثال في هولندا، الرقم من واحد إلى أربعين,5,5
249,ar_eg,/Users/khushi/Documents/Team-team/fleurs_audio/ar_eg/249.wav,لقد انهار نُزلٌ في مكة المكرّمة المدينة الإسلامية cلمقدّسة حوالي الساعة 10 صباح اليوم بالتوقيت المحلي لمكة,لقد انهار نُزلٌ في مكة المكرّمة المدينة الإسلامية المقدّسة حوالي الساعة 10 صباح اليوم بالتوقيت المحلي لمكة,لقد انهار نُزلٌ في مكة المكرّمة المدينة الإسsامية المقدّسة حوالي الساعة 10 صباح اليوم بالتوقيت المحلي لمكة,لقد انهار نُزلٌ في مكة المكرّمة المدينة المقدّسة حوالي الساعة 10 صباح اليوم بالتوقيت المحلي لمكة,لقد انهار نُزلٌ zي مكة المكرّمة المدينة الإسلامية المقدّسة حوالي الساعة 10 صباح اليوم بالتوقيت المحلي لمكة,2,2
802,ar_eg,/Users/khushi/Documents/Team-team/fleurs_audio/ar_eg/802.wav,قم بشرب المشروبات الروحية باعتدال يؤثر الكحول على الجميع بأشكال مختلفة ومن المهم جدأ معرفة حدودك,قم بشرب المشروبات الروحية باعتدال يؤثر الكحول عbى الجميع بأشكال مختلفة ومن المهم جدأ معرفة حدودك,قم بشرب المشروبات الروحية باعتدال يؤثر على الكحول الجميع بأشكال مختلفة ومن المهم جدأ معرفة حدودك,قم بشرب المشروبات الروحية بzعتدال يؤثر الكحول على الجميع بأشكال مختلفة ومن المهم جدأ معرفة حدودك,قم بشرب المشروبات الروحية just باعتدال يؤثر الكحول على الجميع بأشكال مختلفة ومن المهم جدأ معرفة حدودك,1,1
310,ar_eg,/Users/khushi/Documents/Team-team/fleurs_audio/ar_eg/310.wav,لقد حضر ما لا يقل عن 100 شخصٍ الحفل basically من أجل الاحتفال بالذكرى السنوية الأولى لزوجين عقد قرانهما السنة الماضية,لقد حضر ما لا يقل عن 100 شخصٍ الحفل من أجل الاحتفال بالذكرى السنوية الأولى لزوجين عقد قرانهما السنة الماضية,لقد حضر ما يقل لا عن 100 شخصٍ الحفل من أجل الاحتفال بالذكرى السنوية الأولى لزوجين عقد قرانهما السنة الماضية,لقد حضر ما لا يقل عن 100 شخصٍ الحفل من أجل الاحتفال السنوية الأولى لزوجين عقد قرانهما السنة الماضية,very لقد حضر ما لا يقل عن 100 شخصٍ الحفل من أجل الاحتفال بالذكرى السنوية الأولى لزوجين عقد قرانهما السنة الماضية,2,2
1267,ar_eg,/Users/khushi/Documents/Team-team/fleurs_audio/ar_eg/1267.wav,لقد تأثرت very في كل مرة كنا نجري فيها تدريبًا على هذا من أعماق قلبي,لقد تأثرت في كل مرة كنا نجري فيها تدريبًا على من هذا أعماق قلبي,لقد تأثرت في كل مرة كنا نجري فيها تدريبًا على هذا من أعمeق قلبي,لقد في تأثرت كل مرة كنا نجري فيها تدريبًا على هذا من أعماق قلبي,لقد تأثرت في كل مرة كنا نجري فيها تدريبًا على هذا من أعماق قلبي,5,5
587,ar_eg,/Users/khushi/Documents/Team-team/fleurs_audio/ar_eg/587.wav,استعملت هذه تجميعاً التلسكوبات مكوناً من عدستين لجعل الأشياء البعيدة تبدو أقرب وأضخم,استعملت هذه التلسكوبات تجميعاً مكوناً من عدستين لجعل الأشياء البعيدة تبدو أقرب وأضخم,استعملت هذه التلسكوبات تجميعاً مكوناً من عدستين الأشياء لجعل البعيدة تبدو أقرب وأضخم,استعملت هذه التلسكوبات تجميعاً مكوناً من عدستين really لجعل الأشياء البعيدة تبدو أقرب وأضخم,استعملت هذه التلسكوبات تجميعاً مكوناً من عدستين لجعل الأشياء تبدو البعيدة أقرب وأضخم,2,2
405,ar_eg,/Users/khushi/Documents/Team-team/fleurs_audio/ar_eg/405.wav,كان يطلق على الغواصات الألمانية u-boaxs وبرع الألمان في الملاحة بغواصاتهم وتشغيلها,كان يطلق على الغواصات الألمانية u-boats really وبرع الألمان في الملاحة بغواصاتهم وتشغيلها,كان يطلق على الغواصات الألمانية u-boats وبرع الألمان في الملاحة بغواصاتهم وتشvيلها,كان يطلق على الغواصات الhلمانية u-boats وبرع الألمان في الملاحة بغواصاتهم وتشغيلها,كان يطلق على الغواصات الألمانية u-boats وبرع الألمان في الملاحة بغواصاتهم وتشغيلها,5,5
253,ar_eg,/Users/khushi/Documents/Team-team/fleurs_audio/ar_eg/253.wav,ليونوف وأيضاً يدعى رائد الفضاء رقم 11 كان جزءاً الفريق من الأصلي لرواد الفضاء الخاص بالاتحاد السوفييتي,ليونوف وأيضاً يدعى رائد رقم الفضاء 11 كان جزءاً من الفريق الأصلي لرواد الفضاء الخاص بالاتحاد السوفييتي,ليونوف وأيضاً يدعى رائد الفضاء رقم 11 كان جزءاً من الفريق الأصلي لرواد الفضاء بالاتحاد السوفييتي,ليونوف وأيضاً يدعى رائد الفضاء رقم 11 كان جزءاً من الفريق الأصلي لرواد الفضاء الخاص بالاتحاد السوفييتي,ليونوف وأيضاً يدعى رائد الفضاء رقم 11 كان جزءاً very من الفريق الأصلي لرواد الفضاء الخاص بالاتحاد السوفييتي,4,4
1087,ar_eg,/Users/khushi/Documents/Team-team/fleurs_audio/ar_eg/1087.wav,يقع النمر في نفس المجموعة جنس النمور مع الأسود، المرقطة، والنمور واليغور. هؤلاء الأربعة هم الوحيدون اللذين يمكنهم الزئير,يقع النمر في نفس المجموعة جنس النمور مع الأسود، والنمور واليغور. المرقطة، هؤلاء الأربعة هم الوحيدون اللذين يمكنهم الزئير,يقع النمر في نفس المجموعة جنس النمور مع الأسود، والنمور المرقطة، واليغور. هؤلاء الأربعة هم الوحيدون اللذين يمكنهم الزئير,يقع النمر في نفس المجموعة جنس النمور مع الأسود، والنمور المرقطة، واليغور. هؤلاء الأربعة الوحيدون هم اللذين يمكنهم الزئير,يقع النمر في نفس المجموعة جنس النمور مع الأسود، والنمور المرقطة، واليغور. الأربعة هؤلاء هم الوحيدون اللذين يمكنهم الزئير,3,3
170,ar_eg,/Users/khushi/Documents/Team-team/fleurs_audio/ar_eg/170.wav,قال بيري بشكل خاص هناك بعض الأماكن في العالم المُعدة بشكل أgضل لخوض التحدي المفروض في تلك الحالة,قال بيري بشكل خاص هناك بعض الأماكن في العالم المُعدة بشكل أفضل لخوض التحدي المaروض في تلك الحالة,قال بيري بشكل خاص هناك بعض الأماكن في العالم المُعدة بشكل أفضل لخوض التحدي المفرlض في تلك الحالة,قال بيري بشكل خاص هناك بعض الأماكن في العالم المُعدة بشكل أفضل لخوض التحدي المفروض في تلك الحالة,قال بيري بشكل خاص هناك بعض also الأماكن في العالم المُعدة بشكل أفضل لخوض التحدي المفروض في تلك الحالة,4,4
788,ar_eg,/Users/khushi/Documents/Team-team/fleurs_audio/ar_eg/788.wav,غالباً ما تكون الكلمات المكتوبة أسهل في الفهم من الكلمات المنطوقة أيضاً هذا ينطtق بشكل خاص بالعناوين والتي يكون غالباً يصعب نطقها بشكل واضح,غالباً ما تكون الكلمات المكتوبة أسهل في الفهم من الكلمات المنطوقة أيضاً هذا ينطبق بشكل خاص والتي بالعناوين يكون غالباً يصعب نطقها بشكل واضح,غالباً ما تكون الكلمات المكتوبة أسهل في الفهم من الكلمات المنطوقة أيضاً هذا ينطبق بشكل خاص بالعناوين والتي يكون غاaباً يصعب نطقها بشكل واضح,غالباً ما تكون الكلمات المكتوبة أسهل في الفهم من الكلمات المنطوقة أيضاً هذا ينطبق بشكل خاص بالعناوين والتي يكون غالباً يصعب نطقها بشكل واضح,غالباً ما تكون الكلمات المكتوبة أسهل في الفهم من very الكلمات المنطوقة أيضاً هذا ينطبق بشكل خاص بالعناوين والتي يكون غالباً يصعب نطقها بشكل واضح,4,4
89,ar_eg,/Users/khushi/Documents/Team-team/fleurs_audio/ar_eg/89.wav,ولم تذكر السلطات رسمياً إلا عن تأكيد الاعتقال الذي حدث اليوم,ولم تذكر السلطات رسمياً إلا القليل عن تأكيد الاعتقال الذي حدث اليوم,ولم تذكر السلطات رسمياً إلا القليw عن تأكيد الاعتقال الذي حدث اليوم,ولم تذكر السلطات رسمياً إلا القليل عن تأكيد الاعتقال اpذي حدث اليوم,ولم تذكر السلطات إلا القليل عن تأكيد الاعتقال الذي حدث اليوم,2,2
761,ar_eg,/Users/khushi/Documents/Team-team/fleurs_audio/ar_eg/761.wav,عادة ما يتطلب الانضمام إلى هكذا شبكة إكمال نموذج عبر الإنترنت رغم أن بعض الشبكات تعرض أو تطلب تحققًا إضافيًا,عادة ما يتطلب الانضمام إلى هكذا شبكة really إكمال نموذج عبر الإنترنت رغم أن بعض الشبكات تعرض أو تطلب تحققًا إضافيًا,عادة just ما يتطلب الانضمام إلى هكذا شبكة إكمال نموذج عبر الإنترنت رغم أن بعض الشبكات تعرض أو تطلب تحققًا إضافيًا,عادة ما basically يتطلب الانضمام إلى هكذا شبكة إكمال نموذج عبر الإنترنت رغم أن بعض الشبكات تعرض أو تطلب تحققًا إضافيًا,عادة ما يتطلب الانضمام إلى هكذا شبكة إكمال نموذج عبر الإنترنت رغم أن just بعض الشبكات تعرض أو تطلب تحققًا إضافيًا,1,1
826,ar_eg,/Users/khushi/Documents/Team-team/fleurs_audio/ar_eg/826.wav,إذا أردت رؤية العالم بثمن بخس سوءً كان ذلك للضرورة أو كنمط حياة أو فهناك كتحدٍ بعض الطرق للقيام بذلك,إذا أردت رؤية العالم بثمن بخس كان سوءً ذلك للضرورة أو كنمط حياة أو كتحدٍ فهناك بعض الطرق للقيام بذلك,إذا أردت رؤية العالم بثمن بخس سوءً كان ذلك للضرورة أو كنمط حياة أو كتحدٍ فهناك بعض الطرق بذلك للقيام,إذا أردت رؤية العالم بثمن بخس سوءً كان ذلك للضرورة أو كنمط أو كتحدٍ فهناك بعض الطرق للقيام بذلك,إذا أردت رؤية العالم بثمن بخس سوءً كان ذلك للضرورة أو كنمط حياة أو كتحدٍ فهناك بعض الطرق للقيام بذلك,5,5
939,ar_eg,/Users/khushi/Documents/Team-team/fleurs_audio/ar_eg/939.wav,ربما تكون مراقبة الجمارك مشكلة بينما غالباً ما يكون فحص غائباً الهجرة أو إجراءً شكلياً عند وصولك إلى وطنك,ربما تكون الجمارك مراقبة مشكلة بينما غالباً ما يكون فحص الهجرة غائباً أو إجراءً شكلياً عند وصولك إلى وطنك,ربما تكون مراقبة الجمارك مشكلة بينما غالباً ما يكون فحص الهجرة غائباً أو إجراءً شكلياً عند وصولك إلىjوطنك,ربما تكون مراقبة الجمارك مشكلة بينما غالباً ما يكون فحص الهجرة غائباً أو إجراءً شكلياً عند وصولك إلى وطنك,ربما تكون مراقبة الجمارك مشكلة بينما غالباً ما يكون فحص الهجرة غائباً أو إجراءً شكلياً very عند وصولك إلى وطنك,4,4
423,ar_eg,/Users/khushi/Documents/Team-team/fleurs_audio/ar_eg/423.wav,ولقد استند إلى الأبجدية وأضيف الألمانية حرف واحد هو õ/õ,ولقد استند إلى الأبجدية الألمانيةhوأضيف حرف واحد هو õ/õ,ولقد basically استند إلى الأبجدية الألمانية وأضيف حرف واحد هو õ/õ,ولقد استند إلى الأبجدية الألمانية وأضيف واحد هو õ/õ,ولقد استند إلى الأبجدية الألمانية وأضيف حرف واحد هو õ/õ,5,5
1379,ar_eg,/Users/khushi/Documents/Team-team/fleurs_audio/ar_eg/1379.wav,تم الإبلاغ عن حوالي 60 حالة من حالات الخلل في درجة حرارة جهاز آي بود الزائدة وقد تسبّب ذلك في ما مجموعه ستة حرائق وإصابة أربعة أشخاص بحروق طفيفة,تم الإبلاغ عن حوالي 60 حالة من حالات الخلل في درجة حرارة جهاز آي بود الزائدة وقد تسبّب ذلك في ما مجموعه ستة حرائق وإصابة أربعة أشwاص بحروق طفيفة,تم الإبلاغ عن حوالي 60 حالة من حالات الخلل في حرارة درجة جهاز آي بود الزائدة وقد تسبّب ذلك في ما مجموعه ستة حرائق وإصابة أربعة أشخاص بحروق طفيفة,الإبلاغ عن حوالي 60 حالة من حالات الخلل في درجة حرارة جهاز آي بود الزائدة وقد تسبّب ذلك في ما مجموعه ستة حرائق وإصابة أربعة أشخاص بحروق طفيفة,تم الإبلاغ عن حوالي 60 حالة من حالات الخلل في درجة حرارة جهاز آي بود الزائدة وقدuتسبّب ذلك في ما مجموعه ستة حرائق وإصابة أربعة أشخاص بحروق طفيفة,1,1
1458,ar_eg,/Users/khushi/Documents/Team-team/fleurs_audio/ar_eg/1458.wav,يتطلب الأمر صاروخاً عملاقاً ارتفاعه أكثر من 100 قدم لوضع قمر اصطناعي أو منظار في الفضاء,يتطلب الأمر صاروخاً عملاقاً ارتفاعه أكثر من 100 just قدم لوضع قمر اصطناعي أو منظار في الفضاء,يتطلب صاروخاً عملاقاً ارتفاعه أكثر من 100 قدم لوضع قمر اصطناعي أو منظار في الفضاء,يتطلب الأمر صاروخاً عملاقاً ارتفاعه أكثر من 100 قدم لوضع قمرwاصطناعي أو منظار في الفضاء,يتطلب الأمر صاروخاً عملاقاً أكثر من 100 قدم لوضع قمر اصطناعي أو منظار في الفضاء,1,1
908,ar_eg,/Users/khushi/Documents/Team-team/fleurs_audio/ar_eg/908.wav,توفر عادة عرض نطاق ترددي أعلى وجودة أفضل خدمة من الصعب التجسس عليها فهي مشفرة,توفر عرض عادة نطاق ترددي أعلى وجودة خدمة أفضل من الصعب التجسس عليها فهي مشفرة,توفر عادة عرض نطاق ترددي أعلى وجودة خدمة أفضل من الصعب التجسس عليها فهي مشفرة,توفر عادة عرض نطاق ترددي أعلى وجودة خدمة أفضل من الصعب التجسس عليها فهي,توفر عادة عرض نطاق ترددي أعلى وجودة خدمة أفضل من الصعب عليها التجسس فهي مشفرة,3,3
1311,ar_eg,/Users/khushi/Documents/Team-team/fleurs_audio/ar_eg/1311.wav,مشابهةً بجهاز التحكم عن بُعد للتلفاز يستخدم جهاز التحكم مستشعرين موضوعين بالقرب من تلفزيون المستخدم موقعه لتحديد في الفضاء ثلاثي الأبعاد,مشابهةً بجهاز التحكم عن بُعد للتلفاز يستخدم جهاز التحكم مسsشعرين موضوعين بالقرب من تلفزيون المستخدم لتحديد موقعه في الفضاء ثلاثي الأبعاد,مشابهةً بجهاز التحكم عن بُعد للتلفاز يستخدم جهاز التحكم مستشعرين موضوعين بالقرب من تلفزيون المستخدم لتحديد موقعه في الفضاء ثلاثي الأبعاد,مشابهةً بجهاز التحكم عن بُعد للتلفاز يستخدم جهاز التحكم fستشعرين موضوعين بالقرب من تلفزيون المستخدم لتحديد موقعه في الفضاء ثلاثي الأبعاد,مشابdةً بجهاز التحكم عن بُعد للتلفاز يستخدم جهاز التحكم مستشعرين موضوعين بالقرب من تلفزيون المستخدم لتحديد موقعه في الفضاء ثلاثي الأبعاد,3,3
64,ar_eg,/Users/khushi/Documents/Team-team/fleurs_audio/ar_eg/64.wav,لقد ناقش الكونغرس الوطني للبرازيل مسألة التشريع لمدة عشر سنوات وهذه الزيجات المدنية قانونية في ريو غراندي دو فقط في الوقت الحالي,لقد ناقش الكونغرس الوطني للبرازيل مسألة التشريع لمدة عشر سنوات وهذه الزيجات المدنية very قانونية في ريو غراندي دو سول فقط في الوقت الحالي,لقد ناقش الكونغرس الوطني للبرازيل مسألة التشريع لمدة عشر سنوات وهذه الزيجات المدنية قانونية mي ريو غراندي دو سول فقط في الوقت الحالي,لقد ناقش الكونغرس الوطني للبرازيل مسألة التشريع لمدة عشر سنوات وهذه الزيdات المدنية قانونية في ريو غراندي دو سول فقط في الوقت الحالي,لقد ناقش الكونغرس الوطني للبرازيل مسألة التشريع لمدة عشر سنوات وهذه الزيجات المدنية قانونية في ريو غراندي دو سول فقط في الوقت الحالي,5,5
487,ar_eg,/Users/khushi/Documents/Team-team/fleurs_audio/ar_eg/487.wav,يعتبر السيخ إيمانهم ديانة منفصلة actually عن الهندوسية على الرغم من أنهم يعترفون بالجذور والتقاليد الهندوسية,يعتبر السيخ إيمانهم ديانة منفصلة عن الهندوسية على الرغم أنهم يعترفون بالجذور والتقاليد الهندوسية,يعتبر السيخ إيمانهم ديانة actually منفصلة عن الهندوسية على الرغم من أنهم يعترفون بالجذور والتقاليد الهندوسية,يعتبر السيخ ديانة إيمانهم منفصلة عن الهندوسية على الرغم من أنهم يعترفون بالجذور والتقاليد الهندوسية,يعتبر السيخ إيمانهم ديانة منفصلة عن الهندوسية على الرغم من أنهم يعترفون بالجذور والتقاليد الهندوسية,5,5
618,ar_eg,/Users/khushi/Documents/Team-team/fleurs_audio/ar_eg/618.wav,وقاموا بتسمية أنفسهم الموريوري وكان هناك بعض المناوشات النهاية وفي تم القضاء على الموريوري,وقاموا بتسمية أنفسهم الموريوري وكان هناك بعض المناوشات وفي النهاية تم القضاء على الموريوري,وقاموا بتسمية أنفfهم الموريوري وكان هناك بعض المناوشات وفي النهاية تم القضاء على الموريوري,وقاموا بتسمية أنفسهم الموريوري وكان هناك بعض المناوشات وفي النهاية تم القضاء الموريوري,وقاموا بتسمية أنفسهم الموريوري وكان هناك المناوشات وفي النهاية تم القضاء على الموريوري,2,2
457,ar_eg,/Users/khushi/Documents/Team-team/fleurs_audio/ar_eg/457.wav,وقد أتاح ذلك لعدسات التكبير والتصغير إنتاج صور بجودة مماثلة لتلك التي حققتها العدسات really ذات الطول البؤري الثابت,وقد أتاح ذلك لعدسات التكبير والتصغير إنتاج صور بجودة مماثلة لتلك التي حققتها العدسات ذات also الطول البؤري الثابت,وقد أتاح ذلك لعدسات التكبير والتصغير إنتاج صور بجودة ممuثلة لتلك التي حققتها العدسات ذات الطول البؤري الثابت,وقد أتاح ذلك لعدسات التكبير والتصغير إنتاج صور بجودة مماثلة لتلك just التي حققتها العدسات ذات الطول البؤري الثابت,وقد أتاح ذلك لعدسات التكبير والتصغير إنتاج صور بجودة مماثلة لتلك التي حققتها العدسات ذات الطول البؤري الثابت,5,5
1349,ar_eg,/Users/khushi/Documents/Team-team/fleurs_audio/ar_eg/1349.wav,تُواجَه جهود البحث عن موقع التحطم بسوء الqحوال الجوية والتضاريس القاسية,تُواجَه جهود البحث عن موقع التحطم بسوء الأحوال الجوية والتضاريس القاسية,تُواجَه جهود البحث عن موقع بسوء التحطم الأحوال الجوية والتضاريس القاسية,جهود البحث عن موقع التحطم بسوء الأحوال الجوية والتضاريس القاسية,تُواجَه جهود البحث عن موقع التحطم actually بسوء الأحوال الجوية والتضاريس القاسية,2,2
119,ar_eg,/Users/khushi/Documents/Team-team/fleurs_audio/ar_eg/119.wav,صرحت كونامي ناشرة اللعبة الlوم في إحدى الصحف اليابانية بأن الشركة لن تطلق لعبة االأيام الستة في الفلوجة,صرحت كونامي ناشرة اللعبة اليوم في إحدى الصحف اليابانية بأن الشركة لن تطلق لعبة االأيام الستة في الفلوجة,صرحت كونامي ناشرة اللعبة اليوم في إحدى الصحف really اليابانية بأن الشركة لن تطلق لعبة االأيام الستة في الفلوجة,صرحت كونامي ناشرة اللعبة اليوم في الصحف إحدى اليابانية بأن الشركة لن تطلق لعبة االأيام الستة في الفلوجة,صرحت كونامي ناشرة اللعبة basically اليوم في إحدى الصحف اليابانية بأن الشركة لن تطلق لعبة االأيام الستة في الفلوجة,2,2
1,ar_eg,/Users/khushi/Documents/Team-team/fleurs_audio/ar_eg/1.wav,في الاثنين أعلن علماء من كلية الطب بجامعة ستانفورد عن اختراع أداة تشخيصية جديدة يمكنها تصنيف الخلايا حسب النوع شريحة صغيرة قابلة للطباعة يمكن تصنيعها باستخدام طابعات نفاثة للحبر قياسية مقابل حوالي سنت أمريكي واحد لكل منها,في يوم الاثنين أعلن علماء من كلية الطب بجامعة ستانفورد عن اختراع أداة تشخيصية جديدة يمكنها تصنيف الخلايا حسب النوع شريحة صغيرة قابلة للطباعة يمكن تصنيعها باستخدام طابعات نفاثة للحبر قياسية مقابل سنت أمريكي واحد لكل منها,في يوم الاثنين أعلن علماء من كلية الطب بجامعة ستاgفورد عن اختراع أداة تشخيصية جديدة يمكنها تصنيف الخلايا حسب النوع شريحة صغيرة قابلة للطباعة يمكن تصنيعها باستخدام طابعات نفاثة للحبر قياسية مقابل حوالي سنت أمريكي واحد لكل منها,في يوم الاثنين أعلن علماء من كلية الطب بجامعةmستانفورد عن اختراع أداة تشخيصية جديدة يمكنها تصنيف الخلايا حسب النوع شريحة صغيرة قابلة للطباعة يمكن تصنيعها باستخدام طابعات نفاثة للحبر قياسية مقابل حوالي سنت أمريكي واحد لكل منها,في يوم الاثنين أعلن علماء من كلية الطب بجامعة ستانفورد عن اختراع أداة تشخيصية جديدة يمكنها تصنيف الخلايا حسب النوع شريحة صغيرة قابلة للطباعة يمكن تصنيعها باستخدام طابعات نفاثة للحبر قياسية مقابل حوالي سنت أمريكي واحد لكل منها,5,5
1494,ar_eg,/Users/khushi/Documents/Team-team/fleurs_audio/ar_eg/1494.wav,يجب ألا يتوقع المتحولين جنسياً قبل الجراحة المرور عبر الماسحات مع اnحفاظ على خصوصيتهم و كرامتهم,يجب ألا يتوقع المتحولين جنسياً قبل الجراحة المرور عبر الماسحات مع الحفاظ على خصوصيتهم و كرامتهم,يجب ألا يتوقع المتحولين جنسياً قبل الجراحة عبر المرور الماسحات مع الحفاظ على خصوصيتهم و كرامتهم,يجب ألا يتوقع المتحولين جنسياً قبل الجراحة المرور عبz الماسحات مع الحفاظ على خصوصيتهم و كرامتهم,يجب ألا يتوقع المتحولين جنسياً قبل الجراحة المرور عبر الماسحات مع الحفاظ على خصوصيتهم و basically كرامتهم,2,2
670,ar_eg,/Users/khushi/Documents/Team-team/fleurs_audio/ar_eg/670.wav,يتطلب أي مخيم just أسفل الحافة في غراند كانيون تصريحاً للتخييم الليلي,يتطلب أي مخيم أسفل الحافة في غراند كانيون تصريحاً للتخييم الليلي,يتطلب أي مخيم أسفل الحافة في غراند also كانيون تصريحاً للتخييم الليلي,يتطلب أي مخيم أسفل الحlفة في غراند كانيون تصريحاً للتخييم الليلي,يتطلب أي مخيم أسفل الحافة غراند في كانيون تصريحاً للتخييم الليلي,2,2
691,ar_eg,/Users/khushi/Documents/Team-team/fleurs_audio/ar_eg/691.wav,just الأجواء المعتمة حول المعبد وإطلالته على بحيرة تونلي ساب تعطي قيمة للتسلق إلى التل,الأجواء حول المعبد وإطلالته على بحيرة تونلي ساب تعطي قيمة للتسلق إلى التل,الأجواء المعتمة حول المعبد وإطلالته على بحيرة تونلي ساب تعطي قيمة للتسلق إلى التل,الأجواء المعتمة حول المعبد وإطلالته على بحيرة تونلي ساب تعطي قيمة للتسلق إلd التل,الأجواء المعتمة حول المعبد وإطلالته على بحيرة تونلي ساب تعطي قيمة very للتسلق إلى التل,3,3
1459,ar_eg,/Users/khushi/Documents/Team-team/fleurs_audio/ar_eg/1459.wav,معجنات الفاكهة شائعة حيث يُطهى التفاح في المعجنات على مدار العام في حين يظهر الكرز والبرقوق also خلال الصيف,معجنات الفاكهة شائعة حيث يُطهى التفاح في المعجنات على مدار العام في حين يظهر الكرز والبرقوق خلال الصيف,معجنات الفاكهة شائعة حيث يُطهى التفاح في المعجنات على مدار العام في حين يظهرcالكرز والبرقوق خلال الصيف,معجنات الفاكهة شائعة يُطهى حيث التفاح في المعجنات على مدار العام في حين يظهر الكرز والبرقوق خلال الصيف,معجنات الفاكهة شائعة حيث يُطهى التفاح في المعجنات على العام مدار في حين يظهر الكرز والبرقوق خلال الصيف,2,2
1190,ar_eg,/Users/khushi/Documents/Team-team/fleurs_audio/ar_eg/1190.wav,حمّل العديد سكان مدينة بشكيك المتظاهرين في الجنوب حالة الفوضى,حمّل العديد من سكان مدينة بشكيك المتظاهرين في الجنوب حالة الفوoى,حمّل العديد من سكان مدينة بشكيك المتظاهريq في الجنوب حالة الفوضى,حمّل العديد من سكان مدينة المتظاهرين في الجنوب حالة الفوضى,حمّل العديد من سكان مدينة بشكيك المتظاهرين في الجنوب حالة الفوضى,5,5
1215,ar_eg,/Users/khushi/Documents/Team-team/fleurs_audio/ar_eg/1215.wav,نبه الدكتور qيهود أور أستاذ الطب في جامعة دالهوزي في هاليفاكس نوفا سكوتيا ورئيس الشعبة الطبية والعلمية في الجمعية الكندية للسكري إلى أن البحث لا يزال في أيامه الأولى,نبه الدكتور إيهود أور أستاذ الطب في جامعة دالهوزي في هاليفاكس نوفا سكوتيا ورئيس الشعgة الطبية والعلمية في الجمعية الكندية للسكري إلى أن البحث لا يزال في أيامه الأولى,نبه الدكتور إيهود أور أستاذ الطب في جامعة دالهوزي في هاليفاكس نوفا سكوتيا ورئيس الشعبة الطبية والعلمية في الجمعية الكندية للسكري إلى أن البحث لا يزال very في أيامه الأولى,نبه الدكتور إيهود أور أستاذ very الطب في جامعة دالهوزي في هاليفاكس نوفا سكوتيا ورئيس الشعبة الطبية والعلمية في الجمعية الكندية للسكري إلى أن البحث لا يزال في أيامه الأولى,نبه الدكتور إيهود أور أستاذ الطب في جامعة دالهوزي في هاليفاكس نوفا سكوتيا ورئيس الشعبة الطبية والعلمية في الجمعية الكندية للسكري إلى أن البحث لا يزال في أيامه الأولى,5,5
1157,ar_eg,/Users/khushi/Documents/Team-team/fleurs_audio/ar_eg/1157.wav,تقع مونتفيديو في المناطق شبه الاستوائية من الشائع أن تتعدى الحرارة 30 درجة مئوية في أشهر الصيف,تقع مونتفيديو في المناطق شبه الاستوائية من الشائع أن تتعدى درجات الحرارة 30 درجة مئوية في أشهر الصيف,مونتفيديو في المناطق شبه الاستوائية من الشائع أن تتعدى درجات الحرارة 30 درجة مئوية في أشهر الصيف,تقع مونتفيديو في المناطق شبه الاستوائية من الشائع أن تتعدى درxات الحرارة 30 درجة مئوية في أشهر الصيف,تقع مونتفيديو في المناطق شبه الاستوائية من الشائع أن تتعدى درجات الحرارة 30 درجة مئوية actually في أشهر الصيف,2,2
578,ar_eg,/Users/khushi/Documents/Team-team/fleurs_audio/ar_eg/578.wav,الخلية هي الوحدة الأساسية لجميع الكائنات الحية وجميع الكائنات الحية تتكون من خلية واحدة أو أكثر,الخلية هي الوحدة الأساسية لجميع الكائنات الحية وجميع الكائنات الحية من خلية واحدة أو أكثر,الخلية هي الوحدة الأساسية لجميع الكائنات الحية وجميع الكائنات الحية تتكون من خلية واحدة أo أكثر,الخلية هي الوحدة الأساسية لجميع الحية الكائنات وجميع الكائنات الحية تتكون من خلية واحدة أو أكثر,الخلية هي الوحدة الأساسية لجميع الكائنات الحية وجميع الكائنات تتكون من خلية واحدة أو أكثر,1,1
560,ar_eg,/Users/khushi/Documents/Team-team/fleurs_audio/ar_eg/560.wav,للبروتونات شحنة كهربية موجبة بينما النيوترونات ليس لها شحنة أما الإلكترونات فشحنتها سالبة,للبروتونات شحنة كهربية موجبة بينما النيوترونات ليس لها شحنة actually أما الإلكترونات فشحنتها سالبة,للبروتونات شحنة كهربية موجبة بينما النيوترونات ليس لها شحنة أما فشحنتها الإلكترونات سالبة,للبروتونات كهربية شحنة موجبة بينما النيوترونات ليس لها شحنة أما الإلكترونات فشحنتها سالبة,للبروتونات شحنة كهربية موjبة بينما النيوترونات ليس لها شحنة أما الإلكترونات فشحنتها سالبة,1,1
1114,ar_eg,/Users/khushi/Documents/Team-team/fleurs_audio/ar_eg/1114.wav,كما تبنى غير المؤمنين في البلدان المسيحية وغير المسيحيين في أنحاء مختلف العالم العديد من التقاليد المحيطة بالأعياد,كما تبنى غير المؤمنين في البلدان وغير المسيحيين في مختلف أنحاء العالم العديد من التقاليد المحيطة بالأعياد,كما تبنى غير المؤمنين في البلدان المسيحية المسيحيين في مختلف أنحاء العالم العديد من التقاليد المحيطة بالأعياد,كما تبنى غير المؤمنين في البلدان المسيحية وغير vلمسيحيين في مختلف أنحاء العالم العديد من التقاليد المحيطة بالأعياد,كما تبنى غير المؤمنين في البلدان المسيحية وغير المسيحيين في مختلف أنحاء العالم العديد من التقاليد المحيطة بالأعياد,5,5
1209,ar_eg,/Users/khushi/Documents/Team-team/fleurs_audio/ar_eg/1209.wav,استخدم الفينيقيون والرومان والمرينيد مدينة الداz البيضاء الحديثة كميناء استراتيجي يسمى أنفا وذلك بعد تأسيسها على يد الصيادين البربر في القرن العاشر قبل الميلاد,استخدم الفينيقيون والرومان والمرينيد مدينة الدار البيضاء الحديثة كميناء استراتيجي يسمى أنفا وذلك بعد تأسيسها على يد الصيادين البربر في القرن العاشر قبل الميلاد,استخدم الفينيقيون والرومان والمرينيد مدينة الدار البيضاء الحديثة كميناء also استراتيجي يسمى أنفا وذلك بعد تأسيسها على يد الصيادين البربر في القرن العاشر قبل الميلاد,استخدم الفينيقيون really والرومان والمرينيد مدينة الدار البيضاء الحديثة كميناء استراتيجي يسمى أنفا وذلك بعد تأسيسها على يد الصيادين البربر في القرن العاشر قبل الميلاد,استخدمgالفينيقيون والرومان والمرينيد مدينة الدار البيضاء الحديثة كميناء استراتيجي يسمى أنفا وذلك بعد تأسيسها على يد الصيادين البربر في القرن العاشر قبل الميلاد,2,2
206,ar_eg,/Users/khushi/Documents/Team-team/fleurs_audio/ar_eg/206.wav,لقد فُقد قبل حوالي عشر دقائق من موعد وصوله إلى الأرض اقترابه عند الثاني,لقد فُقد قبل حوالي عشر دقائق من موعد وصوله إلى الأرض عند اقترابه الثاني,لقد فُقد قبل حوالي basically عشر دقائق من موعد وصوله إلى الأرض عند اقترابه الثاني,لقد فُقد قبل حوالي دقائق عشر من موعد وصوله إلى الأرض عند اقترابه الثاني,لقد فُقد قبل حوالي عشر من دقائق موعد وصوله إلى الأرض عند اقترابه الثاني,2,2
1479,ar_eg,/Users/khushi/Documents/Team-team/fleurs_audio/ar_eg/1479.wav,يمكن تشكيل الذهب على شتى الأشكال يمكن لفه في أشكالٍ صغيرة,يمكن تشكيل الذهب شتى الأشكال يمكن لفه في أشكالٍ صغيرة,يمكن الذهب تشكيل على شتى الأشكال يمكن لفه في أشكالٍ صغيرة,يمكن تشكيل الذهب على شتى الأشكال يمكن لفه في صغيرة أشكالٍ,يمكن تشكيل الذهب على شتى الأشكال يمكن لفz في أشكالٍ صغيرة,1,1
371,ar_eg,/Users/khushi/Documents/Team-team/fleurs_audio/ar_eg/371.wav,تشبه هذه النباتات شجرة نخيل صغيرة ذات تاج من الأوراق الحادة والشائكة actually,تشبه هذه شجرة نخيل صغيرة ذات تاج من الأوراق الحادة والشائكة,basically تشبه هذه النباتات شجرة نخيل صغيرة ذات تاج من الأوراق الحادة والشائكة,تشبه هذه النباتات شجرة نخيل صغيرة ذات تاج من الأوراق الحادة والشlئكة,تشبه هذه النباتات شجرة نخيل صغيرة ذات تاج من الأوراق الحادة والشائكة,5,5
509,ar_eg,/Users/khushi/Documents/Team-team/fleurs_audio/ar_eg/509.wav,اضطراب نقص الانتباه متلازمة عصبيةeيمكن تشخيصها عن طريق ثلاثة أعراض معتادة هي الاندفاع وسهولة التشتت وفرط النشاط أو الطاقة الزائدة,اضطراب نقص الانتباه متلازمة عصبية يمكن تشخيصها عن طريق ثلاثة أعراض معتادة هي الاندفاع وسهولة التشتت وفرط النشاط أو الطاقة الزائدة,اضطراب الانتباه نقص متلازمة عصبية يمكن تشخيصها عن طريق ثلاثة أعراض معتادة هي الاندفاع وسهولة التشتت وفرط النشاط أو الطاقة الزائدة,نقص اضطراب الانتباه متلازمة عصبية يمكن تشخيصها عن طريق ثلاثة أعراض معتادة هي الاندفاع وسهولة التشتت وفرط النشاط أو الطاقة الزائدة,اضطراب نقص الانتباه متلازمة عصبية يمكن تشخيصها عن طريق ثلاثة معتادة هي الاندفاع وسهولة التشتت وفرط النشاط أو الطاقة الزائدة,2,2
895,ar_eg,/Users/khushi/Documents/Team-team/fleurs_audio/ar_eg/895.wav,السبب الأكثر شيوعاً للحوادث في nلشتاء هو الطرق الزلقة والأرصفة الأرضيات المرصوفة والسلالم الخاصة,السبب الأكثر شيوعاً للحوادث في الشتاء هو الطرق الزلقة والأرصفة الأرضيات المرصوفة والسلالم الخاصة,السبب الأكثر شيوعاً للحوادث في الشتاء هو الطرق الزلقة والأرصفة الأرضيات والسلالم المرصوفة الخاصة,السبب الأكثر شيوعاً للحyادث في الشتاء هو الطرق الزلقة والأرصفة الأرضيات المرصوفة والسلالم الخاصة,السبب الأكثر شيوعاً للحوادث الشتاء هو الطرق الزلقة والأرصفة الأرضيات المرصوفة والسلالم الخاصة,2,2
29,ar_eg,/Users/khushi/Documents/Team-team/fleurs_audio/ar_eg/29.wav,تخرّج في كلية الآداب والعلوم في جامعة فرجينيا عام 1950 متبرعًا وكان بارزًا لهذه المؤسسة,تخرّج في كلية الآداب والعلوم في جامعة فرجينيا عام 1950 وكان متبرعًا بارزًا لهذه المkسسة,تخرّج في كلية الآداب والعلوم في جامعة فرجينيا عام 1950 وكان متبرعًا بارزًا لهذه المؤسسة,تخرّج في كليx الآداب والعلوم في جامعة فرجينيا عام 1950 وكان متبرعًا بارزًا لهذه المؤسسة,تخرّج في كلية الآداب والعلوم في جامعة فرجينيا عام 1950 متبرعًا بارزًا لهذه المؤسسة,3,3
467,ar_eg,/Users/khushi/Documents/Team-team/fleurs_audio/ar_eg/467.wav,لكن هل مخيلتنا مبنية على الواقع لماذا بُنِيَت القلاع في الأصل كيف تم تصميمها وبناؤها,لكن هل مخيلتنا على مبنية الواقع لماذا بُنِيَت القلاع في الأصل كيف تم تصميمها وبناؤها,لكن هل مخيلتنا مبنية على الواقع لماذا بُنِيَت القلاع في الأصل كيف تم وبناؤها تصميمها,لكن هل مخيلتنا مبنية على الواقع لماذا القلاع في الأصل كيف تم تصميمها وبناؤها,لكن هل مخيلتنا مبنية على الواقع بُنِيَت القلاع في الأصل كيف تم تصميمها وبناؤها,1,1
113,ar_eg,/Users/khushi/Documents/Team-team/fleurs_audio/ar_eg/113.wav,يعزل قرار السيد رود بالتوقيع على اتفاقية كيوتو للمناخ الولايات المتحدة والتي ستكون الآن الدولة المتقدمة الوحيدة التي تصدق على الاتفاقية,يعزل قرار السيد رود باfتوقيع على اتفاقية كيوتو للمناخ الولايات المتحدة والتي ستكون الآن الدولة المتقدمة الوحيدة التي لن تصدق على الاتفاقية,يعزل قرار السيد رود بالتوقيع على اتفاقية كيوتو للمناخ الولايات المتحدة والتي ستكون الآن الدولة المتقدمة الوحيدة التي لن تصدق على الاتفاقية,يعزل قرار السيد رود بالتوقيع على اتفاقية كيوتو للمناخ الولايات المتحدة والتي ستكون الآن الدولة المتقدمة الوحيدة التي لن تصدق عkى الاتفاقية,يعزل قرار السيد رود بالتوقيع على اتفkقية كيوتو للمناخ الولايات المتحدة والتي ستكون الآن الدولة المتقدمة الوحيدة التي لن تصدق على الاتفاقية,3,3
1223,ar_eg,/Users/khushi/Documents/Team-team/fleurs_audio/ar_eg/1223.wav,هو حث البلاد على النامية تجنب الطريق القديم الذي يقوم على مبدأ أن تلوث أولاً ثم تنظف لاحقاً,هو حث البلاد النامية على تجنب الطريق القديم الذي يقوم على أن مبدأ تلوث أولاً ثم تنظف لاحقاً,هو حث البلاد النامية على تجنب الطريق القديم الذي يقوم على مبدأ أن تلوث أولاً ثم تنظف لاحقاً,هو really حث البلاد النامية على تجنب الطريق القديم الذي يقوم على مبدأ أن تلوث أولاً ثم تنظف لاحقاً,هو حث البلاد النامية على تجنب الطريق القديم الذي يقوم على مبدأ أن تلوث أولاً ثم تنظف,3,3
1429,ar_eg,/Users/khushi/Documents/Team-team/fleurs_audio/ar_eg/1429.wav,لماذا تولد أنظمة النقل مثل هذه الشكاوى ولماذا تفشل بشكل يومي هل مهندسو النقل غير أكفاء أم أن هناك oيئاً أكثر جوهرية يحدث,لماذا تولد أنظمة النقل مثل هذه الشكاوى ولماذا تفشل بشكل يومي هل مهندسو النقل غير أكفاء أم أن هناك شيئاً أكثر جوهرية يحدث,لماذا تولد very أنظمة النقل مثل هذه الشكاوى ولماذا تفشل بشكل يومي هل مهندسو النقل غير أكفاء أم أن هناك شيئاً أكثر جوهرية يحدث,لماذا تولد أنظمة النقل هذه الشكاوى ولماذا تفشل بشكل يومي هل مهندسو النقل غير أكفاء أم أن هناك شيئاً أكثر جوهرية يحدث,لماذا تولد أنظمة النقل مثل هذه ولماذا الشكاوى تفشل بشكل يومي هل مهندسو النقل غير أكفاء أم أن هناك شيئاً أكثر جوهرية يحدث,2,2
1173,ar_eg,/Users/khushi/Documents/Team-team/fleurs_audio/ar_eg/1173.wav,يجب على المسافرين الذين يخططون لإجراء جراحة إعادة تحديد الجنس في الخارج التأكّد من أنهم يحملون وثائق صالحة لرحلة العودة,يجب على المسافرين الذين يخططون really لإجراء جراحة إعادة تحديد الجنس في الخارج التأكّد من أنهم يحملون وثائق صالحة لرحلة العودة,يجب على المسافرين الذين يخططون لإجراء جراحة إعادة تحديد الجنس في الخارج التأكّد من أنهم يحملون وثائق صالحة لرحلة العnدة,يجب على المسافرين الذين لإجراء يخططون جراحة إعادة تحديد الجنس في الخارج التأكّد من أنهم يحملون وثائق صالحة لرحلة العودة,يجب على الذين يخططون لإجراء جراحة إعادة تحديد الجنس في الخارج التأكّد من أنهم يحملون وثائق صالحة لرحلة العودة,1,1
124,ar_eg,/Users/khushi/Documents/Team-team/fleurs_audio/ar_eg/124.wav,تقول الولايات المتّحدة إنها تلقّت معلوماتٍ من مصدرٍ لم يُكشف عنه تذكر تحديدًا استخدام انتحاريين لتفجير بارزة معالم في إثيوبيا وكينيا,تقول الولايات المتّحدة really إنها تلقّت معلوماتٍ من مصدرٍ لم يُكشف عنه تذكر تحديدًا استخدام انتحاريين لتفجير معالم بارزة في إثيوبيا وكينيا,تقول الولايات المتaحدة إنها تلقّت معلوماتٍ من مصدرٍ لم يُكشف عنه تذكر تحديدًا استخدام انتحاريين لتفجير معالم بارزة في إثيوبيا وكينيا,تقول الولايات المتّحدة إنها تلقّت معلوماتٍ من مصدرٍ لم يُكشف عنه تذكر تrديدًا استخدام انتحاريين لتفجير معالم بارزة في إثيوبيا وكينيا,تقول الولايات المتّحدة إنها تلقّت معلوماتٍ من مصدرٍ لم يُكشف عنه تذكر تحديدًا استخدام انتحاريين لتفجير معالم بارزة في إثيوبيا وكينيا,5,5
1211,ar_eg,/Users/khushi/Documents/Team-team/fleurs_audio/ar_eg/1211.wav,يختلف استعداد الحكومات الأجنبية في احترامها لهذه الوثائق just إلى حدٍ بعيد,يختلف استعداد الحكومات الأجنبية في احترامها لwذه الوثائق إلى حدٍ بعيد,يختلف استعداد الحكومات الأجنبية احترامها في لهذه الوثائق إلى حدٍ بعيد,يخeلف استعداد الحكومات الأجنبية في احترامها لهذه الوثائق إلى حدٍ بعيد,يختلف استعداد الحكومات الأجنبية في احترامها لهذه الوثائق إلى حدٍ بعيد,5,5
271,ar_eg,/Users/khushi/Documents/Team-team/fleurs_audio/ar_eg/271.wav,منذ ذلك الحين شارك البرازيلي في 53 للنادي في جميع المسابقات وأحرز 24 هدفاً,منذ ذلك الحين شارك really البرازيلي في 53 مباراة للنادي في جميع المسابقات وأحرز 24 هدفاً,منذ ذلك الحين شارك البرازيلي في 53 مباراة لuنادي في جميع المسابقات وأحرز 24 هدفاً,منذ ذلك الحين شارك البرازيلي في 53 مباراة للنادي في جميع المسابقات وأحرز 24 هدفاً,منذ ذلك الحين شارك البرازيلي في 53 مباراة wلنادي في جميع المسابقات وأحرز 24 هدفاً,4,4
459,ar_eg,/Users/khushi/Documents/Team-team/fleurs_audio/ar_eg/459.wav,هذا يجعلُ استخدامَ عدساتِ التّكبيرِ صعبًا الرخيصةِ في ظروفِ الإضاءةِ المنخفضةِ بدون فلاش,هذا يجعلُ استخدامَ عدساتِ التّكبيرِ الرخيصةِ صعبًا basically في ظروفِ الإضاءةِ المنخفضةِ بدون فلاش,هذا يجعلُ استخدامَ التّكبيرِ عدساتِ الرخيصةِ صعبًا في ظروفِ الإضاءةِ المنخفضةِ بدون فلاش,هذا يجعلُ استخدامَ عدساتِ التّكبيرِ الرخيصةِ صعبًا في ظروفِ الإضاءةِ المنخفضةِ بدون فلاش,هذا يجعلُ استخدامَ عدساتِ التّكبيرِ الرخيصةِ صعبًا في ظروفِ الإضاءةِ المنخفضةِ بدون فلاe,4,4
847,ar_eg,/Users/khushi/Documents/Team-team/fleurs_audio/ar_eg/847.wav,يعتبر رمي البوميرانغ مهارةً شائعةً يرغب الكثير من السيّاح اكتسابها,يعتبر رمي البوميرانغ مهارةً basically شائعةً يرغب الكثير من السيّاح اكتسابها,يعتبر البوميرانغ رمي مهارةً شائعةً يرغب الكثير من السيّاح اكتسابها,يعتبر رمي البوميرانغ مهارةً شائعةً يرغب الكثير السيّاح اكتسابها,يعتبر البوميرانغ مهارةً شائعةً يرغب الكثير من السيّاح اكتسابها,1,1
844,ar_eg,/Users/khushi/Documents/Team-team/fleurs_audio/ar_eg/844.wav,يطلق على اللوحات الجدارية also أو الخربشات غير المرغوبة مصطلح الجرافيتي,يطلق على اللوحات الجدارية أو الخربشات غير المرغوبة مصطلح الجرافيتي,يطلق على اللوحات الجدارية أو actually الخربشات غير المرغوبة مصطلح الجرافيتي,يطلق على اللوحات الجدارية أو الخربشات basically غير المرغوبة مصطلح الجرافيتي,يطلق على اللوحات الجدارية أو الخربشات غير المرغوبة الجرافيتي مصطلح,2,2
273,ar_eg,/Users/khushi/Documents/Team-team/fleurs_audio/ar_eg/273.wav,أشار إلى أن بعض الدراسات تشير إلى أن المرض يجب أن very يصبح أقل فتكًا قبل أن يتمكن من التسبب في وباء عالمي,أشار إلى أن بعض الدراسات تشير إلى أن المرض يجب أن يصبح أقل فتكًا قبل أن يتمكن من التسبب في وباء عgلمي,أشار إلى أن بعض الدراسات تشير إلى أن المرض يجب أن يصبح أقل فتكًا قبل أن يتمكن من التسبب في very وباء عالمي,أشار إلى أن بعض الدراسات تشير إلى أن المرض يجب أن يصبح أقل فتكًا قبل أن يتمكن من التسبب في وباء عالمي,أشار إلى أن بعض الدراسات تشير إلى أن المرض يجب أن يصبح أقل فتكًاdقبل أن يتمكن من التسبب في وباء عالمي,4,4
947,ar_eg,/Users/khushi/Documents/Team-team/fleurs_audio/ar_eg/947.wav,تصل قناة البحر الأبيض بحر البلطيق المحيط المتجمد الشمالي ببحر البلطيق مروراً ببحيرتي أونيجا ولادوجا ومدينة سانت بطرسبرغ في الأغلب من خلال وبحيرات,تصل قناة البحر الأبيض بحر البلطيق المحيط المتجمد الشمالي ببحر البلطيق مروراً ببحيرتي أونيجا ولادوجا ومدينة سانت بطرسبرغ في الأغلب من خلال أنهار وبحيرات,تصل قناة البحر very الأبيض بحر البلطيق المحيط المتجمد الشمالي ببحر البلطيق مروراً ببحيرتي أونيجا ولادوجا ومدينة سانت بطرسبرغ في الأغلب من خلال أنهار وبحيرات,تصل قناة البحر الأبيض بحر البلطيق المحيط المتجمد الشمالي ببحر البلطيق مروراً ببحيرتي أونيجا ولادوجا ومدينة سانت بطرسبرغ في just الأغلب من خلال أنهار وبحيرات,تصل قناة الأبيض البحر بحر البلطيق المحيط المتجمد الشمالي ببحر البلطيق مروراً ببحيرتي أونيجا ولادوجا ومدينة سانت بطرسبرغ في الأغلب من خلال أنهار وبحيرات,2,2
376,ar_eg,/Users/khushi/Documents/Team-team/fleurs_audio/ar_eg/376.wav,ليس للشمس قشرة يمكنك الوقوف عليها مثل الأرض تتكون الشمس بالكامل من الغازات والبلازما والنار,ليس للشمس قشرة يمكنك الوقوف عليها مثل الأرض تتكون just الشمس بالكامل من الغازات والنار والبلازما,ليس للشمس قشرة يمكنك الوقوف عليها مثل الأرض تتكون الشمس بالكامل من الغازات والنار والبلازما,ليس للشمس قشرة الوقوف عليها مثل الأرض تتكون الشمس بالكامل من الغازات والنار والبلازما,ليس للشمس قشرة يمكنك الوقوف عليها مثل الأرض تتكون الشمس بالكامل من الغازات والنار والبلازما also,3,3
626,ar_eg,/Users/khushi/Documents/Team-team/fleurs_audio/ar_eg/626.wav,تركز هذه العقلية على السرعة والمنuق والدقة وأيضاً على تحديد الحقائق وإعادة تطبيق التقنيات الموجودة وجمع المعلومات,just تركز هذه العقلية على السرعة والمنطق والدقة وأيضاً على تحديد الحقائق وإعادة تطبيق التقنيات الموجودة وجمع المعلومات,تركز هذه العقلية على السرعة والمنطق والدقة وأيضاً على تحديد الحقائق وإعادة تطبيق التقنيات الموجودة وجمع,actually تركز هذه العقلية على السرعة والمنطق والدقة وأيضاً على تحديد الحقائق وإعادة تطبيق التقنيات الموجودة وجمع المعلومات,تركز هذه العقلية على السرعة والمنطق والدقة وأيضاً على تحديد الحقائق وإعادة تطبيق التقنيات الموجودة وجمع المعلومات,5,5
1430,ar_eg,/Users/khushi/Documents/Team-team/fleurs_audio/ar_eg/1430.wav,يعتقد العديد علماء من الحفريات اليوم أن مجموعة واحدة من الديناصورات قد نجت وهي على قيد الحياة اليوم ونسميها الطيور,يعتقد العديد من علماء الحفريات اليوم أن مجموعة واحدة من الديناصورات قد نجت وهي على قيد الحياة اليوم basically ونسميها الطيور,يعتقد العديد من علماء الحفريات اليوم أن مجموعة واحدة من الديناصورات قد نجت وهي على قيد الحياة اليوم just ونسميها الطيور,يعتقد العديد من علماء الحفريات اليوم أن مجموعة واحدة من الديناصورات قد نجت وهي really على قيد الحياة اليوم ونسميها الطيور,يعتقد العديد من علماء الحفريات اليوم أن مجموعة واحدة من الديناصورات قد نجت وهي على قيد الحياة اليوم ونسميها الطيور,5,5
1027,ar_eg,/Users/khushi/Documents/Team-team/fleurs_audio/ar_eg/1027.wav,يجب على الرعاية البديلة توفير كل الضروريّات التي افتقدوها في البيوت التي خرجوا منها سابقاً,يجب على الرعاية البديلة توفير كل الضروريّات التي في افتقدوها البيوت التي خرجوا منها سابقاً,يجب على الرعاية البديلة توفير كل الضروريّات التي افتقدوها really في البيوت التي خرجوا منها سابقاً,يجب على الرعاية البديلة توفير كل الضروريّات التي افتقدوها في البيوت التي just خرجوا منها سابقاً,يجب على الرعاية البديلة توفير كل الضروريّات التي افتقدوها في البيوت التي منها سابقاً,1,1
1410,ar_eg,/Users/khushi/Documents/Team-team/fleurs_audio/ar_eg/1410.wav,كما really يمكنهم الاحتفاظ بالحجز لك إذا كنت بحاجة إلى وقت للتفكير في العرض أو الحصول على مستندات أخرى لوجهتك على سبيل المثال، التأشيرة,كما يمكنهم الاحتفاظ بالحجز لك إذا كنت بحxجة إلى وقت للتفكير في العرض أو الحصول على مستندات أخرى لوجهتك على سبيل المثال، التأشيرة,كما يمكنهم الاحتفاظ بالحجز لp إذا كنت بحاجة إلى وقت للتفكير في العرض أو الحصول على مستندات أخرى لوجهتك على سبيل المثال، التأشيرة,كما يمكنهم الاحتفاظ بالحجز لك إذا كنت بحاجة إلى وقت للتفكير في العرض أو الحصول على مستندات أخرى لوجهتك actually على سبيل المثال، التأشيرة,كما يمكنهم الاحتفاظ بالحجز لك إذا كنت بحاجة إلى وقت للتفكير في العرض أو الحصول على مستندات أخرى لوجهتك على سبيل المثال، التأشيرة,5,5
1188,ar_eg,/Users/khushi/Documents/Team-team/fleurs_audio/ar_eg/1188.wav,كانت البرج قمة ملاذاً آمناً للإله,كانت قمة اfبرج ملاذاً آمناً للإله,كانت قمة البرج ملاذاً آمناً للإله,كانت قمة البرج ملاذاً آمvاً للإله,كانت قمة البرج ملاذاً really آمناً للإله,3,3
358,ar_eg,/Users/khushi/Documents/Team-team/fleurs_audio/ar_eg/358.wav,للعودة إلى مستوى الطاقة السابق أن يتخلصوا من الطاقة الإضافية التي حصلوا عليها من الضوء,للعودة إلى مستوى السابق الطاقة يجب أن يتخلصوا من الطاقة الإضافية التي حصلوا عليها من الضوء,للعودة إلى مستوى الطاقة السابق يجب أن يتخلصوا actually من الطاقة الإضافية التي حصلوا عليها من الضوء,للعودة إلى مستوى الطاقة السابق يجب أن يتخلصوا من الطاقة الإضافية التي حصلوا عليها من الضوء,للعودة إلى مستوى الطاقة السابق يجب أن يتخلصوا من الiاقة الإضافية التي حصلوا عليها من الضوء,4,4
644,ar_eg,/Users/khushi/Documents/Team-team/fleurs_audio/ar_eg/644.wav,يمكن للطلاب أيضاً إرسال أسئلة إلى المدرسين في أي وقت من وتوقع اليوم إجابات سريعة بشكل معقول بدلاً من الانتظار حتى الاجتماع التالي وجهاً لوجه,يمكن للطلاب أيضاً إرسال أسئلة إلى المدرسين في أي وقت من اليوم وتوقع إجابات سريعة بشكل معقول بدلاً من الانتظار حتى الاجتماع التالي وجهاً لوجه,يمكن للطلاب أيضاً إرسال أسئلة إلى المدرسين في أي وقت من اليوم وتوقع إجابات سريعة بشكل معقول بدلاً من الانتظار حتى الاجتماع التالي وجهاً,يمكن للطلاب أيضاً إرسال أسئلة إلى المدرسين في أي وقت من اليوم وتوقع إجابات سريعة بشكل معقول بدلاً من الانتظار حتى الاجتماع التالي وجهاً لوجه basically,يمكن للطلاب أيضاً إرسال very أسئلة إلى المدرسين في أي وقت من اليوم وتوقع إجابات سريعة بشكل معقول بدلاً من الانتظار حتى الاجتماع التالي وجهاً لوجه,2,2
134,ar_eg,/Users/khushi/Documents/Team-team/fleurs_audio/ar_eg/134.wav,"لم يمسس اللافتة ضرر مادي؛ ذلك لأن المتعدي استخدم تربولين أسود مزيناً بعلامة السلام ورسمة في تعديلاته لتغيير شكل حرف ال""o ليبدو كحرف e","لم يمسس اللافتة ضرر مادي؛ ذلك لأن المتعدي استخدم تربولين أسود مزيناً السلام ورسمة لقلب في تعديلاته لتغيير شكل حرف ال""o ليبدو كحرف e","لم يمسس اللافتة ضرر مادي؛ ذلك لأن المتعدي استخدم تربولين أسود مزيناً بعلامة السلام ورسمة لقلب في تعديلاته لتغيير شكل حرف ال""o ليبدو كحرف e","لم يمسس اللافتة ضرر مادي؛ ذلك لأن المتعدي استخدم تربولين أسود مزيناً بعلsمة السلام ورسمة لقلب في تعديلاته لتغيير شكل حرف ال""o ليبدو كحرف e","لم يمسس اللافتة ضرر مادي؛ ذلك لأن المتعدي استخدم تربولين أسود مزيناً بعلامة just السلام ورسمة لقلب في تعديلاته لتغيير شكل حرف ال""o ليبدو كحرف e",3,3
409,ar_eg,/Users/khushi/Documents/Team-team/fleurs_audio/ar_eg/409.wav,ومع ذلك فإن اكتشاف قبره في عام 1922 جعله من المشاهير في حين نُهب العديد من مقابر الماضي إلا أن هذا القبر لم يُعبث به تقريباً,ومع ذلك فإن اكتشاف قبره في عام 1922 جعله من المشاهير في حين نُهب العديد من مقابر الماضي إلا أن هذا القبر لم يُعgث به تقريباً,ومع ذلك فإن اكتشاف قبره في عام 1922 جعله من المشاهير في حين نُهب very العديد من مقابر الماضي إلا أن هذا القبر لم يُعبث به تقريباً,ومع ذلك فإن اكتشاف قبره في عام 1922 من المشاهير في حين نُهب العديد من مقابر الماضي إلا أن هذا القبر لم يُعبث به تقريباً,ومع ذلك فإن اكتشاف قبره في عام 1922 جعله من المشاهير في حين نُهب العديد من مقابر إلا أن هذا القبر لم يُعبث به تقريباً,1,1
1328,ar_eg,/Users/khushi/Documents/Team-team/fleurs_audio/ar_eg/1328.wav,بل إنه yطرح فكرة أن تكون هذه القدرات في تحليل السلوك البشري مشتركة مع بعض الحيوانات مثل الكلاب الأليفة,بل إنه يطرح فكرة أن تكون هذه القدرات في تحليل السلوك البشري مشتركة مع بعض الحيوانات مثل الكلاب الأليفة,بل إنه يطرح فكرة really أن تكون هذه القدرات في تحليل السلوك البشري مشتركة مع بعض الحيوانات مثل الكلاب الأليفة,بل إنه يطرح فكرة تكون أن هذه القدرات في تحليل السلوك البشري مشتركة مع بعض الحيوانات مثل الكلاب الأليفة,بل إنه يطرح فكرة very أن تكون هذه القدرات في تحليل السلوك البشري مشتركة مع بعض الحيوانات مثل الكلاب الأليفة,2,2
1045,ar_eg,/Users/khushi/Documents/Team-team/fleurs_audio/ar_eg/1045.wav,كما تشتهر باريس بكونها عاصمة الموضة في العالم المعاصر كانت القسطنطينيّة تُعتبر عاصمة في الموضة أوروبا الإقطاعيّة,كما تشتهر باريس بكونها عاصمة الموضة في العالم المعاصر كانت القسطنطينيّة تُعتبر عاصمة الموضة actually في أوروبا الإقطاعيّة,كما تشتهر باريس بكونها عاصمة الموضة في العالم كانت القسطنطينيّة تُعتبر عاصمة الموضة في أوروبا الإقطاعيّة,كما تشتهر باريس بكونها عاصمة الموضة في العالم المعاصر كانت القسطنطينيّة تُعتبر عاصمة الموضة في أوروبا الإقطاعيّة,كما تvتهر باريس بكونها عاصمة الموضة في العالم المعاصر كانت القسطنطينيّة تُعتبر عاصمة الموضة في أوروبا الإقطاعيّة,4,4
1350,ar_eg,/Users/khushi/Documents/Team-team/fleurs_audio/ar_eg/1350.wav,للتعريف اختلافات جغرافية حيث قد يكون الحد العمري في أقصر أماكن مثل أمريكا الشمالية منه في أوروبا,للتعريف اختلافات جغرافية حيث قد يكون الحد العمري أقصر في أماكن مثل أمريكا الشمالية منه في أوروبا,للتعريف اختلافات جغرافية حيث قد يكون الحد العzري أقصر في أماكن مثل أمريكا الشمالية منه في أوروبا,للتعريف اختلافات جغرافية حيث قد يكون الحد أقصر العمري في أماكن مثل أمريكا الشمالية منه في أوروبا,للتعريف اختلافات جغرافية حيث قد يكون الحد just العمري أقصر في أماكن مثل أمريكا الشمالية منه في أوروبا,2,2
1376,ar_eg,/Users/khushi/Documents/Team-team/fleurs_audio/ar_eg/1376.wav,وقد تلقى الفيلم الذي يضم رايان غوسلينغ وإيما ستون ترشيحات في جميع الفئاتhالرئيسية,وقد تلقى الفيلم الذي يضم رايان غوسلينغ وإيما ستون ترشيحات في جميع الفئات الرئيسية,وقد تلقى الفيلم الذي يضم رايان غوسلينغ وإيما ستون ترشيحات في kميع الفئات الرئيسية,وقد تلقى الفيلم الذي يضم رايان غوسلينغ وإيما ستون ترشيحات في جميع الفئات الرئيسية actually,وقد تلقى الفيلم الذي يضم رايان غوسلينغ وإيما ستون ترشيحات في جميع الفئات الرئيسية really,2,2
166,ar_eg,/Users/khushi/Documents/Team-team/fleurs_audio/ar_eg/166.wav,يأمل المحتجون في جمع 1.2 مليون actually توقيع على عريضة لرفعها إلى الجمعية الوطنية في شهر تشرين الثاني,يأمل المحتجون في جمع 1.2 مليون توقيع على عريضة لرفعها إلى الجمعية really الوطنية في شهر تشرين الثاني,يأمل المحتجون في جمع 1.2 مليون توقيع على عريضة لرفعها إلى الجمعية الوطنية في شهر تشرين الثاني,يأمل المحتجون في جمع 1.2 توقيع على عريضة لرفعها إلى الجمعية الوطنية في شهر تشرين الثاني,يأمل المحتجون في جمع 1.2 مليون توقيع على عريضة لرفعjا إلى الجمعية الوطنية في شهر تشرين الثاني,3,3
630,ar_eg,/Users/khushi/Documents/Team-team/fleurs_audio/ar_eg/630.wav,الإنسان هو أكثر الكائنات في قراءة عقول الآخرين,هو الإنسان أكثر الكائنات موهبةً في قراءة عقول الآخرين,الإنسان هو أكثر الكائنات موهبةً في قراءة عقول الآخرين,الإنسان هو أكثر الكائنات موهبةً قراءة في عقول الآخرين,الإنسان هو أكثر الكائنات موهبةً في قراءة عقول الآخرين really,3,3
749,ar_eg,/Users/khushi/Documents/Team-team/fleurs_audio/ar_eg/749.wav,رُبما المكان عبارn عن مبنى تاريخي قديم مع أثاث عتيق وأراضٍ مشذبة وحمام سباحةٍ,رُبما المكان عبارة عن مبنى تاريخي قديم مع أثاث عتيق وأراضٍ مشذبة وحمام سباحةٍ,رُبما المكان عبارm عن مبنى تاريخي قديم مع أثاث عتيق وأراضٍ مشذبة وحمام سباحةٍ,رُبما المكان عبارة عن really مبنى تاريخي قديم مع أثاث عتيق وأراضٍ مشذبة وحمام سباحةٍ,رُبما المكان عبارة عن مبنى تاريخي قديم مع أثاث وأراضٍ عتيق مشذبة وحمام سباحةٍ,2,2
749,ar_eg,/Users/khushi/Documents/Team-team/fleurs_audio/ar_eg/749.wav,رُبما المكان عبارة عن مبنى تاريخي قديم مع عتيق وأراضٍ مشذبة وحمام سباحةٍ,المكان رُبما عبارة عن مبنى تاريخي قديم مع أثاث عتيق وأراضٍ مشذبة وحمام سباحةٍ,رُبما المكان عبارة عن مبنى تاريخي قديم مع أثاث عتيق وأراضٍ iشذبة وحمام سباحةٍ,رُبما المكان عن مبنى تاريخي قديم مع أثاث عتيق وأراضٍ مشذبة وحمام سباحةٍ,رُبما المكان عبارة عن مبنى تاريخي قديم مع أثاث عتيق وأراضٍ مشذبة وحمام سباحةٍ,5,5
666,ar_eg,/Users/khushi/Documents/Team-team/fleurs_audio/ar_eg/666.wav,تتضمن الزيارة التقليدية السفر إلى مطار أورلاندو الدولي والانتقال إلى أحد فنادق ديزني في الموقع وقضاء حوالي أسبوع دون مغادرة ملكية ديزني والعودة إلى الوطن,تتضمن الزيارة التقليدية السفر إلى مطار أورلاندو الدولي والانتقال أحد فنادق ديزني في الموقع وقضاء حوالي أسبوع دون مغادرة ملكية ديزني والعودة إلى الوطن,تتضمن الزيارة التقليدية السفر إلى مطار أورلاندو الدولي والانتقال إلى أحد فنادق في ديزني الموقع وقضاء حوالي أسبوع دون مغادرة ملكية ديزني والعودة إلى الوطن,تتضمن الزيارة التقليدية السفر إلى مطار أورلاندو الدولي والانتقال إلى أحد فنادق ديزني في الموقع وقضاء حوالي أسبوع دون مغادرة ملكية ديزني والعودة إلى actually الوطن,تتضمن الزيارة التقليدية السفر إلى مطار أورلاندو الدولي والانتقال إلى أحد فنادق ديزني في الموقع وقضاء حوالي دون أسبوع مغادرة ملكية ديزني والعودة إلى الوطن,1,1
979,ar_eg,/Users/khushi/Documents/Team-team/fleurs_audio/ar_eg/979.wav,بسبب حرارة النهار، قد يرى المسافرون السراب الذي يوهم بوجود الماء أو أشياء أخرى,بسبب حرارة النهار، قد يرى المسافرون السراب الذي يوهم الماء أو أشياء أخرى,بسبب حرارة النهار، قد يرى actually المسافرون السراب الذي يوهم بوجود الماء أو أشياء أخرى,بسبب حرارة النهار، قد يرى السراب الذي يوهم بوجود الماء أو أشياء أخرى,بسبب حرارة النهار، قد يرى المسافرون السراب الذي يوهم بوجود الماء أو أشياء just أخرى,1,1
1360,ar_eg,/Users/khushi/Documents/Team-team/fleurs_audio/ar_eg/1360.wav,إنه من المستحيل تقريباً صرف عملة فوكلاندس خارج الجزر actually لذلك يجب صرف النقود قبل مغادرة الجزر,إنه من المستحيل تقريباً صرف عملة فوكلاندس basically خارج الجزر لذلك يجب صرف النقود قبل مغادرة الجزر,إنه very من المستحيل تقريباً صرف عملة فوكلاندس خارج الجزر لذلك يجب صرف النقود قبل مغادرة الجزر,إنه من المستحيل تقريباً صرف عملة فوكلاندس خارج الجزر لذلك يجب صرف النقود قبل مغادرة الجزر,إنه من المستحيل actually تقريباً صرف عملة فوكلاندس خارج الجزر لذلك يجب صرف النقود قبل مغادرة الجزر,4,4
1410,ar_eg,/Users/khushi/Documents/Team-team/fleurs_audio/ar_eg/1410.wav,كما الاحتفاظ بالحجز لك إذا كنت بحاجة إلى وقت للتفكير في العرض أو الحصول على مستندات أخرى لوجهتك على سبيل المثال، التأشيرة,كما يمكنهم الاحتفاظ بالحجز لك إذا كنت بحاجة إلى وقت للتفكير في العرض أو الحصول على مستندات أخرى على لوجهتك سبيل المثال، التأشيرة,كما يمكنهم الاحتفاظ بالحجز لك إذا كنت بحاجة إلى وقت للتفكير في العرض أو الحصول على مستندات أخرى لوجهتك على سبيل المثال، التأشيرة,كما يمكنهم الاحتفاظ بالحجز لك إذا كنت بحاجة إلى وقت للتفكير also في العرض أو الحصول على مستندات أخرى لوجهتك على سبيل المثال، التأشيرة,كما يمكنهم الاحتفاظ بالحجز لك إذا كنت بحاجة إلى وقت للتفكير في العرض أو الحصول على مستندات أخرى لوجهتك على سبيل المثال، just التأشيرة,3,3
158,ar_eg,/Users/khushi/Documents/Team-team/fleurs_audio/ar_eg/158.wav,يظل كيسلوسكi بطل بطولة السائقين بعد السباق بعدد نقاط 2250 نقطة,يظل كيسلوسكي بطل بطولة السائقين بعد السباق بعدد نقاط 2250 نقطة,يظل كيسلوسكي بطل السائقين بطولة بعد السباق بعدد نقاط 2250 نقطة,يظل كيسلوسكي بطولة السائقين بعد السباق بعدد نقاط 2250 نقطة,يظل كيسلوسكي very بطل بطولة السائقين بعد السباق بعدد نقاط 2250 نقطة,2,2
22,ar_eg,/Users/khushi/Documents/Team-team/fleurs_audio/ar_eg/22.wav,هسيه جادل أيضاً أن ما الجذاب فوتوغرافياً يهتم بالشكل أكثر من الجوهر,هسيه جادل أيضاً أن ما الجذاب فوتوغرافياً كان يهتم بالشكل أكثر من الجوهر,جادل هسيه أيضاً أن ما الجذاب فوتوغرافياً كان يهتم بالشكل أكثر من الجوهر,هسيه جادل أيضاً أن ما الجذاب كان يهتم بالشكل أكثر من الجوهر,هسيه أيضاً جادل أن ما الجذاب فوتوغرافياً كان يهتم بالشكل أكثر من الجوهر,2,2
115,ar_eg,/Users/khushi/Documents/Team-team/fleurs_audio/ar_eg/115.wav,هذه هي عملية الاسsحواذ الأكبر بتاريخ إيباي,هي عملية الاستحواذ الأكبر بتاريخ إيباي,هذه هي عملية الاستحواذ الأكبر بتاريخ,هذه هي الاستحواذ الأكبر بتاريخ إيباي,هذه هي عملية الاستحواذ الأكبر بتاريخ إيباي,5,5
365,ar_eg,/Users/khushi/Documents/Team-team/fleurs_audio/ar_eg/365.wav,أولاً يجب أن تطفئ just مفتاح المصباح أو تفصل الكابل,أولاً يجب أن تطفئ مفتاح المصباl أو تفصل الكابل,أولاً يجب أن تطفئ مفتاح المصباح أو تفصل الكابل,أولاً يجب أن تطفئ مفتاح المصباحgأو تفصل الكابل,أولاً يجب أن تطفئ مفتاح المصباح أو basically تفصل الكابل,3,3
829,ar_eg,/Users/khushi/Documents/Team-team/fleurs_audio/ar_eg/829.wav,تفترض النصيحة أن المسافرين لا يسرقون ولا يتعدون أو يشاركون السوق غير القانونية ولا يشحذون أو يستغلون الآخرين لصالح منفعتهم الخاصة,تفترض النصيحة أن المسافرين لا يسرقون ولا يتعدون أو يشاركون في غير السوق القانونية ولا يشحذون أو يستغلون الآخرين لصالح منفعتهم الخاصة,تفترض النصيحة أن المسافرين لا يسرقون ولا يتعدون أو يشاركون very في السوق غير القانونية ولا يشحذون أو يستغلون الآخرين لصالح منفعتهم الخاصة,تفترض النصيحة أن المسافرين لا يسرقون ولا يتعدون أو يشاركون في السوق غير القانونية ولا يشحذون أو يستغلون الآخرين لصالح منفعتهم الخاصة,تفترض النصيحة أن المسافرين لا يسرقون just ولا يتعدون أو يشاركون في السوق غير القانونية ولا يشحذون أو يستغلون الآخرين لصالح منفعتهم الخاصة,4,4
522,ar_eg,/Users/khushi/Documents/Team-team/fleurs_audio/ar_eg/522.wav,يرجع السبب الأساسي لهذه الظاهرة إلى نتيجة الأحلام الصافية التي تزيد طول المدة الزمنية التي تكون بين حالات حركة العين السريعة,يرجع السبب لهذه الأساسي الظاهرة إلى نتيجة الأحلام الصافية التي تزيد من طول المدة الزمنية التي تكون بين حالات حركة العين السريعة,يرجع السبب actually الأساسي لهذه الظاهرة إلى نتيجة الأحلام الصافية التي تزيد من طول المدة الزمنية التي تكون بين حالات حركة العين السريعة,يرجع السبب الأساسي لهذه الظاهرة إلى نتيجة الأحلام الصافية التي تزيد من طول المدة الزمنية التي تكون حالات حركة العين السريعة,يرجع السبب الأساسي لهذه الظاهرة إلى نتيجة الأحلام الصافية التي تزيد من طول المدة الزمنية التي تكون بين حالات حركة العين السريعة,5,5
970,ar_eg,/Users/khushi/Documents/Team-team/fleurs_audio/ar_eg/970.wav,جزءٌ من جمالها يتلخص في الافتقار إلى التنمية المؤسسية very المرئية.و تربط الطرق والقطارات والقوارب القرى مع بعضها ولا تستطيع السيارات الوصول إليها من الخارج,جزءٌ من جمالها يتلخص في الافتقار إلى التنمية المؤسسية المرئية.و تربط الطرق والقطارات والقوارب القرى مع بعضها ولا تستطيع السيارات إليها من الخارج,جزءٌ من جمالها يتلخص الافتقار إلى التنمية المؤسسية المرئية.و تربط الطرق والقطارات والقوارب القرى مع بعضها ولا تستطيع السيارات الوصول إليها من الخارج,جزءٌ من جمالها يتلخص في الافتقار إلى التنمية المؤسسية المرئية.و تربط الطرق والقطارات والقوارب القرى مع بعضها ولا تستطيع السيارات الوصول إليها من الخارج,جزءٌ من جمالها يتلخص في الافتقار إلى المؤسسية التنمية المرئية.و تربط الطرق والقطارات والقوارب القرى مع بعضها ولا تستطيع السيارات الوصول إليها من الخارج,4,4
432,ar_eg,/Users/khushi/Documents/Team-team/fleurs_audio/ar_eg/432.wav,تركيا محاطة بالبحار من ثلاث جهات: بحر إيجه من الغرب ، والبحر الأسود من الشمال very والبحر الأبيض المتوسط من الجنوب,تركيا محاطة بالبحار من ثلاث جهات: بحر إيجه من الغرب ، والبحر الأسود من الشمال والبحر الأبيض very المتوسط من الجنوب,تركيا محاطة بالبحار من ثلاث جهات: بحر إيجه من الغرب ، والبحر الأسود من الشمال والبحر الأبيض المتوسط من الجنوب,تركيا محاطة بالبحار من ثلاث جهات: بحر إيجه من الغرب ، والبحر الأسود من والبحر الأبيض المتوسط من الجنوب,تركيا محاطة بالبحار مw ثلاث جهات: بحر إيجه من الغرب ، والبحر الأسود من الشمال والبحر الأبيض المتوسط من الجنوب,3,3
1339,ar_eg,/Users/khushi/Documents/Team-team/fleurs_audio/ar_eg/1339.wav,لم very يُصب سائق الشاحنة البالغ من العمر 64 عاماً في حادث التحطم,لم يُصب سائق الشاحنة البالغ من العمر 64 عاماً في حاpث التحطم,يُصب سائق الشاحنة البالغ من العمر 64 عاماً في حادث التحطم,لم يُصب سائق الشاحنة البالغ من العمر 64 عاماً في حادث التحطم,لم يُصب سائق الشاحنة البالغ من العمر 64 عاماً really في حادث التحطم,4,4
335,ar_eg,/Users/khushi/Documents/Team-team/fleurs_audio/ar_eg/335.wav,صعد الصوفيون إلى المسرح,صعد اwراقصون الصوفيون إلى المسرح,الراقصون الصوفيون إلى المسرح,صعد الراقصون الصوفيون إلo المسرح,صعد الراقصون الصوفيون إلى المسرح,5,5
1105,ar_eg,/Users/khushi/Documents/Team-team/fleurs_audio/ar_eg/1105.wav,تم إنشاء الهرم الأكبر لتكريم الفرعون خوفو وتم بناء العديد من الأهرامات والمقابر والمعابد الأصغر لتكريم زوجات خوفو وأفراد أسرته,تم إنشاء الهرم الأكبر لتكريم الفرعون خوفو وتم بناء العديد من والمقابر الأهرامات والمعابد الأصغر لتكريم زوجات خوفو وأفراد أسرته,تم إنشاء الهرم الأكبر لتكريم الفرعون خوفو وتم بناء العديد من والمقابر والمعابد الأصغر لتكريم زوجات خوفو وأفراد أسرته,تم إنشاء الهرم لتكريم الأكبر الفرعون خوفو وتم بناء العديد من الأهرامات والمقابر والمعابد الأصغر لتكريم زوجات خوفو وأفراد أسرته,تم إنشاء الهرم الأكبر لتكريم الفرعون خوفو وتم بناء العديد من الأهرامات والمقابر الأصغر والمعابد لتكريم زوجات خوفو وأفراد أسرته,1,1
935,ar_eg,/Users/khushi/Documents/Team-team/fleurs_audio/ar_eg/935.wav,قم باستشارة المؤسسة وكذلك قwم الهجرة للبلد التي ترغب في الدراسة بها للحصول على متطلبات مفصلة,قم باستشارة المؤسسة وكذلك قسم الهجرة للبلد actually التي ترغب في الدراسة بها للحصول على متطلبات مفصلة,قم basically باستشارة المؤسسة وكذلك قسم الهجرة للبلد التي ترغب في الدراسة بها للحصول على متطلبات مفصلة,قم باستشارة المؤسسة وكذلك قسم الهجرة للبلد التي ترغب في الدراسة بها للحصول متطلبات مفصلة,قم باستشارة المؤسسة وكذلك قسم الهجرة للبلد التي ترغب في الدراسة بها للحصول على متطلبات مفصلة,5,5
948,ar_eg,/Users/khushi/Documents/Team-team/fleurs_audio/ar_eg/948.wav,كما أن بحيرة أونجا متصلة أيضاً بفولجا لذا فإن الوصول من بحر قزوين عبر روسيا لا يزال متاحاً,كما أن بحيرة أونجا متصلة أيضاً بفولجا لذا فإن من الوصول بحر قزوين عبر روسيا لا يزال متاحاً,كما أن بحيرة أونجا متصلة أيضاً بفولجا really لذا فإن الوصول من بحر قزوين عبر روسيا لا يزال متاحاً,كما أن بحيرة متصلة أونجا أيضاً بفولجا لذا فإن الوصول من بحر قزوين عبر روسيا لا يزال متاحاً,كما أن بحيرة أونجا متصلة أيضاً بفولجا لذy فإن الوصول من بحر قزوين عبر روسيا لا يزال متاحاً,1,1
419,ar_eg,/Users/khushi/Documents/Team-team/fleurs_audio/ar_eg/419.wav,التقديرات وتتراوح بين 340 مليون و500 مليون متحدث وما يصل إلى 800 مليون شخص يمكنهم فهم اللغة,وتتراوح التقديرات بين 340 مليون و500 مليون متحدث وما يصل إلى 800 مليون شخص يمكنهم فهم اللغة,وتتراوح التقديرات بين 340 مليون و500 مليون متحدث وماsيصل إلى 800 مليون شخص يمكنهم فهم اللغة,وتتراوح التقديرات بين 340 مليون و500 مليون متحدث وما يصل إلى 800wمليون شخص يمكنهم فهم اللغة,وتتراوح التقديرات بين 340 مليون و500 مليون متحدث وما يصل sلى 800 مليون شخص يمكنهم فهم اللغة,2,2
949,ar_eg,/Users/khushi/Documents/Team-team/fleurs_audio/ar_eg/949.wav,تأكد أن كل شئ سيكون واضحًا بمجرد تصل إلى المرسى ستقابل المسافرين الآخرين الذين يطلبون التوصيل المجاني بالقوارب وسيخبرونك بما لديهم من معلومات,تأكد أن كل شئ سيكون واضحًا بمجرد تصل أن إلى المرسى ستقابل المسافرين الآخرين الذين يطلبون التوصيل المجاني بالقوارب وسيخبرونك بما لديهم من معلومات,تأكد أن كل شئ سيكون وuضحًا بمجرد أن تصل إلى المرسى ستقابل المسافرين الآخرين الذين يطلبون التوصيل المجاني بالقوارب وسيخبرونك بما لديهم من معلومات,تأكد أن كل شئ سيكون واضحًا بمجرد أن تصل إلى المرسى ستقابل المسافرين الآخرين الذين يطلبون التوصيل المجاني بالقوارب وسيخبرونك بما لديهم من معلومات,تأكد أن كل شئ سيكون واضحًا بمجرد أt تصل إلى المرسى ستقابل المسافرين الآخرين الذين يطلبون التوصيل المجاني بالقوارب وسيخبرونك بما لديهم من معلومات,4,4
1160,ar_eg,/Users/khushi/Documents/Team-team/fleurs_audio/ar_eg/1160.wav,يمكن استغلال الأموال في تشيد منازل مقاومة للفيضانات وإدارة المياه بشكل أفضل وتنويع المحاصيل,يمكن استغلال الأموال في تشيد منازل مقاومة للفيضانات المياه وإدارة بشكل أفضل وتنويع المحاصيل,يمكن استغلال الأموال في تشيد منازل للفيضانات مقاومة وإدارة المياه بشكل أفضل وتنويع المحاصيل,يمكن استغلال الأموال في تشيد منازل مقاومة للفيضانات وإدارة المياه بشكل وتنويع المحاصيل,يمكن استغلال الأموال في تشيد منازل مقاومة للفيضانات وإدارة المياهpبشكل أفضل وتنويع المحاصيل,1,1
1392,ar_eg,/Users/khushi/Documents/Team-team/fleurs_audio/ar_eg/1392.wav,في فرنسا كان التصويت بشكل تقليدي هو عبارة عن تجربة ذات تكنولوجيا منخفضة حيث يعزل الناخبون أنفسهم في كشك ويضعون ورقة مطبوعة بشكل مسبق مشيرة إلى مرشحهم just المفضل في ظرف,في فرنسا كان التصويت بشكل تقليدي هو عبارة عن تجربة ذات تكنولوجيا منخفضة حيث يعزل الناخبون أنفسهم كشك في ويضعون ورقة مطبوعة بشكل مسبق مشيرة إلى مرشحهم المفضل في ظرف,في فرنسا كان التصويت بشكل تقليدي هو عبارة عن تجربة ذات تكنولوجيا منخفضة حيث يعزل الناخبون أنفسهم في كشك ويضعون ورقة مطبوعة بشكل مسبق مشيرة إلى مرشحهم المفضل في ظرف,في فرنسا كان التصويت بشكل تقليدي هو عبارة عن تجربة ذات تكنولوجيا منخفضة حيث يعزل الناخبون أنفسهم في كشك ورقة مطبوعة بشكل مسبق مشيرة إلى مرشحهم المفضل في ظرف,في فرنسا كان التصويت بشكل تقليدي هو عبارة عن تجربة ذات تكنولوجيا منخفضة حيث يعزل الناخبون في أنفسهم كشك ويضعون ورقة مطبوعة بشكل مسبق مشيرة إلى مرشحهم المفضل في ظرف,3,3
140,ar_eg,/Users/khushi/Documents/Team-team/fleurs_audio/ar_eg/140.wav,بلغ المداري الإعصار جونو - الذي سمي على اسم كيس أوراق النخيل بلغة جزر المالديف - في ذروته رياحاً متواصلة بسرعة 240 كيلومتراً في الساعة 149 ميلاً في الساعة,بلغ الإعصار المداري جونو - الذي سمي على اسم كيس أوراق النخيل بلغة جزر المالديف - في ذروته رياحاً متواصلة بسرعة 240 كيلومتراً في الساعة 149 ميلاً في الساعة,بلغ الإعصار المداري جونو - الذي سمي على اسم كيس أوراق النخيل بلغة جزر الjالديف - في ذروته رياحاً متواصلة بسرعة 240 كيلومتراً في الساعة 149 ميلاً في الساعة,بلغ الإعصار المداري جونو - الذي سمي على اسم كيس أوراق النخيل بلغة جزر المالديف - في ذروته رياحاً very متواصلة بسرعة 240 كيلومتراً في الساعة 149 ميلاً في الساعة,بلغ الإعصار المداري جونو - الذي سمي على اسم كيس أوراق النخيل بلغة جزر المالديف - في ذروته رياحاً متواصلة بyرعة 240 كيلومتراً في الساعة 149 ميلاً في الساعة,2,2
