audio_id,language,audio,transcription,duration
141,en_us,C:\Users\acer\OneDrive\Desktop\hackenza\fleurs_audio\en_us\141.wav,by early today winds were around 83 km/h and it was expect to keep weakening,6.6
1187,en_us,C:\Users\acer\OneDrive\Desktop\hackenza\fleurs_audio\en_us\1187.wav,hershey and chase used phages or viruses to implant their own dna into a bacterium,6.36
1154,en_us,C:\Users\acer\OneDrive\Desktop\hackenza\fleurs_audio\en_us\1154.wav,although winfrey was tearful in her farewell she made it clear to her fans she will be back,12.42
1029,en_us,C:\Users\acer\OneDrive\Desktop\hackenza\fleurs_audio\en_us\1029.wav,another difference was that while the poor people and the woman ate their food while sitting in chairs the rich men liked to have banquets together where they would lounge on their sides while they ate their meals,12.12
649,en_us,C:\Users\acer\OneDrive\Desktop\hackenza\fleurs_audio\en_us\649.wav,we will never overhaul a car build a fountain in our backyard travel to peru to examine ancient ruins or remodel our neighbour's house,10.14
1352,en_us,C:\Users\acer\OneDrive\Desktop\hackenza\fleurs_audio\en_us\1352.wav,for some understanding something about how aircraft work and what happens during a flight may help to overcome a fear which is based on the unknown or on not being in control,11.7
1142,en_us,C:\Users\acer\OneDrive\Desktop\hackenza\fleurs_audio\en_us\1142.wav,we will endeavour to cut carbon dioxide emissions per unit of gdp by a notable margin by 2020 from the 2005 level hu said,14.04
410,en_us,C:\Users\acer\OneDrive\Desktop\hackenza\fleurs_audio\en_us\410.wav,most of the items buried with tutankhamun have been well preserved including thousands of artefacts made from precious metals and rare stones,9.1
334,en_us,C:\Users\acer\OneDrive\Desktop\hackenza\fleurs_audio\en_us\334.wav,it was followed by the istanbul state symphony orchestra a janissary band and the singers fatih erkoç and müslüm gürses,10.94
890,en_us,C:\Users\acer\OneDrive\Desktop\hackenza\fleurs_audio\en_us\890.wav,inland antarctica is a desolate plateau covered by 2-3 km of ice,6.42
419,en_us,C:\Users\acer\OneDrive\Desktop\hackenza\fleurs_audio\en_us\419.wav,estimates range from 340 million to 500 million speakers and as many as 800 million people can understand the language,11.46
1461,en_us,C:\Users\acer\OneDrive\Desktop\hackenza\fleurs_audio\en_us\1461.wav,wagonways were built in england as early as the 16th century,4.92
34,en_us,C:\Users\acer\OneDrive\Desktop\hackenza\fleurs_audio\en_us\34.wav,piquet jr was sacked after the 2009 hungarian grand prix,13.26
135,en_us,C:\Users\acer\OneDrive\Desktop\hackenza\fleurs_audio\en_us\135.wav,red tide is caused by a higher than normal concentration of karenia brevis a naturally-occurring single-celled marine organism,10.92
950,en_us,C:\Users\acer\OneDrive\Desktop\hackenza\fleurs_audio\en_us\950.wav,basically you'll be putting up notices offering your help pacing the docks approaching people cleaning their yachts trying to make contact with sailors in the bar etc,10.56
1186,en_us,C:\Users\acer\OneDrive\Desktop\hackenza\fleurs_audio\en_us\1186.wav,persian has a relatively easy and mostly regular grammar,4.92
566,en_us,C:\Users\acer\OneDrive\Desktop\hackenza\fleurs_audio\en_us\566.wav,those participating in regular activity required more support in terms of negative perception of pain distinguishing the differences of chronic pain and discomfort feel from normal physical movement,11.28
946,en_us,C:\Users\acer\OneDrive\Desktop\hackenza\fleurs_audio\en_us\946.wav,vikings used the russian waterways to get to the black sea and caspian sea parts of these routes can still be used check possible need for special permits which may be difficult to get,25.02
757,en_us,C:\Users\acer\OneDrive\Desktop\hackenza\fleurs_audio\en_us\757.wav,the old fashioned fittings the lack of the latest amenities and a certain graceful agedness are also part of their character,11.76
1072,en_us,C:\Users\acer\OneDrive\Desktop\hackenza\fleurs_audio\en_us\1072.wav,they also define routes for popular hiking and cycling trails,4.8
788,en_us,C:\Users\acer\OneDrive\Desktop\hackenza\fleurs_audio\en_us\788.wav,written words are often easier to understand than spoken words also this is especially true of addresses which are often difficult to pronounce intelligibly,9.74
888,en_us,C:\Users\acer\OneDrive\Desktop\hackenza\fleurs_audio\en_us\888.wav,tourist visits are costly demand physical fitness can only take place in summer nov-feb and are largely limited to the peninsula islands and ross sea,10.62
843,en_us,C:\Users\acer\OneDrive\Desktop\hackenza\fleurs_audio\en_us\843.wav,for one thing northern new mexico has significant problems with drunk driving and the concentration of intoxicated drivers is high close to small-town bars,11.16
1232,en_us,C:\Users\acer\OneDrive\Desktop\hackenza\fleurs_audio\en_us\1232.wav,bipedal specializations are found in australopithecus fossils from 4.2-3.9 million years ago although sahelanthropus may have walked on two legs as early as seven million years ago,14.58
1035,en_us,C:\Users\acer\OneDrive\Desktop\hackenza\fleurs_audio\en_us\1035.wav,comets may possibly have been a source of water delivery to the earth along with organic matter that can form proteins and support life,9.0
539,en_us,C:\Users\acer\OneDrive\Desktop\hackenza\fleurs_audio\en_us\539.wav,tourists may visit different landmarks of a particular country or they may simply opt to focus on just one area,8.16
1179,en_us,C:\Users\acer\OneDrive\Desktop\hackenza\fleurs_audio\en_us\1179.wav,in 1895 after defeat in the first sino-japanese war 1894-1895 the qing government signs the treaty of shimonoseki by which it cedes sovereignty over taiwan to japan which rules the island until 1945,21.54
1254,en_us,C:\Users\acer\OneDrive\Desktop\hackenza\fleurs_audio\en_us\1254.wav,this is especially popular with school leavers allowing them to take a year out before university without compromising their education,10.02
1313,en_us,C:\Users\acer\OneDrive\Desktop\hackenza\fleurs_audio\en_us\1313.wav,he arrived in the us with 4 cents to his name a book of poetry and a letter of recommendation from charles batchelor his manager in his previous job to thomas edison,14.34
718,en_us,C:\Users\acer\OneDrive\Desktop\hackenza\fleurs_audio\en_us\718.wav,the mapuche were also one of the last independent american indigenous groups that were not fully absorbed into spanish-speaking rule until after chile's independence,15.36
1308,en_us,C:\Users\acer\OneDrive\Desktop\hackenza\fleurs_audio\en_us\1308.wav,german pastries are quite good and in bavaria are quite rich and varied similar to those of their southern neighbor austria,8.52
225,en_us,C:\Users\acer\OneDrive\Desktop\hackenza\fleurs_audio\en_us\225.wav,the judge told blake it was almost inevitable he was going to be sent to jail,5.1
373,en_us,C:\Users\acer\OneDrive\Desktop\hackenza\fleurs_audio\en_us\373.wav,other scientists argue that these plants are very poisonous so it is unlikely that any dinosaur ate them even though today the sloth and other animals like the parrot a descendant of the dinosaurs can eat poisonous leaves or fruit,13.98
571,en_us,C:\Users\acer\OneDrive\Desktop\hackenza\fleurs_audio\en_us\571.wav,when all individuals in a population are identical with regard to a particular phenotypic trait they are known as monomorphic,13.68
157,en_us,C:\Users\acer\OneDrive\Desktop\hackenza\fleurs_audio\en_us\157.wav,"some of the rocks which are very rare on earth are being sold from us$11,000 to $22,500 per ounce which is about ten times more than the cost of gold",13.38
1026,en_us,C:\Users\acer\OneDrive\Desktop\hackenza\fleurs_audio\en_us\1026.wav,the luminosity and rotation are used together to determine a star's rossby number which is related to plasma flow,9.72
349,es_419,C:\Users\acer\OneDrive\Desktop\hackenza\fleurs_audio\es_419\349.wav,la luz y el calor que emana de las estrellas se genera cuando se unen o fusionan los átomos de hidrógeno para dar lugar a elementos más pesados,12.0
1107,es_419,C:\Users\acer\OneDrive\Desktop\hackenza\fleurs_audio\es_419\1107.wav,sin perjuicio de cuán mansos puedan lucir lo cierto es que los bisones los uapatíes los alces los osos y prácticamente todos los animales grandes pueden se agresivos,12.6
1269,es_419,C:\Users\acer\OneDrive\Desktop\hackenza\fleurs_audio\es_419\1269.wav,no obstante curiosamente la señal de los celulares es mucho mejor aquí que en muchas otras secciones de la carretera como pennsylvania wilds,9.78
794,es_419,C:\Users\acer\OneDrive\Desktop\hackenza\fleurs_audio\es_419\794.wav,en algunos países o tipos de tiendas existe al menos un restaurante dentro del lugar que por lo general es bastante informal y sus precios económicos,11.58
1079,es_419,C:\Users\acer\OneDrive\Desktop\hackenza\fleurs_audio\es_419\1079.wav,esta teoría sostiene que la mayor parte de la materia oscura que rodea a una galaxia se sitúa en torno a esta en una clase de halo y se compone por numerosas partículas pequeñas,12.78
116,es_419,C:\Users\acer\OneDrive\Desktop\hackenza\fleurs_audio\es_419\116.wav,la empresa tiene como objetivo diversificar sus fuentes de ingresos y ganar popularidad en zonas en donde skype goza de una posición contundente como china europa del este y brasil,10.38
1153,es_419,C:\Users\acer\OneDrive\Desktop\hackenza\fleurs_audio\es_419\1153.wav,con frecuencia muchos ritmos presentes en procesos fisiológicos y en el comportamiento dependen de manera decisiva de ciclos internos y su producción a través de relojes biológicos,14.88
398,es_419,C:\Users\acer\OneDrive\Desktop\hackenza\fleurs_audio\es_419\398.wav,su ejército y marina eran más débiles aunque cuatro barcos nuevos acababan de ser construidos justo antes del inicio de la guerra,9.24
1231,es_419,C:\Users\acer\OneDrive\Desktop\hackenza\fleurs_audio\es_419\1231.wav,confirmaron que la cepa de gripe aviar mortal en las personas h5n1 atacó a un pato silvestre que murió al que encontraron el lunes en un pantano en las cercanías de lyon en el este francés,11.7
1366,es_419,C:\Users\acer\OneDrive\Desktop\hackenza\fleurs_audio\es_419\1366.wav,también pueden presenciarse otros torneos y partidos inferiores en otras partes del año,5.46
303,es_419,C:\Users\acer\OneDrive\Desktop\hackenza\fleurs_audio\es_419\303.wav,la ley francesa fue modificada se inició como activista a la edad de 15 años al integrarse a la resistencia francesa durante la segunda guerra mundial,13.38
145,es_419,C:\Users\acer\OneDrive\Desktop\hackenza\fleurs_audio\es_419\145.wav,«esto quiere decir que todo debe llevarse hacia atrás» indicó berhance asfaw investigador para el servicio de investigación del valle del rift en etiopía y coautor del estudio,13.86
428,es_419,C:\Users\acer\OneDrive\Desktop\hackenza\fleurs_audio\es_419\428.wav,la turquía europea tracia oriental o rumelia en la península de los balcanes comprende el 3 % del país,7.8
273,es_419,C:\Users\acer\OneDrive\Desktop\hackenza\fleurs_audio\es_419\273.wav,«algunos estudios sugieren que la enfermedad debe disminuir su letalidad antes de que pueda provocar una epidemia global» señaló,10.38
617,es_419,C:\Users\acer\OneDrive\Desktop\hackenza\fleurs_audio\es_419\617.wav,existía además otra tribu formada por los maoríes que dejaron nueva zelanda que se asentó en las islas chatham,9.9
690,es_419,C:\Users\acer\OneDrive\Desktop\hackenza\fleurs_audio\es_419\690.wav,phnom krom es un templo edificado en la cúspide de una colina hacia fines del siglo ix durante el reinado de yasovarman a 12 km al sur de siem reap,14.1
949,es_419,C:\Users\acer\OneDrive\Desktop\hackenza\fleurs_audio\es_419\949.wav,puedes estar seguro de que una vez llegues al puerto todo será bastante obvio conocerás a otros autoestopistas de barco que compartirán su información contigo,11.46
1129,es_419,C:\Users\acer\OneDrive\Desktop\hackenza\fleurs_audio\es_419\1129.wav,el primer mandatario de ee uu george w bush llegó a singapur temprano el 16 de noviembre dando inicio a una gira de siete días por asia,11.1
442,es_419,C:\Users\acer\OneDrive\Desktop\hackenza\fleurs_audio\es_419\442.wav,durante el siglo xviii camboya sufrió varias invasiones de los tailandeses quienes en 1772 destruyeron phnom phen,11.58
1092,es_419,C:\Users\acer\OneDrive\Desktop\hackenza\fleurs_audio\es_419\1092.wav,posee un amplio y extraordinario abanico de comunidades vegetales gracias a la variedad de microclimas suelos y niveles de altitud,10.2
608,es_419,C:\Users\acer\OneDrive\Desktop\hackenza\fleurs_audio\es_419\608.wav,experimentamos el tiempo como una serie de acontecimientos que pasan desde el futuro a través del presente hacia el pasado,7.86
319,es_419,C:\Users\acer\OneDrive\Desktop\hackenza\fleurs_audio\es_419\319.wav,en las últimas tres décadas china ha desarrollado una economía de mercado aun cuando oficialmente continúa teniendo un régimen comunista,9.72
1371,es_419,C:\Users\acer\OneDrive\Desktop\hackenza\fleurs_audio\es_419\1371.wav,un terremoto de intensidad moderada hizo temblar el oeste de montana a las 10:08 p m del lunes,8.4
357,es_419,C:\Users\acer\OneDrive\Desktop\hackenza\fleurs_audio\es_419\357.wav,esto hace que el patinador gire cuando los patines se inclinan hacia la derecha el patinador también gira en esa dirección si lo hacen hacia la izquierda girará hacia la izquierda,14.82
231,es_419,C:\Users\acer\OneDrive\Desktop\hackenza\fleurs_audio\es_419\231.wav,se cree que el hombre guio un vehículo de tres ruedas munido con explosivos hacia la multitud,9.66
434,es_419,C:\Users\acer\OneDrive\Desktop\hackenza\fleurs_audio\es_419\434.wav,en el pasado las partes actuales de bélgica pertenecían a luxemburgo pero tras la revolución belga de la década de 1830 se volvieron belgas,10.98
852,es_419,C:\Users\acer\OneDrive\Desktop\hackenza\fleurs_audio\es_419\852.wav,el hangi se utiliza mucho a fin de preparar una cena con un estilo asado tradicional,7.14
217,es_419,C:\Users\acer\OneDrive\Desktop\hackenza\fleurs_audio\es_419\217.wav,el squash el karate y el patinaje intentaron ingresar al programa de los juegos olímpicos al igual que el béisbol y el softbol que quedaron fuera en la competencia del 2005,11.7
337,es_419,C:\Users\acer\OneDrive\Desktop\hackenza\fleurs_audio\es_419\337.wav,para terminar el grupo de danza turco anatolia interpretó «troya»,7.02
317,es_419,C:\Users\acer\OneDrive\Desktop\hackenza\fleurs_audio\es_419\317.wav,también se lo acusó en el pasado de violar derechos de autor pero no se levantaron cargos en su contra,10.32
1315,es_419,C:\Users\acer\OneDrive\Desktop\hackenza\fleurs_audio\es_419\1315.wav,los deportes de invierno cuentan con más popularidad en las zonas de norte con atletas que participan en torneos internacionales y eventos olímpicos,10.02
1126,es_419,C:\Users\acer\OneDrive\Desktop\hackenza\fleurs_audio\es_419\1126.wav,esto también puede tomarse prestado de las prendas disponibles al ingresar pero esa ropa no se lava después de cada persona que la usa por lo que es podría no sentirse cómodo usando estas faldas. ¡una talla única para todos los hombres!,17.16
100,es_419,C:\Users\acer\OneDrive\Desktop\hackenza\fleurs_audio\es_419\100.wav,petróleo crudo se desbordó cerca de la estación de bombeo de fort greely 9 debido a la apertura de las válvulas de escape que se a causa de una interrupción en el servicio de electricidad ocurrido tras una prueba de rutina del sistema de comando de incendios,21.42
1007,es_419,C:\Users\acer\OneDrive\Desktop\hackenza\fleurs_audio\es_419\1007.wav,se entiende por agricultura de subsistencia aquella cuyo objetivo es producir suficientes alimentos para atender exclusivamente las necesidades del agricultor y su grupo familiar,12.72
424,es_419,C:\Users\acer\OneDrive\Desktop\hackenza\fleurs_audio\es_419\424.wav,con el transcurso del tiempo muchas palabras tomadas del alemán se fusionaron esto marcó el inicio de la iluminación,10.02
149,fr_fr,C:\Users\acer\OneDrive\Desktop\hackenza\fleurs_audio\fr_fr\149.wav,la banque northern rock avait été nationalisée en 2008 suite à la révélation que l'entreprise avait reçu un soutien d'urgence du gouvernement britannique,9.96
238,fr_fr,C:\Users\acer\OneDrive\Desktop\hackenza\fleurs_audio\fr_fr\238.wav,donc si vous vous teniez près du rivage vous seriez en mesure de voir tout au fond jusqu'aux cailloux ou autres boues qui se trouvent dans les profondeurs,12.48
1181,fr_fr,C:\Users\acer\OneDrive\Desktop\hackenza\fleurs_audio\fr_fr\1181.wav,les premières informations concernant taïwan remontent au xve siècle tandis que des navigateurs européens passant par là en firent mention sous le nom d’ilha formosa ou « belle île »,14.04
499,fr_fr,C:\Users\acer\OneDrive\Desktop\hackenza\fleurs_audio\fr_fr\499.wav,à travers les siècles l'empire romain a grandement œuvré dans le domaine de la médecine et est à l'origine de la plupart des connaissances que nous possédons aujourd'hui,13.68
409,fr_fr,C:\Users\acer\OneDrive\Desktop\hackenza\fleurs_audio\fr_fr\409.wav,cependant la découverte de sa tombe en 1922 a fait de lui une célébrité alors que de nombreuses tombes du passé ont été pillées cette tombe est restée pratiquement intacte,13.44
75,fr_fr,C:\Users\acer\OneDrive\Desktop\hackenza\fleurs_audio\fr_fr\75.wav,en outre le juge en chef evangelos kalousis a été emprisonné après avoir été reconnu coupable de corruption et de malversations,13.56
589,fr_fr,C:\Users\acer\OneDrive\Desktop\hackenza\fleurs_audio\fr_fr\589.wav,il est à espérer que la plupart des gens réaliseront que leur meilleure option à long terme est de travailler ensemble,10.98
1083,fr_fr,C:\Users\acer\OneDrive\Desktop\hackenza\fleurs_audio\fr_fr\1083.wav,au cours de son voyage iwasaki a eu des problèmes à de nombreuses occasions,5.76
1102,fr_fr,C:\Users\acer\OneDrive\Desktop\hackenza\fleurs_audio\fr_fr\1102.wav,le meilleur indice d'un empoisonnement interne est probablement la présence d'un récipient ouvert de médicaments ou de produits chimiques domestiques toxiques,12.18
426,fr_fr,C:\Users\acer\OneDrive\Desktop\hackenza\fleurs_audio\fr_fr\426.wav,cependant charles est allé à l’université au trinity college à cambridge où il a étudié l’anthropologie et l’archéologie et plus tard l’histoire obtenant un 2:2 un diplôme inférieur de deuxième classe,18.72
1327,fr_fr,C:\Users\acer\OneDrive\Desktop\hackenza\fleurs_audio\fr_fr\1327.wav,randonnée à skis cette activité est aussi appelée ski nordique ski de fond ou ski de randonnée,9.48
216,fr_fr,C:\Users\acer\OneDrive\Desktop\hackenza\fleurs_audio\fr_fr\216.wav,le comité international olympique a voté l'inclusion de ces sports lors de la réunion de son conseil d'administration à berlin aujourd'hui le rugby plus précisément le rugby collectif et le golf ont été choisis parmi cinq autres sports pour participer aux jeux olympiques,19.74
18,fr_fr,C:\Users\acer\OneDrive\Desktop\hackenza\fleurs_audio\fr_fr\18.wav,le journal britannique the guardian a suggéré que la deutsche bank contrôlait environ un tiers des 1200 sociétés écrans utilisées à cette fin,11.28
853,fr_fr,C:\Users\acer\OneDrive\Desktop\hackenza\fleurs_audio\fr_fr\853.wav,plusieurs endroits à rotorua offrent des hangis géothermiques tandis que d'autres hangis peuvent être échantillonnés à christchurch wellington et ailleurs,14.58
478,fr_fr,C:\Users\acer\OneDrive\Desktop\hackenza\fleurs_audio\fr_fr\478.wav,alexandre en tant que roi offrit de payer pour reconstruire le temple mais son offre fut déclinée plus tard après la mort d'alexandre le temple fut reconstruit en 323 avant notre ère,16.02
241,fr_fr,C:\Users\acer\OneDrive\Desktop\hackenza\fleurs_audio\fr_fr\241.wav,hier le bureau de poste a présenté ses excuses aux citoyens et aux médias après avoir découvert que le jeune garçon avait caché plus de 600 courriers parmi lesquels 429 cartes de nouvel an qui ne sont jamais arrivées entre les mains de leur destinataire,17.28
1478,fr_fr,C:\Users\acer\OneDrive\Desktop\hackenza\fleurs_audio\fr_fr\1478.wav,c'est encore fabriqué aujourd'hui mais ce qui importe est que son format d'image est hérité du format du capteur photographique des caméras numériques,10.8
250,fr_fr,C:\Users\acer\OneDrive\Desktop\hackenza\fleurs_audio\fr_fr\250.wav,le bâtiment abritait un certain nombre de pèlerins venus visiter la ville sainte à la veille du pèlerinage du hadj,8.1
1239,fr_fr,C:\Users\acer\OneDrive\Desktop\hackenza\fleurs_audio\fr_fr\1239.wav,quiconque envisage de se rendre dans un pays qui pourrait être considéré comme une zone de guerre devrait recevoir une formation professionnelle,11.34
137,fr_fr,C:\Users\acer\OneDrive\Desktop\hackenza\fleurs_audio\fr_fr\137.wav,l'algue produit une neurotoxine qui peut paralyser les nerfs chez les humains et les poissons,7.8
1007,fr_fr,C:\Users\acer\OneDrive\Desktop\hackenza\fleurs_audio\fr_fr\1007.wav,l'agriculture de subsistance est une agriculture pratiquée pour produire suffisamment de nourriture pour répondre uniquement aux besoins de l'agriculteur et de sa famille,11.16
1033,fr_fr,C:\Users\acer\OneDrive\Desktop\hackenza\fleurs_audio\fr_fr\1033.wav,il est de tradition de passer la nuit de pâques éveillé à un endroit à découvert pour voir le lever du soleil,10.32
150,fr_fr,C:\Users\acer\OneDrive\Desktop\hackenza\fleurs_audio\fr_fr\150.wav,northern rock avait sollicité une aide en raison de son exposition aux effets de la crise des subprimes en 2007,10.2
604,fr_fr,C:\Users\acer\OneDrive\Desktop\hackenza\fleurs_audio\fr_fr\604.wav,il a la même structure moléculaire qu'il s'agisse d'un gaz d'un liquide ou d'un solide,8.4
218,fr_fr,C:\Users\acer\OneDrive\Desktop\hackenza\fleurs_audio\fr_fr\218.wav,le vote doit encore être ratifié par l'ensemble du cio lors de sa réunion d'octobre à copenhague,7.8
1117,fr_fr,C:\Users\acer\OneDrive\Desktop\hackenza\fleurs_audio\fr_fr\1117.wav,essayez de viser un endroit où vous ne serez pas pris à nouveau il est possible également qu'en fonction de vos compétences et de si vous avez été repéré ou pas vous voudrez peut-être attendre les secours,15.96
9,fr_fr,C:\Users\acer\OneDrive\Desktop\hackenza\fleurs_audio\fr_fr\9.wav,à whitehall peu après 11 h 00 des manifestants ont bloqué la circulation des véhicules en direction du nord,8.58
1022,fr_fr,C:\Users\acer\OneDrive\Desktop\hackenza\fleurs_audio\fr_fr\1022.wav,chambers avait poursuivi dieu en justice pour « mise à mort généralisée destruction et terreur infligées à des millions et des millions d'habitants de la terre. »,10.98
1310,fr_fr,C:\Users\acer\OneDrive\Desktop\hackenza\fleurs_audio\fr_fr\1310.wav,après tout le chef est responsable en dernier ressort du succès et de l'échec de l'équipe,10.74
1362,fr_fr,C:\Users\acer\OneDrive\Desktop\hackenza\fleurs_audio\fr_fr\1362.wav,les ocelots sont friands de petits animaux ils attrapent des singes des serpents des rongeurs et des oiseaux s'ils le peuvent presque tous les animaux que l'ocelot chasse sont bien plus petits que lui,13.5
433,fr_fr,C:\Users\acer\OneDrive\Desktop\hackenza\fleurs_audio\fr_fr\433.wav,le luxembourg a une longue histoire mais son indépendance ne date que de 1839,9.24
131,fr_fr,C:\Users\acer\OneDrive\Desktop\hackenza\fleurs_audio\fr_fr\131.wav,l'annonce d'aujourd'hui prolonge également l'engagement pris par le gouvernement en mars de cette année de financer des voitures supplémentaires,10.44
34,fr_fr,C:\Users\acer\OneDrive\Desktop\hackenza\fleurs_audio\fr_fr\34.wav,piquet jr a été limogé après le grand prix de hongrie 2009,7.68
1289,fr_fr,C:\Users\acer\OneDrive\Desktop\hackenza\fleurs_audio\fr_fr\1289.wav,les requins existent mais ils attaquent rarement les humains la plupart d'entre eux ont peur des humains et s'en écarteraient,9.84
1140,de_de,C:\Users\acer\OneDrive\Desktop\hackenza\fleurs_audio\de_de\1140.wav,natürlich stellten die superprofite die der andauernden ausbeutung des philippinischen volkes entstammten die grundlegenden gewinne des us-imperialismus dar,12.84
217,de_de,C:\Users\acer\OneDrive\Desktop\hackenza\fleurs_audio\de_de\217.wav,squash karate und skating-sportarten versuchten teil des olympischen programms zu werden ebenso wie baseball und softball die 2005 von den olympischen spielen ausgeschlossen wurden,12.9
1265,de_de,C:\Users\acer\OneDrive\Desktop\hackenza\fleurs_audio\de_de\1265.wav,in entwickelten ländern werden sie selten ähnlich viele beschwerden über die wasserqualität oder den einsturz von brücken hören,9.36
1244,de_de,C:\Users\acer\OneDrive\Desktop\hackenza\fleurs_audio\de_de\1244.wav,alle bürger von vatikan-stadt sind römisch-katholisch,5.46
700,de_de,C:\Users\acer\OneDrive\Desktop\hackenza\fleurs_audio\de_de\700.wav,dieser brief muss vom ecuadorianischen außenministerium für legal erklärt werden und bestimmte anforderungen erfüllen,9.42
457,de_de,C:\Users\acer\OneDrive\Desktop\hackenza\fleurs_audio\de_de\457.wav,dadurch konnten mit zoomobjektiven bilder in einer qualität erzeugt werden die mit der von objektiven mit fester brennweite vergleichbar ist,11.28
329,de_de,C:\Users\acer\OneDrive\Desktop\hackenza\fleurs_audio\de_de\329.wav,diesen trat er 1945 bei und blieb bis 1958,7.38
1462,de_de,C:\Users\acer\OneDrive\Desktop\hackenza\fleurs_audio\de_de\1462.wav,beratungen sind lediglich eine kurze zusammenfassung der politischen situation in einem land,7.08
652,de_de,C:\Users\acer\OneDrive\Desktop\hackenza\fleurs_audio\de_de\652.wav,"""wie bereits erwähnt ist das wort ""eskimo"" in den vereinigten staaten zwar nach wie vor akzeptabel wird aber von vielen arktischen völkern außerhalb der vereinigten staaten insbesondere in kanada als abwertend betrachtet.",13.56
1178,de_de,C:\Users\acer\OneDrive\Desktop\hackenza\fleurs_audio\de_de\1178.wav,alle tiere die ursprünglich auf den inseln eintrafen kamen entweder durch schwimmen fliegen oder anschwemmen hierher,9.18
944,de_de,C:\Users\acer\OneDrive\Desktop\hackenza\fleurs_audio\de_de\944.wav,in einem fremden land zu leben und einen freiwilligendienst zu absolvieren ist eine tolle möglichkeit eine andere kultur kennenzulernen neue menschen zu treffen etwas über sich selbst zu lernen die dinge aus einer anderen perspektive zu sehen und sogar neue fähigkeiten zu erlernen,18.36
612,de_de,C:\Users\acer\OneDrive\Desktop\hackenza\fleurs_audio\de_de\612.wav,anspruchsvolle animationen können am computer konstruiert werden und werden zunehmend im fernsehen und in filmen verwendet,8.4
1504,de_de,C:\Users\acer\OneDrive\Desktop\hackenza\fleurs_audio\de_de\1504.wav,der kongress war nicht befugt steuern zu erheben und da es weder eine nationale exekutive noch eine nationale justiz gab verließ er sich bei der durchsetzung all seiner gesetze auf die behörden der bundesstaaten die oftmals nicht kooperierten,15.96
714,de_de,C:\Users\acer\OneDrive\Desktop\hackenza\fleurs_audio\de_de\714.wav,die meisten menschen buchen ihren platz lange im voraus da die boote während der hochsaison normalerweise voll sind,8.22
473,de_de,C:\Users\acer\OneDrive\Desktop\hackenza\fleurs_audio\de_de\473.wav,der spanische erbfolgekrieg stellt den ersten krieg dar dessen hauptproblem das machtgleichgewicht war,6.9
1056,de_de,C:\Users\acer\OneDrive\Desktop\hackenza\fleurs_audio\de_de\1056.wav,wird der begriff jedoch ohne weitere attribute verwendet bezeichnet er in der regel das essen das ursprünglich aus den zentralen und östlichen teilen der hauptinsel java stammt,12.12
736,de_de,C:\Users\acer\OneDrive\Desktop\hackenza\fleurs_audio\de_de\736.wav,sirena ist die einzige rangerstation die neben zelten auch übernachtung im schlafsaal und warme mahlzeiten anbietet la leona san pedrillo und los patos bieten nur camping ohne verpflegung an,15.24
1426,de_de,C:\Users\acer\OneDrive\Desktop\hackenza\fleurs_audio\de_de\1426.wav,die rentierzucht stellt eine wichtige quelle des  lebensunterhalts der sámi dar und die kultur rund um den handel ist auch für viele die in anderen berufe arbeiten von bedeutung,11.64
1234,de_de,C:\Users\acer\OneDrive\Desktop\hackenza\fleurs_audio\de_de\1234.wav,liggins trat in die fußstapfen seines vaters und schlug eine medizinische karriere ein,10.2
143,de_de,C:\Users\acer\OneDrive\Desktop\hackenza\fleurs_audio\de_de\143.wav,die entscheidung der nba erfolgte nachdem ein spieler von utah jazz positiv auf das covid-19-virus getestet worden war,10.08
422,de_de,C:\Users\acer\OneDrive\Desktop\hackenza\fleurs_audio\de_de\422.wav,einige deutsche mönche wollten gott dem eingeborenen volk näherbringen und entwickelten so die estnische schriftsprache,8.82
352,de_de,C:\Users\acer\OneDrive\Desktop\hackenza\fleurs_audio\de_de\352.wav,wegen der oberflächenspannung treibt die nadel aus stahl auf dem wasser,5.22
538,de_de,C:\Users\acer\OneDrive\Desktop\hackenza\fleurs_audio\de_de\538.wav,wenn das ziel des besuches eines bestimmten ortes ist seine geschichte und kultur zu erfahren dann wird diese art des tourismus als kultureller tourismus bezeichnet,10.92
614,de_de,C:\Users\acer\OneDrive\Desktop\hackenza\fleurs_audio\de_de\614.wav,im neunzehnten und zwanzigsten jahrhundert dachte man lange zait dass die ersten bewohner neuseelands die maoris waren die moa genannte riesenvögel bejagten,10.8
726,de_de,C:\Users\acer\OneDrive\Desktop\hackenza\fleurs_audio\de_de\726.wav,jetzt dient es als zentraler platz an dem tags und nachtsüber zahlreiche veranstaltungen stattfinden,7.74
609,de_de,C:\Users\acer\OneDrive\Desktop\hackenza\fleurs_audio\de_de\609.wav,zeit ist auch die art und weise wie wir die dauer länge von veranstaltungen vergleichen,9.0
338,de_de,C:\Users\acer\OneDrive\Desktop\hackenza\fleurs_audio\de_de\338.wav,peter lenz ein 13-jähriger motorradrennfahrer starb nachdem er in einen unfall auf dem indianapolis motor speedway verwickelt war,9.12
657,de_de,C:\Users\acer\OneDrive\Desktop\hackenza\fleurs_audio\de_de\657.wav,wenn sie grönland in einer kalten jahreszeit besuchen wenn man bedenkt dass es umso kälter wird je weiter nördlich sie reisen ist es unerlässlich kleidung mitzunehmen die warm genug ist,13.2
985,de_de,C:\Users\acer\OneDrive\Desktop\hackenza\fleurs_audio\de_de\985.wav,beim menschen gibt es weniger als eintausend dokumentierte fälle aber manche davon waren tödlich,6.78
1334,de_de,C:\Users\acer\OneDrive\Desktop\hackenza\fleurs_audio\de_de\1334.wav,dies kann durch die verwendung eines relativ leisen weckers einfach erreicht werden um sie zu bewusstsein zu bringen ohne sie vollständig zu wecken,11.88
455,de_de,C:\Users\acer\OneDrive\Desktop\hackenza\fleurs_audio\de_de\455.wav,der nachteil von zoomobjektiven ist dass die fokussierung und die anzahl an linsenelementen die für einen brennweitenbereich erforderlich sind viel größer sind als bei objektiven mit fester brennweite,13.86
856,de_de,C:\Users\acer\OneDrive\Desktop\hackenza\fleurs_audio\de_de\856.wav,jeder zug hat sowohl metroplus als auch metro-wagen die metroplus-wagen befinden sich immer an dem zugende das kapstadt am nächsten ist,11.46
783,de_de,C:\Users\acer\OneDrive\Desktop\hackenza\fleurs_audio\de_de\783.wav,wildtierfotografie wird oft als gegeben hingenommen aber wie auch bei anderer fotografie gilt dass ein bild mehr sagt als tausend worte,9.84
264,de_de,C:\Users\acer\OneDrive\Desktop\hackenza\fleurs_audio\de_de\264.wav,der kommissar sagte wir haben uns noch nicht auf herkunftsregeln und zollkonditionen einigen können aber der rahmen den wir entwickelt haben reicht bereits aus um am 1. juli 2020 mit dem handel zu beginnen,15.54
123,de_de,C:\Users\acer\OneDrive\Desktop\hackenza\fleurs_audio\de_de\123.wav,die us-botschaft in nairobi kenia hat eine warnung herausgegeben dass extremisten aus somalia planen selbstmordattentate in kenia und äthiopien zu verüben,11.58
845,de_de,C:\Users\acer\OneDrive\Desktop\hackenza\fleurs_audio\de_de\845.wav,obwohl es alles andere als ein modernes phänomen ist verbinden die meisten menschen es wahrscheinlich mit jugendlichen die öffentliches und privates eigentum mit sprühfarbe zerstören,13.08
1004,de_de,C:\Users\acer\OneDrive\Desktop\hackenza\fleurs_audio\de_de\1004.wav,es ist schon lange zeit bekannt dass verschiedene arten von hirnschäden wie traumata verletzungen und tumore das verhalten beeinflussen und veränderungen einiger gehirnfunktionen nach sich ziehen,13.62
174,it_it,C:\Users\acer\OneDrive\Desktop\hackenza\fleurs_audio\it_it\174.wav,la mappatura del fondale marino è stata effettuata utilizzando un rov che ha permesso di localizzare il relitto,8.64
254,it_it,C:\Users\acer\OneDrive\Desktop\hackenza\fleurs_audio\it_it\254.wav,il 18 marzo 1965 fu il primo a compiere un'attività extraveicolare con equipaggio eva o passeggiata nello spazio restando da solo al di fuori della capsula per poco più di dodici minuti,14.1
130,it_it,C:\Users\acer\OneDrive\Desktop\hackenza\fleurs_audio\it_it\130.wav,tra giugno e agosto di quest'anno sarà la prima città dell'europa sud-orientale a ospitare il più grande evento di arte pubblica del mondo ovvero la cowparade,12.36
516,it_it,C:\Users\acer\OneDrive\Desktop\hackenza\fleurs_audio\it_it\516.wav,in pratica il rinascimento ha modificato significativamente l'approccio all'apprendimento e alla divulgazione della conoscenza,7.92
278,it_it,C:\Users\acer\OneDrive\Desktop\hackenza\fleurs_audio\it_it\278.wav,martedì l'ex governatore del massachusetts mitt romney con più del 46% dei voti si è aggiudicato la vittoria alle elezioni primarie presidenziali del partito repubblicano della florida,12.3
121,it_it,C:\Users\acer\OneDrive\Desktop\hackenza\fleurs_audio\it_it\121.wav,l'acma ha stabilito anche che non c'era stata nessuna violazione delle leggi sulla censura relative ai contenuti onlin da parte del grande fratello nonostante il video fosse stato trasmesso in streaming su internet perché il materiale non è stato archiviato sul sito web del popolare reality,18.66
225,it_it,C:\Users\acer\OneDrive\Desktop\hackenza\fleurs_audio\it_it\225.wav,rivolgendosi a blake il giudice ha affermato che era quasi inevitabile che finisse in prigione,8.1
885,it_it,C:\Users\acer\OneDrive\Desktop\hackenza\fleurs_audio\it_it\885.wav,in genere a charlotte i taxi non sono utilizzati dalle famiglie anche se possono rivelarsi utili in alcune circostanze,10.5
241,it_it,C:\Users\acer\OneDrive\Desktop\hackenza\fleurs_audio\it_it\241.wav,ieri l'ufficio postale si è scusato con i cittadini e i media dopo aver scoperto che il ragazzo aveva nascosto oltre 600 documenti postali tra cui 429 biglietti di capodanno mai consegnati ai rispettivi destinatari,14.46
481,it_it,C:\Users\acer\OneDrive\Desktop\hackenza\fleurs_audio\it_it\481.wav,sulla fisarmonica per aumentare il volume è sufficiente esercitare una pressione e una velocità maggiori sul mantice,9.6
819,it_it,C:\Users\acer\OneDrive\Desktop\hackenza\fleurs_audio\it_it\819.wav,quando si decide di intraprendere un viaggio è necessario prendere in considerazione vari aspetti sia prima della partenza che in itinere,13.44
727,it_it,C:\Users\acer\OneDrive\Desktop\hackenza\fleurs_audio\it_it\727.wav,il giardino è circondato da diversi ristoranti al pomeriggio e alla sera spesso è possibile ascoltare concerti gratuiti dal padiglione centrale,8.88
894,it_it,C:\Users\acer\OneDrive\Desktop\hackenza\fleurs_audio\it_it\894.wav,questi mezzi non sono molto agili quindi il cammino deve subire una lunga deviazione attorno ai monti transantartici per raggiungere il plateau,9.0
1289,it_it,C:\Users\acer\OneDrive\Desktop\hackenza\fleurs_audio\it_it\1289.wav,gli squali sono presenti ma raramente attaccano l'uomo la maggior parte degli squali lo teme e tende a tenersi a distanza,10.32
928,it_it,C:\Users\acer\OneDrive\Desktop\hackenza\fleurs_audio\it_it\928.wav,pilotare un drone in prossimità di un aeroporto o sopra zone affollate è generalmente una scelta infelice anche se non è considerata una pratica illegale nella tua regione,12.36
777,it_it,C:\Users\acer\OneDrive\Desktop\hackenza\fleurs_audio\it_it\777.wav,generalmente questi eventi durano tra i tre e i sei mesi e si svolgono in aree non inferiori ai 50 ettari,12.24
661,it_it,C:\Users\acer\OneDrive\Desktop\hackenza\fleurs_audio\it_it\661.wav,i settori occupazionali più importanti sono rappresentati dai servizi professionali dal governo dalla finanza dal commercio e dal turismo,10.8
522,it_it,C:\Users\acer\OneDrive\Desktop\hackenza\fleurs_audio\it_it\522.wav,il motivo principale di questo fenomeno è il prodotto dei sogni lucidi che allungano il periodo di tempo tra le fasi rem,8.1
493,it_it,C:\Users\acer\OneDrive\Desktop\hackenza\fleurs_audio\it_it\493.wav,questa civiltà si sviluppo presso i bacini del fiume indo da cui ha preso il nome,9.12
138,it_it,C:\Users\acer\OneDrive\Desktop\hackenza\fleurs_audio\it_it\138.wav,spesso i pesci muoiono a seguito delle elevate concentrazioni di tossine nell'acqua,5.82
970,it_it,C:\Users\acer\OneDrive\Desktop\hackenza\fleurs_audio\it_it\970.wav,la mancanza di uno sviluppo societario concreto è parte del suo fascino sentieri treni e barche collegano i villaggi non raggiungibili con l'auto,9.78
228,it_it,C:\Users\acer\OneDrive\Desktop\hackenza\fleurs_audio\it_it\228.wav,gli scienziati hanno scoperto le cosiddette scarpate lobate formazioni morfologiche disseminate sulla superficie della luna che sembrano essere il risultato di un lentissimo processo di restringimento di questo satellite naturale,15.96
1202,it_it,C:\Users\acer\OneDrive\Desktop\hackenza\fleurs_audio\it_it\1202.wav,di solito le femmine sono strettamente imparentate l'una con l'altra essendo una famiglia numerosa di figlie e sorelle,6.12
291,it_it,C:\Users\acer\OneDrive\Desktop\hackenza\fleurs_audio\it_it\291.wav,non è stata segnalata alcuna attività sismica nella zona di hekla nelle ultime 48 ore da parte dell'ufficio meteorologico islandese,8.7
1463,it_it,C:\Users\acer\OneDrive\Desktop\hackenza\fleurs_audio\it_it\1463.wav,un numero binario può avere solo uno dei due valori ovvero 0 o 1 e nel linguaggio tecnico informatico questi numeri sono chiamati cifre binarie o bit,16.26
906,it_it,C:\Users\acer\OneDrive\Desktop\hackenza\fleurs_audio\it_it\906.wav,i fornitori di vpn personali rappresentano un ottimo sistema per eludere sia la censura politica che il filtro ip geografico commerciale,7.8
1507,it_it,C:\Users\acer\OneDrive\Desktop\hackenza\fleurs_audio\it_it\1507.wav,i viaggiatori possono venire a contatto con parassiti animali che non sono diffusi nelle loro regioni d'origine,11.16
725,it_it,C:\Users\acer\OneDrive\Desktop\hackenza\fleurs_audio\it_it\725.wav,jardín de la unión. questo spazio costituiva l'atrio di un convento del xvii secolo il cui unico edificio superstite oggi è la chiesa di san diego,15.42
1087,it_it,C:\Users\acer\OneDrive\Desktop\hackenza\fleurs_audio\it_it\1087.wav,la tigre appartiene alla stessa famiglia il genere panthera del leone del leopardo e del giaguaro. questi quattro felini sono i soli a ruggire,14.16
1125,it_it,C:\Users\acer\OneDrive\Desktop\hackenza\fleurs_audio\it_it\1125.wav,dal momento che i territori sono scarsamente popolati l'inquinamento luminoso spesso non rappresenta un problema e potrete anche godervi le stelle,9.18
630,it_it,C:\Users\acer\OneDrive\Desktop\hackenza\fleurs_audio\it_it\630.wav,gli esseri umani sono la specie di gran lunga più dotata nel leggere la mente altrui,5.52
759,it_it,C:\Users\acer\OneDrive\Desktop\hackenza\fleurs_audio\it_it\759.wav,un viaggiatore con parecchi soldi potrebbe considerare l'idea di un volo intorno al mondo con soste per soggiornare in molti di questi hotel,11.76
1255,it_it,C:\Users\acer\OneDrive\Desktop\hackenza\fleurs_audio\it_it\1255.wav,si prevede che il costo di gran parte dei biglietti per gli eventi sarà compreso tra 2.500 ¥ e 130.000 ¥ mentre i normali biglietti costeranno all'incirca 7.000 ¥,17.22
559,it_it,C:\Users\acer\OneDrive\Desktop\hackenza\fleurs_audio\it_it\559.wav,il nucleo è formato da due tipi di particelle i neutroni e i protoni,6.9
1273,it_it,C:\Users\acer\OneDrive\Desktop\hackenza\fleurs_audio\it_it\1273.wav,xinhua ha riferito che gli inquirenti del governo mercoledì hanno recuperato due scatole nere' con le registrazioni di volo,11.34
1297,it_it,C:\Users\acer\OneDrive\Desktop\hackenza\fleurs_audio\it_it\1297.wav,qualora dovessi decidere di reimpostare l'orologio nel sonno puoi metterlo dall'altra parte della stanza così sarai costretto ad alzarti dal letto per spegnerlo,10.8
823,pt_br,C:\Users\acer\OneDrive\Desktop\hackenza\fleurs_audio\pt_br\823.wav,apesar da maior parte das agências estar disposta a aceitar a maioria das reservas comuns muitos agentes se especializam em determinados tipos de viagens orçamentos ou destinos,16.2
197,pt_br,C:\Users\acer\OneDrive\Desktop\hackenza\fleurs_audio\pt_br\197.wav,arias teve seu teste positivado para um caso brando do vírus afirmou o ministro rodrigo arias,9.42
925,pt_br,C:\Users\acer\OneDrive\Desktop\hackenza\fleurs_audio\pt_br\925.wav,as regras relativas à fotografia regular também se aplicam à gravação de vídeo possivelmente ainda mais,8.88
1244,pt_br,C:\Users\acer\OneDrive\Desktop\hackenza\fleurs_audio\pt_br\1244.wav,todos os cidadãos da cidade do vaticano são católicos romanos,6.54
269,pt_br,C:\Users\acer\OneDrive\Desktop\hackenza\fleurs_audio\pt_br\269.wav,é a primeira vez que uma condenação é obtida com base na legislação promulgada em 2003 para coibir mensagens eletrônicas em massa normalmente conhecidas como spam enviadas de forma não solicitada para o correio eletrônico dos usuários,17.34
88,pt_br,C:\Users\acer\OneDrive\Desktop\hackenza\fleurs_audio\pt_br\88.wav,a notícia voou pela comunidade de red lake hoje como funerais para jeff weise e três das nove vítimas foram paradas que outro estudante chegou à prisão em ligação com o tiroteio na escola de 21 de março,16.2
636,pt_br,C:\Users\acer\OneDrive\Desktop\hackenza\fleurs_audio\pt_br\636.wav,nessa ressonância o campo magnético e as ondas de rádio permitem que os átomos lancem minúsculos sinais de rádio,14.34
987,pt_br,C:\Users\acer\OneDrive\Desktop\hackenza\fleurs_audio\pt_br\987.wav,típicos da noruega são fiordes íngremes e vales que de repente dão lugar a um planalto alto mais ou menos uniforme,10.8
476,pt_br,C:\Users\acer\OneDrive\Desktop\hackenza\fleurs_audio\pt_br\476.wav,segundo a história sua motivação era a fama a qualquer custo os efésios revoltados declararam que o nome de heróstrato nunca seria gravado,13.38
1384,pt_br,C:\Users\acer\OneDrive\Desktop\hackenza\fleurs_audio\pt_br\1384.wav,os desembarques e as seguintes batalhas no dia d libertaram o norte da frança mas o sul ainda não estava livre,10.98
725,pt_br,C:\Users\acer\OneDrive\Desktop\hackenza\fleurs_audio\pt_br\725.wav,jardín de la unión este espaço foi construído como átrio de um convento do século 17 do qual o templo de san diego é o único edifício remanescente,16.86
98,pt_br,C:\Users\acer\OneDrive\Desktop\hackenza\fleurs_audio\pt_br\98.wav,no dia 7 de outubro um motor se desmontou durante a decolagem sem feridos a rússia suspendeu brevemente os il-76s depois do acidente,17.52
519,pt_br,C:\Users\acer\OneDrive\Desktop\hackenza\fleurs_audio\pt_br\519.wav,a mão humana é mais curta que o pé com falanges mais retas,10.86
1483,pt_br,C:\Users\acer\OneDrive\Desktop\hackenza\fleurs_audio\pt_br\1483.wav,o efeito que a equipe procurava seria causado pelas forças de maré entre a matéria escura da galáxia e da via láctea,9.24
727,pt_br,C:\Users\acer\OneDrive\Desktop\hackenza\fleurs_audio\pt_br\727.wav,há vários restaurantes cercando o jardim e nas tardes e noites de lá concertos grátis são frequentemente oferecidos no gazebo central,11.04
1325,pt_br,C:\Users\acer\OneDrive\Desktop\hackenza\fleurs_audio\pt_br\1325.wav,chamamos esse processo de especiação que simplesmente significa a formação de novas espécies a especiação é uma consequência inevitável e uma parte muito importante da evolução,16.68
20,pt_br,C:\Users\acer\OneDrive\Desktop\hackenza\fleurs_audio\pt_br\20.wav,nascido em hong kong ma estudou na universidade de nova iorque e na escola de direito de harvard e já teve um visto green card de residente permanente nos estados unidos,16.32
72,pt_br,C:\Users\acer\OneDrive\Desktop\hackenza\fleurs_audio\pt_br\72.wav,os famosos advogados gregos sakis kechagioglou e george nikolakopoulos foram presos na prisão de korydallus em atenas pois foram considerados culpados de corrupção,19.38
633,pt_br,C:\Users\acer\OneDrive\Desktop\hackenza\fleurs_audio\pt_br\633.wav,por exemplo se você visse alguém quebrando a janela de um carro provavelmente acharia que ele estivesse tentando roubar o veículo de um estranho,10.68
764,pt_br,C:\Users\acer\OneDrive\Desktop\hackenza\fleurs_audio\pt_br\764.wav,ele enviou um e-mail aos estudantes da universidade local e recebeu um número enorme de ofertas de acomodação gratuita,9.66
603,pt_br,C:\Users\acer\OneDrive\Desktop\hackenza\fleurs_audio\pt_br\603.wav,a água é outro exemplo o composto água é feito de dois átomos de hidrogênio e um átomo de oxigênio,14.04
1135,pt_br,C:\Users\acer\OneDrive\Desktop\hackenza\fleurs_audio\pt_br\1135.wav,a primeira leitura pública do documento foi feita por john nixon no pátio do salão da independência no dia 8 de julho,12.24
1360,pt_br,C:\Users\acer\OneDrive\Desktop\hackenza\fleurs_audio\pt_br\1360.wav,é praticamente impossível mudar a moeda corrente das malvinas fora das ilhas portanto troque o dinheiro antes de deixar as ilhas,13.44
22,pt_br,C:\Users\acer\OneDrive\Desktop\hackenza\fleurs_audio\pt_br\22.wav,hsieh falou em adição que o fotogênico ma tinha mais estilo do que tinha de substância,9.84
152,pt_br,C:\Users\acer\OneDrive\Desktop\hackenza\fleurs_audio\pt_br\152.wav,no ano de 2010 apesar de ser propriedade do estado o atual banco comercial northern rock plc teve seu desligamento do ‘banco ruim’ northern rock gestão de ativos,16.68
941,pt_br,C:\Users\acer\OneDrive\Desktop\hackenza\fleurs_audio\pt_br\941.wav,a forma mais fácil de começar no ramo de escrever sobre viagens é aperfeiçoar suas habilidades num blogue de viagem que já esteja estabelecido,12.48
864,pt_br,C:\Users\acer\OneDrive\Desktop\hackenza\fleurs_audio\pt_br\864.wav,além disso em climas mais quentes as bactérias crescem com mais rapidez e sobrevivem por mais tempo fora do corpo,16.2
258,pt_br,C:\Users\acer\OneDrive\Desktop\hackenza\fleurs_audio\pt_br\258.wav,porém a redução do nível de ameaça para grave não significa que a ameaça geral desapareceu,11.82
404,pt_br,C:\Users\acer\OneDrive\Desktop\hackenza\fleurs_audio\pt_br\404.wav,logo que a guerra se iniciou eles viajavam especialmente sobre o mar contudo à medida que o radar começou a se desenvolver e se tornar mais preciso para evitar que fossem vistos os submarinos foram forçados a mergulhar,17.76
364,pt_br,C:\Users\acer\OneDrive\Desktop\hackenza\fleurs_audio\pt_br\364.wav,a lâmpada então precisa ser trocada é necessário ter cuidado ao trocar a lâmpada,9.78
907,ru_ru,C:\Users\acer\OneDrive\Desktop\hackenza\fleurs_audio\ru_ru\907.wav,они лучше веб-прокси по ряду причин: они пересылают весь веб-трафик а не только трафик по http-протоколу,9.72
273,ru_ru,C:\Users\acer\OneDrive\Desktop\hackenza\fleurs_audio\ru_ru\273.wav,он отметил что по некоторым исследованиям болезнь должна стать менее летальной прежде чем она сможет вызвать глобальную эпидемию,8.4
1162,ru_ru,C:\Users\acer\OneDrive\Desktop\hackenza\fleurs_audio\ru_ru\1162.wav,пара может решить что растить ребенка не соответствует их интересам или интересам их ребенка,6.84
1066,ru_ru,C:\Users\acer\OneDrive\Desktop\hackenza\fleurs_audio\ru_ru\1066.wav,несмотря на то что большая часть их еды была бы нам знакома у римлян всё-таки были свои странные и необычные блюда подаваемые во время пиршеств например кабан павлин улитки и такой вид грызуна как соня,19.2
1353,ru_ru,C:\Users\acer\OneDrive\Desktop\hackenza\fleurs_audio\ru_ru\1353.wav,к уэмбли не запущено дополнительного транспорта там не будут останавливаться наземные поезда кроме того на поверхности отсутствуют парковки и перехватывающие стоянки,16.44
460,ru_ru,C:\Users\acer\OneDrive\Desktop\hackenza\fleurs_audio\ru_ru\460.wav,одной из наиболее распространённых проблем при попытке конвертирования фильма в формат dvd является вылет развертки,12.72
980,ru_ru,C:\Users\acer\OneDrive\Desktop\hackenza\fleurs_audio\ru_ru\980.wav,они могут быть опасными если путешественник пойдёт за миражом теряя ценную энергию и оставшуюся воду,7.86
22,ru_ru,C:\Users\acer\OneDrive\Desktop\hackenza\fleurs_audio\ru_ru\22.wav,се также утверждал что фотогеничный ма больше выделялся внешностью чем харизмой,6.54
560,ru_ru,C:\Users\acer\OneDrive\Desktop\hackenza\fleurs_audio\ru_ru\560.wav,протоны имеют положительный электрический заряд в то время как нейтроны заряда не имеют у электронов электрический заряд отрицательный,9.96
604,ru_ru,C:\Users\acer\OneDrive\Desktop\hackenza\fleurs_audio\ru_ru\604.wav,у нее одна и та же молекулярная структура вне зависимости от того газ это жидкость или твердое вещество,9.0
1356,ru_ru,C:\Users\acer\OneDrive\Desktop\hackenza\fleurs_audio\ru_ru\1356.wav,человек работающий в гараже недалеко от того места где произошла авария сказал там стояли дети которые ждали чтобы перейти дорогу все они кричали и плакали,12.48
246,ru_ru,C:\Users\acer\OneDrive\Desktop\hackenza\fleurs_audio\ru_ru\246.wav,я счастлива что есть люди которые готовы меня поддержать,4.08
225,ru_ru,C:\Users\acer\OneDrive\Desktop\hackenza\fleurs_audio\ru_ru\225.wav,судья сказал блейку что это почти неизбежно и он будет отправлен в тюрьму,6.96
1296,ru_ru,C:\Users\acer\OneDrive\Desktop\hackenza\fleurs_audio\ru_ru\1296.wav,мост через реку ояпок представляет из себя вантовый мост он простирается через реку ояпок и соединяет города ояпоки в бразилии и сен-жорж-де-л'ояпок во французской гвиане,16.92
371,ru_ru,C:\Users\acer\OneDrive\Desktop\hackenza\fleurs_audio\ru_ru\371.wav,эти растения выглядят как маленькая пальма с короной из острых шипообразных листьев,7.08
1332,ru_ru,C:\Users\acer\OneDrive\Desktop\hackenza\fleurs_audio\ru_ru\1332.wav,эти отношения помогают в планировке дизайне и эксплуатации железнодорожных объектов,6.84
68,ru_ru,C:\Users\acer\OneDrive\Desktop\hackenza\fleurs_audio\ru_ru\68.wav,когда жильцы начали рассказывать что с ними произошло большинство участвовавших семей вдруг поняли что кэролин уилсон из oha украла их гарантийные взносы и сбежала из города,13.86
1193,ru_ru,C:\Users\acer\OneDrive\Desktop\hackenza\fleurs_audio\ru_ru\1193.wav,то же самое относится и к армии потому что звания стали основываться на качествах а не в зависимости от происхождения,9.78
410,ru_ru,C:\Users\acer\OneDrive\Desktop\hackenza\fleurs_audio\ru_ru\410.wav,большая часть предметов погребенных с тутанхамоном прекрасно сохранилась включая тысячи артефактов из драгоценных металлов и редких камней,8.76
301,ru_ru,C:\Users\acer\OneDrive\Desktop\hackenza\fleurs_audio\ru_ru\301.wav,следуя процедуре совместная резолюция обеих палат будет рассмотрена следующими избранными законодателями вновь в 2015 или 2016 году для продолжения процесса,17.88
950,ru_ru,C:\Users\acer\OneDrive\Desktop\hackenza\fleurs_audio\ru_ru\950.wav,в основном вы будете расклевать объявления с предложением помочь ходить по докам подходить к людям которые чистят свои яхты пытаться наладить контакт с моряками в баре и так далее,13.44
683,ru_ru,C:\Users\acer\OneDrive\Desktop\hackenza\fleurs_audio\ru_ru\683.wav,вы однозначно промокнёте если пройдётесь по мосту или тропинкам проложенным около водопада,7.92
450,ru_ru,C:\Users\acer\OneDrive\Desktop\hackenza\fleurs_audio\ru_ru\450.wav,и затем снова на север через запад вновь пересекая реку мару после апрельских дождей,12.48
1388,ru_ru,C:\Users\acer\OneDrive\Desktop\hackenza\fleurs_audio\ru_ru\1388.wav,вечер начал певец санджу шарма за ним выступил джай шанкар чаудхари esented the chhappan bhog bhajan также ему аккомпанировал певец раджу кханделвал,22.92
785,ru_ru,C:\Users\acer\OneDrive\Desktop\hackenza\fleurs_audio\ru_ru\785.wav,многих экзотических животных сложно отыскать к тому же в парках иногда налагаются ограничения на фотографирование в коммерческих целях,9.6
965,ru_ru,C:\Users\acer\OneDrive\Desktop\hackenza\fleurs_audio\ru_ru\965.wav,район каналов на голландском: grachtengordel — известный район 17 века расположенный вокруг центра города,9.48
658,ru_ru,C:\Users\acer\OneDrive\Desktop\hackenza\fleurs_audio\ru_ru\658.wav,очень длинные летние дни могут привести к проблемам с получением достаточного сна и связанным с этим проблемам со здоровьем,8.52
232,ru_ru,C:\Users\acer\OneDrive\Desktop\hackenza\fleurs_audio\ru_ru\232.wav,мужчина подозреваемый в совершении взрыва был арестован после получения травм от взрыва,5.88
1100,ru_ru,C:\Users\acer\OneDrive\Desktop\hackenza\fleurs_audio\ru_ru\1100.wav,южная африка победила олл блэкс новую зеландию в матче кубка трех наций по регби-юниону на стадионе роял бафокенг в рюстенбурге южная африка,12.0
1312,ru_ru,C:\Users\acer\OneDrive\Desktop\hackenza\fleurs_audio\ru_ru\1312.wav,вы можете рисовать свою собственную штриховку но помните что штриховка напечатана по музыкальным причинам и ей обычно стоит следовать,10.5
480,ru_ru,C:\Users\acer\OneDrive\Desktop\hackenza\fleurs_audio\ru_ru\480.wav,так вы как можно меньше устанете запомните что не нужно сильно нажимать на клавиши для большей громкости как на фортепиано,8.58
67,ru_ru,C:\Users\acer\OneDrive\Desktop\hackenza\fleurs_audio\ru_ru\67.wav,когда стало ясно что многие семьи хотели получить правовую помощь чтобы защититься от выселения 20 марта в общественном юридическом центре ист-бэй была проведена встреча для жертв жилищного мошенничества,14.64
174,ru_ru,C:\Users\acer\OneDrive\Desktop\hackenza\fleurs_audio\ru_ru\174.wav,после картографирования морского дна обломки судна были найдены с помощью дистанционно управляемого аппарата,7.68
506,ru_ru,C:\Users\acer\OneDrive\Desktop\hackenza\fleurs_audio\ru_ru\506.wav,у этих сайтов есть такие положительные стороны как возможность легко настроить страницу класса которая может включать в себя блоги видео фотографии и прочий функционал,10.5
1313,ru_ru,C:\Users\acer\OneDrive\Desktop\hackenza\fleurs_audio\ru_ru\1313.wav,он приехал в сша с четырьмя центами в кармане книгой стихов и рекомендательным письмом от чарльза бэтчелора который был его начальником на предыдущей работе к томасу эдисону,14.34
105,ru_ru,C:\Users\acer\OneDrive\Desktop\hackenza\fleurs_audio\ru_ru\105.wav,они включили финансовые ограничения и запрет евросоюза на экспорт сырой нефти от которого иранская экономика получает 80% зарубежного дохода,10.2
1336,cmn_hans_cn,C:\Users\acer\OneDrive\Desktop\hackenza\fleurs_audio\cmn_hans_cn\1336.wav,汉 密 尔 顿 hamilton 确 认 霍 华 德 大 学 医 院 收 治 的 病 人 情 况 稳 定,11.1
1504,cmn_hans_cn,C:\Users\acer\OneDrive\Desktop\hackenza\fleurs_audio\cmn_hans_cn\1504.wav,国 会 没 有 征 税 的 权 力 而 且 因 为 没 有 国 家 行 政 部 门 或 司 法 部 门 国 会 只 能 依 赖 州 政 府 执 行 所 有 法 案 而 州 政 府 又 经 常 不 配 合,10.8
166,cmn_hans_cn,C:\Users\acer\OneDrive\Desktop\hackenza\fleurs_audio\cmn_hans_cn\166.wav,2008 年 11 月 26 日 孟 买 袭 击 者 带 着 手 榴 弹 和 自 动 武 器 乘 船 抵 达 他 们 袭 击 了 多 个 目 标 包 括 人 群 密 集 的 查 特 拉 帕 蒂 希 瓦 吉 chhatrapati shivaji 火 车 站 和 著 名 的 泰 姬 陵 酒 店,16.2
1132,cmn_hans_cn,C:\Users\acer\OneDrive\Desktop\hackenza\fleurs_audio\cmn_hans_cn\1132.wav,与 西 方 人 习 惯 的 工 作 文 化 相 比 日 本 人 的 工 作 文 化 中 等 级 制 度 更 明 显 更 加 正 式,10.08
308,cmn_hans_cn,C:\Users\acer\OneDrive\Desktop\hackenza\fleurs_audio\cmn_hans_cn\308.wav,周 二 他 在 大 阪 去 世,4.68
221,cmn_hans_cn,C:\Users\acer\OneDrive\Desktop\hackenza\fleurs_audio\cmn_hans_cn\221.wav,尽 管 他 如 此 评 说 他 表 示 会 支 持 英 国 选 手 参 加 伦 敦 主 办 的 2012 年 奥 运 会,8.22
174,cmn_hans_cn,C:\Users\acer\OneDrive\Desktop\hackenza\fleurs_audio\cmn_hans_cn\174.wav,在 测 绘 海 床 后 借 助 遥 控 无 人 潜 水 器 rov 找 到 了 沉 船,8.28
686,cmn_hans_cn,C:\Users\acer\OneDrive\Desktop\hackenza\fleurs_audio\cmn_hans_cn\686.wav,但 与 大 多 数 其 他 皇 家 陵 墓 相 比 图 坦 卡 蒙 陵 墓 几 乎 不 值 得 参 观 因 为 它 的 规 模 要 小 得 多 装 饰 也 平 淡 无 奇,11.22
469,cmn_hans_cn,C:\Users\acer\OneDrive\Desktop\hackenza\fleurs_audio\cmn_hans_cn\469.wav,它 的 大 玻 璃 窗 和 薄 墙 不 可 能 长 时 间 抵 抗 得 住 一 次 坚 决 的 攻 击,8.76
75,cmn_hans_cn,C:\Users\acer\OneDrive\Desktop\hackenza\fleurs_audio\cmn_hans_cn\75.wav,此 外 最 高 法 官 埃 万 杰 洛 斯 卡 卢 西 斯 因 腐 败 和 堕 落 行 为 被 判 入 狱,9.96
1210,cmn_hans_cn,C:\Users\acer\OneDrive\Desktop\hackenza\fleurs_audio\cmn_hans_cn\1210.wav,国 家 飓 风 中 心 nhc 表 示 目 前 杰 瑞 对 陆 地 没 有 威 胁,8.16
358,cmn_hans_cn,C:\Users\acer\OneDrive\Desktop\hackenza\fleurs_audio\cmn_hans_cn\358.wav,它 们 必 须 消 除 从 光 中 得 到 的 多 余 能 量 才 能 恢 复 到 之 前 的 能 量 等 级,6.0
4,cmn_hans_cn,C:\Users\acer\OneDrive\Desktop\hackenza\fleurs_audio\cmn_hans_cn\4.wav,涉 事 飞 行 员 是 空 军 中 队 长 迪 罗 里 帕 塔 维 dilokrit pattavee,7.92
238,cmn_hans_cn,C:\Users\acer\OneDrive\Desktop\hackenza\fleurs_audio\cmn_hans_cn\238.wav,所 以 如 果 你 站 在 海 岸 线 旁 边 就 能 看 到 底 部 的 各 类 鹅 卵 石 或 泥 状 物,5.82
99,cmn_hans_cn,C:\Users\acer\OneDrive\Desktop\hackenza\fleurs_audio\cmn_hans_cn\99.wav,在 阿 拉 斯 加 费 尔 班 克 斯 fairbanks 南 部 发 生 数 千 桶 原 油 泄 漏 后 横 贯 阿 拉 斯 加 长 达 800 英 里 的 输 油 管 道 系 统 被 关 闭,17.04
900,cmn_hans_cn,C:\Users\acer\OneDrive\Desktop\hackenza\fleurs_audio\cmn_hans_cn\900.wav,雪 崩 并 不 是 异 常 现 象 陡 坡 上 所 能 容 纳 的 雪 量 有 限 多 余 的 雪 就 会 以 雪 崩 的 形 式 坠 落,13.56
235,cmn_hans_cn,C:\Users\acer\OneDrive\Desktop\hackenza\fleurs_audio\cmn_hans_cn\235.wav,我 们 都 非 常 震 惊 这 位 母 亲 表 示,3.18
1176,cmn_hans_cn,C:\Users\acer\OneDrive\Desktop\hackenza\fleurs_audio\cmn_hans_cn\1176.wav,亚 文 化 让 志 同 道 合 的 个 人 团 结 起 来 这 些 人 感 到 自 己 被 社 会 标 准 所 忽 视 亚 文 化 在 他 们 之 间 培 养 出 一 种 认 同 感,10.56
1119,cmn_hans_cn,C:\Users\acer\OneDrive\Desktop\hackenza\fleurs_audio\cmn_hans_cn\1119.wav,看 不 见 的 团 队 是 指 每 个 成 员 都 要 向 其 汇 报 的 管 理 团 队 它 为 所 有 成 员 制 定 标 准,10.38
350,cmn_hans_cn,C:\Users\acer\OneDrive\Desktop\hackenza\fleurs_audio\cmn_hans_cn\350.wav,科 学 家 目 前 致 力 打 造 一 种 可 通 过 相 同 的 方 式 产 生 能 量 的 反 应 堆,6.12
916,cmn_hans_cn,C:\Users\acer\OneDrive\Desktop\hackenza\fleurs_audio\cmn_hans_cn\916.wav,某 些 此 类 应 用 程 序 甚 至 让 用 户 把 智 能 手 机 对 着 现 实 世 界 中 的 标 志 或 其 他 物 体 就 能 翻 译 上 面 的 外 语 文 字,13.56
856,cmn_hans_cn,C:\Users\acer\OneDrive\Desktop\hackenza\fleurs_audio\cmn_hans_cn\856.wav,每 列 火 车 都 有 metroplus 和 metro 车 厢 前 者 总 是 在 火 车 靠 近 开 普 敦 的 那 一 端,11.52
525,cmn_hans_cn,C:\Users\acer\OneDrive\Desktop\hackenza\fleurs_audio\cmn_hans_cn\525.wav,其 效 果 取 决 于 你 的 大 脑 每 晚 做 清 醒 梦 的 频 率,7.08
313,cmn_hans_cn,C:\Users\acer\OneDrive\Desktop\hackenza\fleurs_audio\cmn_hans_cn\313.wav,这 名 30 岁 的 丈 夫 出 生 于 布 法 罗 是 枪 击 案 中 的 四 名 死 者 之 一 但 他 的 妻 子 没 有 受 伤,10.92
248,cmn_hans_cn,C:\Users\acer\OneDrive\Desktop\hackenza\fleurs_audio\cmn_hans_cn\248.wav,这 些 代 理 人 负 责 根 据 巴 基 斯 坦 宪 法 第 247 条 提 供 政 府 和 司 法 服 务,6.54
333,cmn_hans_cn,C:\Users\acer\OneDrive\Desktop\hackenza\fleurs_audio\cmn_hans_cn\333.wav,世 界 著 名 的 太 阳 马 戏 团 上 演 了 一 场 特 别 表 演 为 庆 祝 活 动 拉 开 了 序 幕,6.12
235,cmn_hans_cn,C:\Users\acer\OneDrive\Desktop\hackenza\fleurs_audio\cmn_hans_cn\235.wav,我 们 都 非 常 震 惊 这 位 母 亲 表 示,4.8
1316,cmn_hans_cn,C:\Users\acer\OneDrive\Desktop\hackenza\fleurs_audio\cmn_hans_cn\1316.wav,一 些 道 路 受 到 了 损 坏 受 影 响 地 区 的 铁 路 服 务 中 断 石 川 ishikawa 县 的 能 登 机 场 仍 然 处 于 关 闭 状 态,10.86
1248,cmn_hans_cn,C:\Users\acer\OneDrive\Desktop\hackenza\fleurs_audio\cmn_hans_cn\1248.wav,这 也 可 以 让 阅 读 更 轻 松 尽 管 这 在 一 定 程 度 上 使 书 写 变 得 复 杂 因 为 你 需 要 判 断 动 词 或 形 容 词 是 否 被 用 作 一 种 名 词 化 的 形 式,14.76
1443,cmn_hans_cn,C:\Users\acer\OneDrive\Desktop\hackenza\fleurs_audio\cmn_hans_cn\1443.wav,赏樱亦称 花见”hanami从 8 世纪开始就成为了日本习俗,8.28
375,cmn_hans_cn,C:\Users\acer\OneDrive\Desktop\hackenza\fleurs_audio\cmn_hans_cn\375.wav,一 个 在 地 球 上 重 200 磅 90 公 斤 的 人 在 木 卫 一 上 的 重 量 约 为 36 磅 16 公 斤 因 此 重 力 理 所 当 然 地 对 你 产 生 了 较 小 的 牵 引 力,12.42
1001,cmn_hans_cn,C:\Users\acer\OneDrive\Desktop\hackenza\fleurs_audio\cmn_hans_cn\1001.wav,梵 蒂 冈 城 在 法 律 法 规 和 官 方 通 信 中 使 用 意 大 利 语,8.34
1130,cmn_hans_cn,C:\Users\acer\OneDrive\Desktop\hackenza\fleurs_audio\cmn_hans_cn\1130.wav,一 个 人 内 心 平 静 的 程 度 与 身 体 和 精 神 的 紧 张 程 度 是 相 反 的,7.62
1006,cmn_hans_cn,C:\Users\acer\OneDrive\Desktop\hackenza\fleurs_audio\cmn_hans_cn\1006.wav,每 所 神 殿 都 有 一 处 对 外 开 放 的 庭 院 以 及 一 处 只 有 祭 司 才 能 进 入 的 内 殿,10.32
1181,cmn_hans_cn,C:\Users\acer\OneDrive\Desktop\hackenza\fleurs_audio\cmn_hans_cn\1181.wav,西方对台湾的了解可以追溯到 15 世纪当时路过的欧洲水手将该岛命名为 福尔摩沙岛”ilha formosa意思是美丽的岛屿,10.86
862,cmn_hans_cn,C:\Users\acer\OneDrive\Desktop\hackenza\fleurs_audio\cmn_hans_cn\862.wav,在 家 时 由 于 会 经 常 接 触 当 地 病 菌 你 极 易 对 其 产 生 免 疫 力,5.16
1465,cmn_hans_cn,C:\Users\acer\OneDrive\Desktop\hackenza\fleurs_audio\cmn_hans_cn\1465.wav,这 意 味 着 可 以 有 好 几 天 完 整 时 间 来 参 观 这 座 历 史 悠 久 的 城 市 然 后 晚 上 回 到 船 上 睡 觉,10.2
1473,cmn_hans_cn,C:\Users\acer\OneDrive\Desktop\hackenza\fleurs_audio\cmn_hans_cn\1473.wav,他 们 都 从 事 故 发 生 的 地 方 跑 了 回 来,5.16
809,cmn_hans_cn,C:\Users\acer\OneDrive\Desktop\hackenza\fleurs_audio\cmn_hans_cn\809.wav,尽 管 如 此 世 界 上 还 是 有 许 多 独 特 的 咖 啡 饮 用 方 式 这 些 方 式 都 值 得 去 体 验,5.88
343,cmn_hans_cn,C:\Users\acer\OneDrive\Desktop\hackenza\fleurs_audio\cmn_hans_cn\343.wav,金 融 危 机 持 续 了 一 年 之 久 以 过 去 两 个 月 最 为 严 重 我 认 为 现 在 金 融 市 场 正 在 开 始 复 苏,10.56
226,cmn_hans_cn,C:\Users\acer\OneDrive\Desktop\hackenza\fleurs_audio\cmn_hans_cn\226.wav,暗 能 量 是 一 种 完 全 看 不 见 的 能 量 不 断 地 驱 动 宇 宙 运 动,8.4
446,cmn_hans_cn,C:\Users\acer\OneDrive\Desktop\hackenza\fleurs_audio\cmn_hans_cn\446.wav,委 内 瑞 拉 是 石 油 净 出 口 国 尽 管 只 有 百 分 之 一 的 人 在 石 油 行 业 工 作 但 石 油 行 业 仍 然 是 该 国 的 重 要 产 业,10.56
1028,cmn_hans_cn,C:\Users\acer\OneDrive\Desktop\hackenza\fleurs_audio\cmn_hans_cn\1028.wav,据 报 道 该 地 区 约 有 9400 户 家 庭 断 水 大 约 100 户 断 电,10.62
468,ja_jp,C:\Users\acer\OneDrive\Desktop\hackenza\fleurs_audio\ja_jp\468.wav,この時代の典型的な城であるカービー マクスロー城は お城というよりも要塞化された邸宅のような雰囲気を醸し出しています,15.42
597,ja_jp,C:\Users\acer\OneDrive\Desktop\hackenza\fleurs_audio\ja_jp\597.wav,セルはラテン語で小さな部屋を意味する cella に由来しています,7.08
762,ja_jp,C:\Users\acer\OneDrive\Desktop\hackenza\fleurs_audio\ja_jp\762.wav,利用可能な宿泊先の一覧は 印刷物やオンラインで提供され 他の旅行者による評価や意見が掲載されることもあります,13.32
1273,ja_jp,C:\Users\acer\OneDrive\Desktop\hackenza\fleurs_audio\ja_jp\1273.wav,新華社は 政府の調査員が水曜日に ブラックボックス のフライトレコーダー2台を回収したと報じました,12.24
550,ja_jp,C:\Users\acer\OneDrive\Desktop\hackenza\fleurs_audio\ja_jp\550.wav,もちろん 2分を切る一流のハーフランナーは それなりのスピードがあるはずですが どんなことがあっても持久力を伸ばしていかなければなりません,14.04
1380,ja_jp,C:\Users\acer\OneDrive\Desktop\hackenza\fleurs_audio\ja_jp\1380.wav,寺院の一部として ジグラットと呼ばれるピラミッド型の特殊な塔が建てられることがありました,7.74
3,ja_jp,C:\Users\acer\OneDrive\Desktop\hackenza\fleurs_audio\ja_jp\3.wav,jas 39cグリペンは現地時間の午前9時30分頃utc 0230に滑走路に墜落して爆発し その影響で空港の商業便が閉鎖されました,20.46
281,ja_jp,C:\Users\acer\OneDrive\Desktop\hackenza\fleurs_audio\ja_jp\281.wav,抗議活動の主催者によると ベルリン ケルン ハンブルク ハノーバーなどのドイツの都市で約10万人が集まったとのことでした,10.32
5,ja_jp,C:\Users\acer\OneDrive\Desktop\hackenza\fleurs_audio\ja_jp\5.wav,地元メディアの報道によると 空港の消防車が対応中に横転したということです,8.94
531,ja_jp,C:\Users\acer\OneDrive\Desktop\hackenza\fleurs_audio\ja_jp\531.wav,ゴルフとは クラブで打ってボールを穴に入れるゲームです,6.9
195,ja_jp,C:\Users\acer\OneDrive\Desktop\hackenza\fleurs_audio\ja_jp\195.wav,ブラジル人は2009年ハンガリーgpの事故で東部に重傷を負いました,10.56
1030,ja_jp,C:\Users\acer\OneDrive\Desktop\hackenza\fleurs_audio\ja_jp\1030.wav,政治交渉が失敗したにもかかわらず モルドバのこの2つの地域の間には経済的なつながりが再び確立されています,12.42
101,ja_jp,C:\Users\acer\OneDrive\Desktop\hackenza\fleurs_audio\ja_jp\101.wav,"安全弁が開いたことで設備の圧力が解放され 原油がパッド上を流れ 55,000バレル230万ガロンを収容できるタンクに流れ込みました",14.52
1096,ja_jp,C:\Users\acer\OneDrive\Desktop\hackenza\fleurs_audio\ja_jp\1096.wav,バルト海クルーズのほとんどは サンクトペテルブルクロシアでの長期滞在を特徴としています,8.64
408,ja_jp,C:\Users\acer\OneDrive\Desktop\hackenza\fleurs_audio\ja_jp\408.wav,興味深いことに 彼は古代ではあまり重視されておらず ほとんどの古代の王の名簿には記録がありません,10.56
1163,ja_jp,C:\Users\acer\OneDrive\Desktop\hackenza\fleurs_audio\ja_jp\1163.wav,人間のような消化器系を持つ霊長類にとって サバンナの環境で手に入る植物資源から必須アミノ酸を摂取するのは困難です,13.44
285,ja_jp,C:\Users\acer\OneDrive\Desktop\hackenza\fleurs_audio\ja_jp\285.wav,先月 ポーランドでは同国がactaに署名した際に大規模な抗議行動がありましたが その結果としてポーランド政府は現時点で協定を批准しないという決定を下しました,16.62
326,ja_jp,C:\Users\acer\OneDrive\Desktop\hackenza\fleurs_audio\ja_jp\326.wav,国立ハリケーンセンターの科学者らによれば ダニエルはこのまま発達して水曜日までにハリケーンになると予測されます,12.96
697,ja_jp,C:\Users\acer\OneDrive\Desktop\hackenza\fleurs_audio\ja_jp\697.wav,都市の宗教的意義 そして特に旧市街地にある多くの遺跡や史跡により エルサレムはイスラエルの主要な観光地の1つとなっています,11.34
687,ja_jp,C:\Users\acer\OneDrive\Desktop\hackenza\fleurs_audio\ja_jp\687.wav,棺から取り出す際にミイラが負った損傷の証拠を見たいと思っていた人は誰もが 頭部と肩しか見えないので がっかりするでしょう,14.1
621,ja_jp,C:\Users\acer\OneDrive\Desktop\hackenza\fleurs_audio\ja_jp\621.wav,自分史を理解しているからといって文化を理解していることにはなりませんが 少なくとも組織の歴史の範囲内で自分が置かれた立場を理解するのに役立ちます,11.46
657,ja_jp,C:\Users\acer\OneDrive\Desktop\hackenza\fleurs_audio\ja_jp\657.wav,寒い季節にグリーンランドを訪れる場合 北上するほど寒くなることを考えると十分に暖かい衣類を持っていくことが不可欠です,16.38
600,ja_jp,C:\Users\acer\OneDrive\Desktop\hackenza\fleurs_audio\ja_jp\600.wav,見た目はいくつもの部屋のようでした 彼は死んだ細胞を観察した最初の人でした,7.02
918,ja_jp,C:\Users\acer\OneDrive\Desktop\hackenza\fleurs_audio\ja_jp\918.wav,このカテゴリーで最も有名なアプリの1つがgoogle翻訳であり 翻訳したい言語データをダウンロードした後でオフライン翻訳が可能です,10.14
1099,ja_jp,C:\Users\acer\OneDrive\Desktop\hackenza\fleurs_audio\ja_jp\1099.wav,打ち上げから3分ほど経った頃 船内カメラが燃料タンクから断熱材の発泡体の多数の破片が飛び散る様子を映し出しました,14.46
745,ja_jp,C:\Users\acer\OneDrive\Desktop\hackenza\fleurs_audio\ja_jp\745.wav,今日の先進国では 豪華な宿と朝食を提供することが一種の芸術形態にまで進化しています,11.22
713,ja_jp,C:\Users\acer\OneDrive\Desktop\hackenza\fleurs_audio\ja_jp\713.wav,ガラパゴス海域には60隻以上のクルーズ船が就航しており 大きさは8人乗りから100人乗りまでさまざまです,10.32
812,ja_jp,C:\Users\acer\OneDrive\Desktop\hackenza\fleurs_audio\ja_jp\812.wav,ハイキングとは 野外で自然環境を楽しむ徒歩旅行ですが 通常はハイキングコースを歩くことになります,10.92
106,ja_jp,C:\Users\acer\OneDrive\Desktop\hackenza\fleurs_audio\ja_jp\106.wav,直近の月次報告で opecは原油の輸出量が日量280万バレルと20年間で最も低い水準に落ち込んだと発表しました,15.36
826,ja_jp,C:\Users\acer\OneDrive\Desktop\hackenza\fleurs_audio\ja_jp\826.wav,必要に迫られたり ライフスタイルやチャレンジのために 安く見たいと思っているのであれば いくつかの方法があります,9.24
342,ja_jp,C:\Users\acer\OneDrive\Desktop\hackenza\fleurs_audio\ja_jp\342.wav,ザパテロ首相は世界の金融情勢について 金融制度は経済の一部として重要な部分だ と続けました,15.24
547,ja_jp,C:\Users\acer\OneDrive\Desktop\hackenza\fleurs_audio\ja_jp\547.wav,ジェームズ ユーイング将軍は トレントン軽巡洋艦で民兵700人を連れて川を渡り アサンピンク クリークにかかる橋を奪取し 敵軍の逃亡を阻止しました,14.22
30,ja_jp,C:\Users\acer\OneDrive\Desktop\hackenza\fleurs_audio\ja_jp\30.wav,イラクのアブ グライブ刑務所が暴動の最中に放火されました,8.34
1331,ko_kr,C:\Users\acer\OneDrive\Desktop\hackenza\fleurs_audio\ko_kr\1331.wav,프로젝트 기반 학습은 학습을 더 쉽고 더 흥미롭게 만들고 스캐폴딩은 한 걸음 더 나아가게 합니다,9.54
1330,ko_kr,C:\Users\acer\OneDrive\Desktop\hackenza\fleurs_audio\ko_kr\1330.wav,commons 관리자 adam cuerden은 지난달 위키 뉴스와의 통화에서 삭제에 대한 불만을 드러냈다,14.1
1435,ko_kr,C:\Users\acer\OneDrive\Desktop\hackenza\fleurs_audio\ko_kr\1435.wav,대부분의 곤충들은 날개를 몸 뒤로 접을 수 있다는 이점을 지니고 있습니다,8.04
1217,ko_kr,C:\Users\acer\OneDrive\Desktop\hackenza\fleurs_audio\ko_kr\1217.wav,후보자는 대표자를 보내서 선거의 전 과정을 참관할 수 있습니다 저녁에는 특정 절차에 따라 철저한 감독하에 자원봉사자가 개표합니다,16.32
559,ko_kr,C:\Users\acer\OneDrive\Desktop\hackenza\fleurs_audio\ko_kr\559.wav,핵은 중성자와 양성자라는 2개의 입자로 구성되어 있습니다,8.22
91,ko_kr,C:\Users\acer\OneDrive\Desktop\hackenza\fleurs_audio\ko_kr\91.wav,현재 어떤 혐의가 부과될지 또는 당국이 어떤 결정을 내릴지 모르지만 연방 법정에서 청소년 재판이 시작되었다,10.56
1345,ko_kr,C:\Users\acer\OneDrive\Desktop\hackenza\fleurs_audio\ko_kr\1345.wav,각 나라가 스칸디나비아'에 속했지만 덴마크와 스웨덴 노르웨이 그리고 아이슬란드의 국민과 왕 관습과 역사에는 많은 차이가 있었다,14.52
1115,ko_kr,C:\Users\acer\OneDrive\Desktop\hackenza\fleurs_audio\ko_kr\1115.wav,의료 자선 단체인 mangola 국경 없는 의사회 세계보건기구who는 이 발병이 이 나라에서 기록된 최악의 발병이라고 입을 모읍니다,20.76
87,ko_kr,C:\Users\acer\OneDrive\Desktop\hackenza\fleurs_audio\ko_kr\87.wav,피트맨에 따르면 총빙의 양과 두께가 지난 15년 동안 바다표범들에게 최악의 상황이었다고 한다,12.84
1069,ko_kr,C:\Users\acer\OneDrive\Desktop\hackenza\fleurs_audio\ko_kr\1069.wav,휴대 전화의 전파 범위를 벗어난 외딴 지역이면 위성 전화가 유일한 대안일 수 있다,10.44
836,ko_kr,C:\Users\acer\OneDrive\Desktop\hackenza\fleurs_audio\ko_kr\836.wav,다른 경우에는 관광 숙박 시설에 체류하지 않는 사람만 등록하면 됩니다 그러나 이로 인해 법이 훨씬 모호해지므로 염두해두십시오,12.0
643,ko_kr,C:\Users\acer\OneDrive\Desktop\hackenza\fleurs_audio\ko_kr\643.wav,인터넷과 월드와이드웹의 사용은 학습자가 언제든지 정보에 접근할 수 있게 해줍니다,10.44
1289,ko_kr,C:\Users\acer\OneDrive\Desktop\hackenza\fleurs_audio\ko_kr\1289.wav,상어는 정말 존재하긴 하지만 사람을 공격하는 일은 아주 드뭅니다 대부분의 상어는 사람을 두려워해서 헤엄쳐 달아납니다,15.9
907,ko_kr,C:\Users\acer\OneDrive\Desktop\hackenza\fleurs_audio\ko_kr\907.wav,이것은 http뿐만 아니라 모든 인터넷 트래픽을 재 경로 변경 할 수 있다는 이유에서 웹 프록시보다 뛰어나다,14.88
192,ko_kr,C:\Users\acer\OneDrive\Desktop\hackenza\fleurs_audio\ko_kr\192.wav,"""소방 대장 스콧 코운스는 말했다. ""산타클라라 기온이 32℃에 달하는 더운 날이었다.",12.66
154,ko_kr,C:\Users\acer\OneDrive\Desktop\hackenza\fleurs_audio\ko_kr\154.wav,화학적으로 인증된 화성 물질이 지구에 떨어지는 것을 사람이 직접 목격하는 것은 역사상 다섯 번째로 알려져 있다,10.56
1237,ko_kr,C:\Users\acer\OneDrive\Desktop\hackenza\fleurs_audio\ko_kr\1237.wav,입양 과정에서 다른 부부가 아이를 맡아 기를 수 있도록 친부모는 친권을 포기합니다,9.9
369,ko_kr,C:\Users\acer\OneDrive\Desktop\hackenza\fleurs_audio\ko_kr\369.wav,트리케라톱스의 이빨은 나뭇잎뿐만 아니라 아주 억센 나뭇가지와 뿌리도 으스러뜨릴 수 있었을 것이다,12.72
1274,ko_kr,C:\Users\acer\OneDrive\Desktop\hackenza\fleurs_audio\ko_kr\1274.wav,남쪽 국가들과의 경기에서는 완전히 실력이 녹슨 것으로 보였던 남아프리카였지만 토너먼트가 진행됨에 따라 실력이 꾸준히 향상되었습니다,12.72
1472,ko_kr,C:\Users\acer\OneDrive\Desktop\hackenza\fleurs_audio\ko_kr\1472.wav,다행히도 운전자들은 상당히 일관된 범위 내에서 행동하는 경향이 있습니다 따라서 교통 흐름은 어느 정도 합당한 일관성을 가지며 수학적으로 대략 표현할 수 있습니다,17.28
628,ko_kr,C:\Users\acer\OneDrive\Desktop\hackenza\fleurs_audio\ko_kr\628.wav,이런 유형의 사고는 특정 과학 또는 표준 절차와 연관되어 있습니다,9.12
995,ko_kr,C:\Users\acer\OneDrive\Desktop\hackenza\fleurs_audio\ko_kr\995.wav,소수의 항공사만이 여전히 장례 유족 운임을 제공한다 이는 장례를 치르기 위해 긴급히 여행해야 할 경우 약간의 운임을 할인해 주는 제도이다,12.18
826,ko_kr,C:\Users\acer\OneDrive\Desktop\hackenza\fleurs_audio\ko_kr\826.wav,도전이나 생활양식 혹은 필요에 의해 적은 돈으로 세상을 보고 싶어 하면 몇 가지 할 수 있는 방법이 있습니다,10.38
948,ko_kr,C:\Users\acer\OneDrive\Desktop\hackenza\fleurs_audio\ko_kr\948.wav,오네가 호수도 볼가와 연결되어 있기에 카스프해에서 러시아를 통해 오는 것은 여전히 가능한 일입니다,12.9
653,ko_kr,C:\Users\acer\OneDrive\Desktop\hackenza\fleurs_audio\ko_kr\653.wav,그린란드 원주민들이 혹시 이 단어를 사용하더라도 외국인은 사용을 하지 않는 것이 좋습니다,11.34
173,ko_kr,C:\Users\acer\OneDrive\Desktop\hackenza\fleurs_audio\ko_kr\173.wav,만일 확인되면 이 발견은 8년 동안 계속돼온 알렌의 무사시에 대한 탐사의 종지부를 찍게 된다,9.78
951,ko_kr,C:\Users\acer\OneDrive\Desktop\hackenza\fleurs_audio\ko_kr\951.wav,가능한 많은 사람과 대화하도록 하세요 얼마 후에 모든 사람이 당신을 알게 되고 어떤 배에서 사람을 구하는지 당신에게 알려줄 것입니다,14.16
1,ko_kr,C:\Users\acer\OneDrive\Desktop\hackenza\fleurs_audio\ko_kr\1.wav,스탠포드 의과대학 연구진은 지난 월요일 세포를 유형별로 분류할 수 있는 새로운 진단도구를 개발했다고 밝혔다 이는 아주 작은 크기의 인쇄가 가능한 칩으로 일반적인 잉크젯 프린터를 이용해 개 당 미화 약 1센트로 생산이 가능할 것으로 예상된다,23.82
1397,ko_kr,C:\Users\acer\OneDrive\Desktop\hackenza\fleurs_audio\ko_kr\1397.wav,추가적으로 냄새는 곰이나 다른 야생동물을 유인할 수 있으므로 냄새가 나는 음식을 갖고 다니거나 요리하지 않고 캠프를 청결히 해야 합니다,12.6
537,ko_kr,C:\Users\acer\OneDrive\Desktop\hackenza\fleurs_audio\ko_kr\537.wav,해변과 테마파크 그리고 캠핑장은 흔히 휴양 관광객들이 가장 많이 찾는 곳들이다,11.4
320,ko_kr,C:\Users\acer\OneDrive\Desktop\hackenza\fleurs_audio\ko_kr\320.wav,첫 번째 경제 개혁은 덩 사오핑의 지도하에 이루어졌습니다,9.42
245,ko_kr,C:\Users\acer\OneDrive\Desktop\hackenza\fleurs_audio\ko_kr\245.wav,"""""""일부는 동의하지 않을 수도 있지만 개의치 않습니다.",8.22
947,hi_in,C:\Users\acer\OneDrive\Desktop\hackenza\fleurs_audio\hi_in\947.wav,व्हाइट सी-बाल्टिक नहर आर्कटिक महासागर को ज्यादातर नदियों और झीलों द्वारा बाल्टिक सागर से जोड़ती है जैसे झील वनगा झील लाडोगा और सेंट पीटर्सबर्ग,9.0
102,hi_in,C:\Users\acer\OneDrive\Desktop\hackenza\fleurs_audio\hi_in\102.wav,बुधवार की दोपहर तक टैंक के अंदर थर्मल एक्सपेंशन से शायद अभी भी टैंक वेंट लीक हो रहे थे,8.76
1457,hi_in,C:\Users\acer\OneDrive\Desktop\hackenza\fleurs_audio\hi_in\1457.wav,खेल सुबह 10:00 बजे बहुत बढ़िया मौसम के साथ शुरू हुआ और सुबह-सुबह की रिमझिम फुहारें जो जल्दी ही ख़त्म हो गई थीं के अलावा यह 7वे रग्बी के लिए शानदार दिन था,15.54
386,hi_in,C:\Users\acer\OneDrive\Desktop\hackenza\fleurs_audio\hi_in\386.wav,सिर्फ़ हैंगुल ही जानबूझ कर बनाया गया ऐसा वर्ण है जो आम बोली का हिस्सा है. इसे 1444 में राजा सेजौंग 1418 - 1450 के काल में बनाया गया था,12.6
21,hi_in,C:\Users\acer\OneDrive\Desktop\hackenza\fleurs_audio\hi_in\21.wav,चुनाव के दौरान साइह ने जताया कि संकट के दौर में मा देश छोड़कर भाग सकते हैं,7.08
610,hi_in,C:\Users\acer\OneDrive\Desktop\hackenza\fleurs_audio\hi_in\610.wav,आप चक्रीय घटनाओं के दोहराव को ग़ौर से देखकर समय के बदलाव को चिन्हित कर सकते हैं चक्रीय घटना कुछ ऐसी होती है जो नियमित रूप से बार-बार घटती रहती है,14.1
39,hi_in,C:\Users\acer\OneDrive\Desktop\hackenza\fleurs_audio\hi_in\39.wav,शो का हर एक एपिसोड एक ख़ास पुस्तक की थीम पर केंद्रित होगा और फिर कई कहानियों के माध्यम से उस थीम को खोजेगा,11.64
656,hi_in,C:\Users\acer\OneDrive\Desktop\hackenza\fleurs_audio\hi_in\656.wav,ठंड का मौसम शायद एकमात्र वास्तविक ख़तरा है जिसका सामना बिना तैयारी वालों को करना होगा,7.92
844,hi_in,C:\Users\acer\OneDrive\Desktop\hackenza\fleurs_audio\hi_in\844.wav,दिवालों पर अनचाहे चित्र या अस्पष्ट लिखावट को भित्तिचित्र के रूप में जाना जाता है,7.44
734,hi_in,C:\Users\acer\OneDrive\Desktop\hackenza\fleurs_audio\hi_in\734.wav,सर्दियों में उत्तरी अमेरिका में बेहतरीन स्कीइंग और गर्मियों में माउंटेन बाइकिंग का आनंद लें,6.36
17,hi_in,C:\Users\acer\OneDrive\Desktop\hackenza\fleurs_audio\hi_in\17.wav,दस्तावेजों से पता चलता है कि चौदह बैंकों ने अमीर ग्राहकों को कर और अन्य नियमों से बचने के लिए अरबों अमेरिकी डॉलर की संपत्ति छिपाने में मदद की,13.5
399,hi_in,C:\Users\acer\OneDrive\Desktop\hackenza\fleurs_audio\hi_in\399.wav,इटली का मुख्य लक्ष्य अफ्रीकी देश थे उन देशों पर कब्जा करने के लिए उन्हें सेना की एक ऐसी टुकड़ी की जरूरत थी जो कि भूमध्य सागर को पार करे और अफ्रीका पर हमला कर दे,14.52
599,hi_in,C:\Users\acer\OneDrive\Desktop\hackenza\fleurs_audio\hi_in\599.wav,इंग्लैंड के बायोलॉजिस्ट रॉबर्ट हुक ने माइक्रोस्कोप से कॉर्क में छोटे चौखाने देखे,8.76
1196,hi_in,C:\Users\acer\OneDrive\Desktop\hackenza\fleurs_audio\hi_in\1196.wav,गुआरानी पूर्वी पराग्वे में रहने वाले मूल लोगों का सबसे खास समूह था ये लोग खानाबदोशों का जीवन जीते हैं और अपने गुजर-बसर के लिए खेती भी करते हैं,10.74
103,hi_in,C:\Users\acer\OneDrive\Desktop\hackenza\fleurs_audio\hi_in\103.wav,"टंकियों के नीचे दूसरा कंटेनमेंट एरिया 104,500 बैरल की क्षमता रखता है जिसे अभी तक पूर्ण क्षमता के साथ भरा नहीं गया है",10.2
302,hi_in,C:\Users\acer\OneDrive\Desktop\hackenza\fleurs_audio\hi_in\302.wav,निर्देशन के अलावा वायटियर की उपलब्धियों में 1973 में भूख हड़ताल शामिल है जिसे उन्होंने राजनीतिक सेंसरशिप के रूप में देखा,11.16
1221,hi_in,C:\Users\acer\OneDrive\Desktop\hackenza\fleurs_audio\hi_in\1221.wav,पैरालिम्पिक्स 24 अगस्त 2021 से 5 सितंबर 2021 तक होंगे कुछ इवेंट जापान के अन्य स्थानों में होंगे,10.8
1448,hi_in,C:\Users\acer\OneDrive\Desktop\hackenza\fleurs_audio\hi_in\1448.wav,सरकार ने इंसेफेलाइटिस वैक्सीन के कई मिलियन वायल का वादा किया है जो अगले साल स्वास्थ्य एजेंसियों को तैयार करने में मदद करेगी,9.42
108,hi_in,C:\Users\acer\OneDrive\Desktop\hackenza\fleurs_audio\hi_in\108.wav,सुबह लगभग 5 बजे पूर्वी समय जब कैप्सूल धरती को छूकर वायुमंडल में प्रवेश करता है तब उत्तरी कैलिफ़ोर्निया ऑरेगन नेवाडा और उटाह के लोगों के लिए एक शानदार लाइट शो पेश करने की अपेक्षा होती है,14.94
1228,hi_in,C:\Users\acer\OneDrive\Desktop\hackenza\fleurs_audio\hi_in\1228.wav,अभी दो हफ़्ते पहले ही इस ट्रॉफ़ी को अपने नाम कर चुकी ऑल ब्लैक्स टीम का यह फ़ाइनल मैच था,10.68
425,hi_in,C:\Users\acer\OneDrive\Desktop\hackenza\fleurs_audio\hi_in\425.wav,परंपरागत रूप से तख़्त का उत्तराधिकारी स्कूली शिक्षा पूरी करने के बाद सीधे सेना में जाएगा,7.08
89,hi_in,C:\Users\acer\OneDrive\Desktop\hackenza\fleurs_audio\hi_in\89.wav,अधिकारियों ने आज की गिरफ्तारी की पुष्टि करने से परे थोडा आधिकारिक तौर पर कहा,6.72
932,hi_in,C:\Users\acer\OneDrive\Desktop\hackenza\fleurs_audio\hi_in\932.wav,सामान्य तौर पर किसी भी विदेशी देश में समय अवधि के बाद बहुत समय तक रहने के लिए आपको पहले ही वीज़ा प्राप्त करने की आवश्यकता होगी,12.36
198,hi_in,C:\Users\acer\OneDrive\Desktop\hackenza\fleurs_audio\hi_in\198.wav,राष्ट्रपति की हालत स्थिर है हालांकि वह कई दिनों तक घर पर एकांत में रहेंगे,7.56
1261,hi_in,C:\Users\acer\OneDrive\Desktop\hackenza\fleurs_audio\hi_in\1261.wav,कार्यस्थल सामंजस्य महत्वपूर्ण होता है जो व्यक्तिगत उपलब्धियों की प्रशंसा की बजाय सामूहिक प्रयास पर ज़ोर देता है,10.08
336,hi_in,C:\Users\acer\OneDrive\Desktop\hackenza\fleurs_audio\hi_in\336.wav,तुर्की की गायिका सेजेन अक्सू ने इटालियन एलेसांद्रो सफीना और ग्रीक गायक हैरिस एलेक्सी के साथ कार्यक्रम किया,9.6
823,hi_in,C:\Users\acer\OneDrive\Desktop\hackenza\fleurs_audio\hi_in\823.wav,हालाँकि अधिकतर एजेंसियाँ ​​सबसे ज़्यादा नियमित बुकिंग लेने को तैयार हैं लेकिन कई एजेंट विशेष प्रकार की यात्रा बजट श्रेणियों या गंतव्यों के विशेषज्ञ होते हैं,13.44
1224,hi_in,C:\Users\acer\OneDrive\Desktop\hackenza\fleurs_audio\hi_in\1224.wav,आमतौर पर ऐसा कहा जाता है कि सीधी उड़ानों में ए से बी तक बिज़नेस या फ़र्स्ट क्लास सीटों पर किसी भी सूरत में डिस्काउंट नहीं दिया जाता है,10.68
1405,hi_in,C:\Users\acer\OneDrive\Desktop\hackenza\fleurs_audio\hi_in\1405.wav,हालांकि देशभर में बिछा सड़कों का जाल सिर्फ़ मुट्ठीभर कारों के लिए किफ़ायती नहीं था इसलिए कार खरीदने का खर्च कम करने क लिए उत्पादन के नए-नए तरीके विकसित किए गए,15.78
1342,hi_in,C:\Users\acer\OneDrive\Desktop\hackenza\fleurs_audio\hi_in\1342.wav,दिन में ये आस-पास की सतहों से ज़्यादा ठंडी और रात में गर्म होती हैं,7.92
788,hi_in,C:\Users\acer\OneDrive\Desktop\hackenza\fleurs_audio\hi_in\788.wav,लिखित शब्दों को अक्सर बोले गए शब्दों की तुलना में समझना आसान होता है यह विशेष रूप से पतों के लिए सच है जिन्हें अक्सर ठीक से उच्चारण करना मुश्किल होता है,13.8
1369,hi_in,C:\Users\acer\OneDrive\Desktop\hackenza\fleurs_audio\hi_in\1369.wav,कर्टिस कूपर सेंट्रल मिसौरी विश्वविद्यालय में एक गणितज्ञ और कंप्यूटर विज्ञान के प्रोफेसर ने 25 जनवरी को अब तक की सबसे बड़ी ज्ञात प्राइम संख्या की खोज की है,14.34
535,hi_in,C:\Users\acer\OneDrive\Desktop\hackenza\fleurs_audio\hi_in\535.wav,शायद सबसे सामान्य पर्यटन वह हो सकता जिसमें ज़्यादातर लोग मनोरंजन वाली पर्यटन की जगहों पर यात्रा करने में दिलचस्पी लेते हैं,10.62
18,hi_in,C:\Users\acer\OneDrive\Desktop\hackenza\fleurs_audio\hi_in\18.wav,ब्रिटिश अख़बार द गार्जियन के अनुसार ड्यूश बैंक ने इसे पूरा करने के लिए इस्तेमाल की जाने वाली 1200 शेल कंपनियों में से एक तिहाई को मोटे तौर पर नियंत्रित किया,16.86
741,hi_in,C:\Users\acer\OneDrive\Desktop\hackenza\fleurs_audio\hi_in\741.wav,यह समुद्र में 2.2 मिलियन वर्ग किलोमीटर में फैले 15 द्वीपों एक द्वीपसमूह है,9.72
199,hi_in,C:\Users\acer\OneDrive\Desktop\hackenza\fleurs_audio\hi_in\199.wav,बुखार और गले में खराश के अलावा मैं अच्छी तरह से और अच्छी हालत में महसूस करता हूं ताकि टेलीकम्युटिंग करके अपना काम पूरा कर सकूं,13.02
498,ar_eg,C:\Users\acer\OneDrive\Desktop\hackenza\fleurs_audio\ar_eg\498.wav,وأصبح هؤلاء الأشخاص بارعين في البتر لإنقاذ المرضى من الغنغرينا وكذلك العاصبات والمشابك الشريانية لصد تدفق الدم,13.68
172,ar_eg,C:\Users\acer\OneDrive\Desktop\hackenza\fleurs_audio\ar_eg\172.wav,وتابع قائلاّ هذه القضيّة خطيرةٌ كن مطمئناً إلى أن نظامنا يعمل كما ينبغي,5.34
836,ar_eg,C:\Users\acer\OneDrive\Desktop\hackenza\fleurs_audio\ar_eg\836.wav,في حالات أخرى لا يحتاج إلى التسجيل إلا من يقيمون خارج أماكن الإقامة السياحية ومع ذلك فإن هذا يجعل القانون أكثر غموضاً لذا اعرف مقدماً,14.76
985,ar_eg,C:\Users\acer\OneDrive\Desktop\hackenza\fleurs_audio\ar_eg\985.wav,فقد تم الإبلاغ عن أقل من ألف حالة ضمن البشر لكن بعضها كان قاتلاً,7.8
1093,ar_eg,C:\Users\acer\OneDrive\Desktop\hackenza\fleurs_audio\ar_eg\1093.wav,سر نجاحهم هو مفهوم المكانة وظيفة خاصة لكل قطة تمنعها من التنافس مع الآخرين,8.64
23,ar_eg,C:\Users\acer\OneDrive\Desktop\hackenza\fleurs_audio\ar_eg\23.wav,على الرغم من هذه الاتهامات فاز ما بسهولة على منصة تدعو إلى توثيق العلاقات مع البر الرئيسي الصيني,11.1
833,ar_eg,C:\Users\acer\OneDrive\Desktop\hackenza\fleurs_audio\ar_eg\833.wav,يُعَد التسجيل مطلب إضافي لعملية التأشيرة ففي بعض البلدان يجب عليك تسجيل حضورك وعنوانك لدى السلطات المحلية حيث تقيم,12.42
825,ar_eg,C:\Users\acer\OneDrive\Desktop\hackenza\fleurs_audio\ar_eg\825.wav,ألقِ نظرة على الرحلات التي يقوم الوكيل بترويجها سواءً كان ذلك على موقع إلكتروني أو في نافذة متجر,8.1
645,ar_eg,C:\Users\acer\OneDrive\Desktop\hackenza\fleurs_audio\ar_eg\645.wav,يوفر منهج ما بعد التمدن التعليمي التحرر من المطلقات فليس هناك طريقة واحدة جيدة للتعلم,7.86
1408,ar_eg,C:\Users\acer\OneDrive\Desktop\hackenza\fleurs_audio\ar_eg\1408.wav,"أصدر أكثر من 1,000 طابع للسويد و28 دولة أخرى",5.88
367,ar_eg,C:\Users\acer\OneDrive\Desktop\hackenza\fleurs_audio\ar_eg\367.wav,العضو الرئيسي للجهاز الدوري هو القلب الذي يضخ الدم,5.04
622,ar_eg,C:\Users\acer\OneDrive\Desktop\hackenza\fleurs_audio\ar_eg\622.wav,يكتشف الأفراد والمشاركون في عملية تقييم النجاحات والإخفاقات بشكل أعمق قيم المنظمة ورسالتها و ما يدفعها من قوى,10.68
1112,ar_eg,C:\Users\acer\OneDrive\Desktop\hackenza\fleurs_audio\ar_eg\1112.wav,وأثارت مخاوف نقص وسائل التنقل إلى احتمالية توجب إقامة المباراة خلف أبواب مغلقة دون تواجد أنصار الفريق,11.1
176,ar_eg,C:\Users\acer\OneDrive\Desktop\hackenza\fleurs_audio\ar_eg\176.wav,اكتسبت إشادة نقدية خلال تواجدها في أتلانتا واعتُرف بدورها في التعليم الحضري المبتكر,7.56
1401,ar_eg,C:\Users\acer\OneDrive\Desktop\hackenza\fleurs_audio\ar_eg\1401.wav,ولم ترد تقارير فورية عن وقوع أضرار من قبل هيئة المسح الجيولوجي الأمريكي usgs ومركز معلومات الزلازل الوطني التابع لها,13.92
793,ar_eg,C:\Users\acer\OneDrive\Desktop\hackenza\fleurs_audio\ar_eg\793.wav,وأصبحت محلات السوبر ماركت تمتلك على نحو متزايد أقسام أطعمة جاهزة أكثر تنوعاً حتى أن بعضها يوفر فرن ميكروويف أو وسائل أخرى لتسخين الطعام,10.2
301,ar_eg,C:\Users\acer\OneDrive\Desktop\hackenza\fleurs_audio\ar_eg\301.wav,سيتم فحص hjr-3 بعد العملية بواسطة التشريع المنتخب القادم إما في 2015 أو 2016 حتى تبقى قيد العمل,12.06
882,ar_eg,C:\Users\acer\OneDrive\Desktop\hackenza\fleurs_audio\ar_eg\882.wav,واحدة من نقاط قوة شارلوت كارولاينا الشمالية أن لديها غزارة من الخيارات عالية الجودة للعائلات,7.38
64,ar_eg,C:\Users\acer\OneDrive\Desktop\hackenza\fleurs_audio\ar_eg\64.wav,لقد ناقش الكونغرس الوطني للبرازيل مسألة التشريع لمدة عشر سنوات وهذه الزيجات المدنية قانونية في ريو غراندي دو سول فقط في الوقت الحالي,12.12
1263,ar_eg,C:\Users\acer\OneDrive\Desktop\hackenza\fleurs_audio\ar_eg\1263.wav,إن المدن المستقلة ذاتياً هي بمثابة أسلاف الأمم إن الثقافة الحضارية تعني ضمناً نقل المعرفة عبر عدة أجيال بصمة ثقافية متبقية ونشر المعرفة بشكل عادل,15.9
139,ar_eg,C:\Users\acer\OneDrive\Desktop\hackenza\fleurs_audio\ar_eg\139.wav,قد يتأثر الإنسان باستنشاق المياه المتأثرة التي وصلت للهواء بواسطة الرياح والأمواج,7.92
985,ar_eg,C:\Users\acer\OneDrive\Desktop\hackenza\fleurs_audio\ar_eg\985.wav,فقد تم الإبلاغ عن أقل من ألف حالة ضمن البشر لكن بعضها كان قاتلاً,9.72
71,ar_eg,C:\Users\acer\OneDrive\Desktop\hackenza\fleurs_audio\ar_eg\71.wav,لم تُوضح شركة إدارة الفرقة hk management inc سبب أولي وراء الإلغاء في يوم 20 من أيلول لكنها وضعت اللوم على الأسباب اللوجستية بحلول اليوم التالي,11.04
320,ar_eg,C:\Users\acer\OneDrive\Desktop\hackenza\fleurs_audio\ar_eg\320.wav,تمت أول الإصلاحات الاقتصادية تحت قيادة دينج شياو بينج,5.52
1471,ar_eg,C:\Users\acer\OneDrive\Desktop\hackenza\fleurs_audio\ar_eg\1471.wav,يقع حاليًا الجناح التاسع والذي شهد فيضاناً يصل ارتفاعه إلى 20 قدماً خلال إعصار كاترينا في ارتفاع لمنسوب المياه حيث غمرت السد القريب,13.08
215,ar_eg,C:\Users\acer\OneDrive\Desktop\hackenza\fleurs_audio\ar_eg\215.wav,من المقرر أن يعود كل من الجولف والرجبي إلى الألعاب الأولمبية,5.22
881,ar_eg,C:\Users\acer\OneDrive\Desktop\hackenza\fleurs_audio\ar_eg\881.wav,قد تستند هذه المتطلبات غالباً على البلدان التي زارها المسافر أو التي ينوي الذهاب إليها,9.36
367,ar_eg,C:\Users\acer\OneDrive\Desktop\hackenza\fleurs_audio\ar_eg\367.wav,العضو الرئيسي للجهاز الدوري هو القلب الذي يضخ الدم,4.68
86,ar_eg,C:\Users\acer\OneDrive\Desktop\hackenza\fleurs_audio\ar_eg\86.wav,اقترح بيتمان أن الأحوال لن تتحسن حتى وقتٍ ما في الأسبوع القادم,4.98
23,ar_eg,C:\Users\acer\OneDrive\Desktop\hackenza\fleurs_audio\ar_eg\23.wav,على الرغم من هذه الاتهامات فاز ما بسهولة على منصة تدعو إلى توثيق العلاقات مع البر الرئيسي الصيني,8.76
159,ar_eg,C:\Users\acer\OneDrive\Desktop\hackenza\fleurs_audio\ar_eg\159.wav,يقع جونسون في الموقع الثاني برصيد 2243 بفارق سبع نقاطٍ,7.92
305,ar_eg,C:\Users\acer\OneDrive\Desktop\hackenza\fleurs_audio\ar_eg\305.wav,عاد في الستينيات إلى الجزائر المستقلة حديثًا لتدريس الإخراج السينمائي,9.78
299,ar_eg,C:\Users\acer\OneDrive\Desktop\hackenza\fleurs_audio\ar_eg\299.wav,وقد حدث تغيير في هذه الجلسة التشريعيّة حيث أُلغيت الجملة الثّانية أوّلاً من قِبل مجلس النوّاب ثم أُقِرّت بشكل مشابه في مجلس الشّيوخ يوم الاثنين,12.9
877,ar_eg,C:\Users\acer\OneDrive\Desktop\hackenza\fleurs_audio\ar_eg\877.wav,لغير الملمّين بالمصطلحات الطبّيّة كلمتا معدٍ وسارٍ لهما معنيان مختلفتان,8.58
721,ar_eg,C:\Users\acer\OneDrive\Desktop\hackenza\fleurs_audio\ar_eg\721.wav,بجانب الشواطئ ذات الرمال البيضاء والمناظر الطبيعية الجبلية تعد البلاد موطنًا لأقدم مدينة أوروبية في الأمريكتين وهي الآن جزء من سانتو دومينغو,15.24
969,ar_eg,C:\Users\acer\OneDrive\Desktop\hackenza\fleurs_audio\ar_eg\969.wav,على مر القرون بنى الناس الشرفات بعناية على المناظر الطبيعية الوعرة شديدة الانحدار لتصل بينها وبين المنحدرات المُطلّة على البحر,9.0
741,ar_eg,C:\Users\acer\OneDrive\Desktop\hackenza\fleurs_audio\ar_eg\741.wav,إنه أرخبيل يضم 15 جزيرة منتشرة على مساحة تزيد عن 2.2 مليون كيلومتر مربع من المحيط,11.76
1491,ar_eg,C:\Users\acer\OneDrive\Desktop\hackenza\fleurs_audio\ar_eg\1491.wav,تلقى بوترو العلاج في كتفه في هذه المرحلة لكنه تمكن من العودة إلى المباراة,8.28
946,ar_eg,C:\Users\acer\OneDrive\Desktop\hackenza\fleurs_audio\ar_eg\946.wav,استخدم الفايكنج الممرات المائية الروسية للوصول إلى البحر الأسود وبحر قزوين لا يزال من الممكن استخدامُ أجزاء من هذه المسارات تحقق من المتطلباتِ المحتملةٍ للحصول على تصاريح خاصةٍ والتي قد يكون من الصعب الحصول عليها,19.98
842,ar_eg,C:\Users\acer\OneDrive\Desktop\hackenza\fleurs_audio\ar_eg\842.wav,كن حذراً حانات البلدات الصغيرة في هذه المنطقة ليست دوماً أماكن جيّدة للزائر من خارج الولاية لتمضية الوقت فيها,8.34
261,ar_eg,C:\Users\acer\OneDrive\Desktop\hackenza\fleurs_audio\ar_eg\261.wav,لم نتلق أي أخبار عن تأخر حركة المرور المؤدية لطريق المدينة البديل,6.24
892,nl_nl,C:\Users\acer\OneDrive\Desktop\hackenza\fleurs_audio\nl_nl\892.wav,de south pole traverse of highway is een route die 1600 km lang is en van het mcmurdo-basisstation aan de rosszee naar de zuidpool loopt,11.88
1481,nl_nl,C:\Users\acer\OneDrive\Desktop\hackenza\fleurs_audio\nl_nl\1481.wav,een wandelsafari ook wel een 'boswandeling' of 'loopsafari' genoemd houdt in dat je meerdere uren of dagen achter elkaar loopt,7.32
308,nl_nl,C:\Users\acer\OneDrive\Desktop\hackenza\fleurs_audio\nl_nl\308.wav,hij stierf dinsdag in osaka,6.24
109,nl_nl,C:\Users\acer\OneDrive\Desktop\hackenza\fleurs_audio\nl_nl\109.wav,de capsule heeft erg veel weg van een vallende ster die door de lucht schiet,7.44
1322,nl_nl,C:\Users\acer\OneDrive\Desktop\hackenza\fleurs_audio\nl_nl\1322.wav,danius verklaarde 'we doen momenteel niks. ik heb met zijn naaste medewerker gebeld en gemailed en vriendelijke antwoorden gekregen. op dit moment is dat genoeg.',10.5
1312,nl_nl,C:\Users\acer\OneDrive\Desktop\hackenza\fleurs_audio\nl_nl\1312.wav,neem de vrijheid om je persoonlijke tekens te schetsen maar vergeet daarbij niet dat de gedrukte strijktekens er om een muzikale reden zijn waardoor ze dus meestal moeten worden gerespecteerd,10.98
133,nl_nl,C:\Users\acer\OneDrive\Desktop\hackenza\fleurs_audio\nl_nl\133.wav,christopher garcia woordvoerder van het los angeles police department zei dat de mannelijke verdachte wordt onderzocht vanwege het betreden van verboden terrein in plaats van vanwege vandalisme,11.22
77,nl_nl,C:\Users\acer\OneDrive\Desktop\hackenza\fleurs_audio\nl_nl\77.wav,wel herhaalde hij zijn eerdere uitspraak dat roe vs wade de vaste wet' was waarbij hij aangaf hoe belangrijk het is dat de uitspraken van het hooggerechtshof consequent zijn,14.64
396,nl_nl,C:\Users\acer\OneDrive\Desktop\hackenza\fleurs_audio\nl_nl\396.wav,er waren echter maar weinig koninklijke marineschepen die nabij logische aanvalsroutes lagen omdat de admiralen bang waren dat ze tot zinken gebracht zouden worden bij een duitse luchtaanval,15.18
227,nl_nl,C:\Users\acer\OneDrive\Desktop\hackenza\fleurs_audio\nl_nl\227.wav,het bestaan kan alleen worden vastgesteld door de invloed die het heeft op het groter worden van het universum,8.4
714,nl_nl,C:\Users\acer\OneDrive\Desktop\hackenza\fleurs_audio\nl_nl\714.wav,de boten zitten in het hoogseizoen meestal vol en daarom boeken de meeste mensen hun plaats al ruim van tevoren,6.12
38,nl_nl,C:\Users\acer\OneDrive\Desktop\hackenza\fleurs_audio\nl_nl\38.wav,de pbs-show heeft meer dan twintig emmy's gewonnen en ze zijn korter op de buis dan mister rogers' neighborhood en sesamstraat,9.36
917,nl_nl,C:\Users\acer\OneDrive\Desktop\hackenza\fleurs_audio\nl_nl\917.wav,vertaalmachines zijn enorm verbeterd en leveren nu min of meer correcte vertalingen op en minder vaak wartaal hoewel enige zorg moet worden geboden omdat het nog steeds mogelijk is dat ze het bij het verkeerde eind hebben,16.68
106,nl_nl,C:\Users\acer\OneDrive\Desktop\hackenza\fleurs_audio\nl_nl\106.wav,"in het meest recente rapport verklaarde opec dat de export van ruwe olie op het dieptepunt van de afgelopen twee decennia is beland met 2,8 miljoen vaten per dag",11.04
843,nl_nl,C:\Users\acer\OneDrive\Desktop\hackenza\fleurs_audio\nl_nl\843.wav,in het noorden van new mexico zijn bijvoorbeeld grote problemen met rijden onder invloed de concentratie dronken bestuurders is het hoogst in de buurt van bars in dorpjes,11.04
780,nl_nl,C:\Users\acer\OneDrive\Desktop\hackenza\fleurs_audio\nl_nl\780.wav,voor sommige camera's in middenformaat wordt 6 bij 6 cm gebruikt of preciezer gezegd een negatief van 56 bij 56 mm,13.14
230,nl_nl,C:\Users\acer\OneDrive\Desktop\hackenza\fleurs_audio\nl_nl\230.wav,deze theorie is in strijd met de bewering dat er geen enkele geologische activiteit is op de maan,7.98
246,nl_nl,C:\Users\acer\OneDrive\Desktop\hackenza\fleurs_audio\nl_nl\246.wav,dat er mensen zijn die mij willen bijstaan doet me deugd,7.08
1299,nl_nl,C:\Users\acer\OneDrive\Desktop\hackenza\fleurs_audio\nl_nl\1299.wav,vrouwen kookten in de tuin winkels waren niet meer dan een toonbank langs de straat steen werd gebruikt om huizen te bouwen,8.28
711,nl_nl,C:\Users\acer\OneDrive\Desktop\hackenza\fleurs_audio\nl_nl\711.wav,vlak bij de top zit een kleine grot waar je doorheen moet het is er vrij laag en smal,8.1
1230,nl_nl,C:\Users\acer\OneDrive\Desktop\hackenza\fleurs_audio\nl_nl\1230.wav,het is verstandig om alvast enkele dagen eerder een ticket te kopen want de streekbussen zijn vaak volgeboekt,10.56
287,nl_nl,C:\Users\acer\OneDrive\Desktop\hackenza\fleurs_audio\nl_nl\287.wav,animal liberation en de royal society for the prevention of cruelty to animals rspca maken zich opnieuw sterk om het ophangen van cctv-camera's in alle australische slachthuizen te verplichten,13.5
1495,nl_nl,C:\Users\acer\OneDrive\Desktop\hackenza\fleurs_audio\nl_nl\1495.wav,anderen zijn livingston island en deception hier vind je de volgestroomde krater van een actieve vulkaan die dienstdoet als spectaculaire natuurlijke haven,9.42
1227,nl_nl,C:\Users\acer\OneDrive\Desktop\hackenza\fleurs_audio\nl_nl\1227.wav,ring trof ook een schikking in een rechtszaak met de adt corporation dat is een concurrerend beveiligingsbedrijf,9.84
1388,nl_nl,C:\Users\acer\OneDrive\Desktop\hackenza\fleurs_audio\nl_nl\1388.wav,de avond ving aan met de zanger sanju sharma gevolgd door jai shankar choudhary lakka singh heeft ook de chhappan bhog bhajan gepresenteerd de zanger raju khandelwal hielp hem hierbij,12.78
1321,nl_nl,C:\Users\acer\OneDrive\Desktop\hackenza\fleurs_audio\nl_nl\1321.wav,rond het jaar 1850 werd apia opgericht en het is de officiële hoofdstad van samoa vanaf 1959,8.46
363,nl_nl,C:\Users\acer\OneDrive\Desktop\hackenza\fleurs_audio\nl_nl\363.wav,na honderden branduren zal het gloeidraad in de lamp uiteindelijk doorbranden waarna de gloeilamp niet langer werkt,6.66
114,nl_nl,C:\Users\acer\OneDrive\Desktop\hackenza\fleurs_audio\nl_nl\114.wav,de vroegere conservatieve regering in australië weigerde het verdrag van kyoto te ondertekenen omdat het de economie schade zou toebrengen vanwege de zware afhankelijkheid van de steenkoolexport terwijl landen als china en india zich niet aan de emissiedoelstellingen hoefden te houden,15.48
605,nl_nl,C:\Users\acer\OneDrive\Desktop\hackenza\fleurs_audio\nl_nl\605.wav,de chemische toestand blijft hetzelfde ook al kan de fysieke toestand veranderen,8.64
765,nl_nl,C:\Users\acer\OneDrive\Desktop\hackenza\fleurs_audio\nl_nl\765.wav,de typische gast voor een hostel is relatief jong in de twintig maar er zijn ook oudere bezoekers,5.76
229,nl_nl,C:\Users\acer\OneDrive\Desktop\hackenza\fleurs_audio\nl_nl\229.wav,deze glooiingen werden overal op het maanoppervlak gevonden en ogen minimaal verweerd wat erop wijst dat ze relatief recent door geologische processen zijn veroorzaakt,13.92
358,nl_nl,C:\Users\acer\OneDrive\Desktop\hackenza\fleurs_audio\nl_nl\358.wav,ze moeten de extra energie die uit het licht wordt gehaald kwijtraken om terug te komen op het vorige energieniveau,5.7
242,nl_nl,C:\Users\acer\OneDrive\Desktop\hackenza\fleurs_audio\nl_nl\242.wav,"de onbemande ruimtesonde chandrayaan-1 wierp zijn moon impact probe mip uit die vervolgens met 1,5 kilometer per seconde 3000 mijl per uur over de oppervlakte van de maan werd geslingerd en met succes in de buurt van de zuidpool van de maan landde",20.94
1239,nl_nl,C:\Users\acer\OneDrive\Desktop\hackenza\fleurs_audio\nl_nl\1239.wav,iedereen die een bezoek wil brengen aan een land dat als oorlogsgebied wordt beschouwd zou professioneel moeten worden getraind,7.02
162,nl_nl,C:\Users\acer\OneDrive\Desktop\hackenza\fleurs_audio\nl_nl\162.wav,ook de amerikaanse marine gaf aan een onderzoek in te stellen naar het voorval,4.98
409,nl_nl,C:\Users\acer\OneDrive\Desktop\hackenza\fleurs_audio\nl_nl\409.wav,door de ontdekking van zijn tombe in 1922 werd hij een beroemdheid hoewel veel oude tombes zijn beroofd bleef zijn tombe vrijwel ongemoeid,13.98
646,nl_nl,C:\Users\acer\OneDrive\Desktop\hackenza\fleurs_audio\nl_nl\646.wav,er is in feite niet één goede manier om te leren leren vindt plaats in de ervaring tussen degene die leert en degene die de kennis overdraagt,8.64
1162,nl_nl,C:\Users\acer\OneDrive\Desktop\hackenza\fleurs_audio\nl_nl\1162.wav,een stel kan besluiten dat het niet in hun belang of dat van hun kind is om een baby groot te brengen,6.48
191,nl_nl,C:\Users\acer\OneDrive\Desktop\hackenza\fleurs_audio\nl_nl\191.wav,passagiers kregen water tijdens het wachten in een hitte van 90 graden fahrenheit,4.98
388,nl_nl,C:\Users\acer\OneDrive\Desktop\hackenza\fleurs_audio\nl_nl\388.wav,hij noemde het hangeulalfabet in eerste instantie hunmin jeongeum dat betekent de juiste klanken om het volk te instrueren',8.94
608,pl_pl,C:\Users\acer\OneDrive\Desktop\hackenza\fleurs_audio\pl_pl\608.wav,doświadczamy czasu jako ciągu wydarzeń przechodzących z przyszłości przez teraźniejszość do przeszłości,11.58
1415,pl_pl,C:\Users\acer\OneDrive\Desktop\hackenza\fleurs_audio\pl_pl\1415.wav,styl gotycki osiągnął swoje optimum w okresie x-xi oraz w xiv wieku,8.04
1400,pl_pl,C:\Users\acer\OneDrive\Desktop\hackenza\fleurs_audio\pl_pl\1400.wav,kiedyś było to starożytne miasto smyrna a obecnie jest nowoczesnym rozwiniętym i tętniącym życiem centrum komercyjnym zbudowanym wokół ogromnej zatoki i otoczonym górami,11.52
715,pl_pl,C:\Users\acer\OneDrive\Desktop\hackenza\fleurs_audio\pl_pl\715.wav,upewnij się że agent który robi dla ciebie rezerwację zna dobrze galapagos i zna się na wielu różnych łodziach,11.64
351,pl_pl,C:\Users\acer\OneDrive\Desktop\hackenza\fleurs_audio\pl_pl\351.wav,rozwiązanie tego problemu nastręcza jednak wiele trudności i wiele lat minie nim uda się skonstruować użyteczny reaktor termojądrowy,12.48
465,pl_pl,C:\Users\acer\OneDrive\Desktop\hackenza\fleurs_audio\pl_pl\465.wav,turnieje bankiety i rycerze okrągłego stołu od dawna stanowią elementy wyobraźni inspirowane tradycyjnym motywem średniowiecznego zamku,12.72
92,pl_pl,C:\Users\acer\OneDrive\Desktop\hackenza\fleurs_audio\pl_pl\92.wav,lodin powiedział też że decydenci postanowili odwołać drugą turę w celu ochronienia afgańczyków przed kosztami i zagrożeniami łączącymi się z bezpieczeństwem kolejnych wyborów,15.96
1216,pl_pl,C:\Users\acer\OneDrive\Desktop\hackenza\fleurs_audio\pl_pl\1216.wav,plaże północnego nabrzeża w dystrykcie north harbour są nad oceanem spokojnym i ciągną się od long bay na północy aż do devonport na południu,16.5
251,pl_pl,C:\Users\acer\OneDrive\Desktop\hackenza\fleurs_audio\pl_pl\251.wav,większość gości hostelu pochodziła ze zjednoczonych emiratów arabskich,5.52
1024,pl_pl,C:\Users\acer\OneDrive\Desktop\hackenza\fleurs_audio\pl_pl\1024.wav,tokio będzie jedynym miastem w azji dwukrotnie goszczącym letnią olimpiadę za pierwszym razem było to w 1964 roku,14.82
709,pl_pl,C:\Users\acer\OneDrive\Desktop\hackenza\fleurs_audio\pl_pl\709.wav,na większości ścieżki położone są kamienne schody a na bardziej stromych odcinkach znajdują się poręcze ze stalowych lin,12.42
1366,pl_pl,C:\Users\acer\OneDrive\Desktop\hackenza\fleurs_audio\pl_pl\1366.wav,w innych miesiącach można też trafić na turnieje i rozgrywki organizowane na mniejszą skalę,6.6
1237,pl_pl,C:\Users\acer\OneDrive\Desktop\hackenza\fleurs_audio\pl_pl\1237.wav,adopcja polega na tym że rodzice biologiczni zrzekają się swoich praw rodzicielskich aby inna para mogła być rodzicami dziecka,8.52
288,pl_pl,C:\Users\acer\OneDrive\Desktop\hackenza\fleurs_audio\pl_pl\288.wav,david o'shannessy główny inspektor rspca organizacji przeciwdziałającej okrucieństwu wobec zwierząt powiedział stacji abc że nadzór i inspekcje rzeźni w australii powinny być standardowymi procedurami,20.88
898,pl_pl,C:\Users\acer\OneDrive\Desktop\hackenza\fleurs_audio\pl_pl\898.wav,niektóre buty są wyposażone w kolce a w śliskich warunkach dostępna jest nakładka z kolcami pasująca do większości butów do założenia na obcasy albo podeszwy,14.34
72,pl_pl,C:\Users\acer\OneDrive\Desktop\hackenza\fleurs_audio\pl_pl\72.wav,doskonale znani greccy prawnicy sakis kechagioglou i george nikolakopoulos trafili do ateńskiego więzienia korydallus po tym jak udowodniono im łapówkarstwo i korupcję,19.08
710,pl_pl,C:\Users\acer\OneDrive\Desktop\hackenza\fleurs_audio\pl_pl\710.wav,pomimo tego możesz się spodziewać zadyszki i uważaj na strome części zwłaszcza jeśli są mokre gdyż mogą stać się szybko niebezpieczne,9.42
109,pl_pl,C:\Users\acer\OneDrive\Desktop\hackenza\fleurs_audio\pl_pl\109.wav,kapsuła będzie przypominać spadającą gwiazdę która przecina niebo w swoim locie,6.36
1017,pl_pl,C:\Users\acer\OneDrive\Desktop\hackenza\fleurs_audio\pl_pl\1017.wav,zespół rockowy miał w planie tournée po stanach zjednoczonych i kanadzie do 16 września,7.2
653,pl_pl,C:\Users\acer\OneDrive\Desktop\hackenza\fleurs_audio\pl_pl\653.wav,choć usłyszysz to słowo z ust rdzennych mieszkańców grenlandii obcokrajowcy nie powinni go używać,6.6
684,pl_pl,C:\Users\acer\OneDrive\Desktop\hackenza\fleurs_audio\pl_pl\684.wav,z drugiej strony jest tak dokładnie dlatego że ilość wody jest tak duża iż oglądanie rzeczywistych wodospadów będzie utrudnione przez tę całą wodę,13.32
1125,pl_pl,C:\Users\acer\OneDrive\Desktop\hackenza\fleurs_audio\pl_pl\1125.wav,obszary te są słabo zaludnione i zanieczyszczenie świetlne występuje rzadko więc można także cieszyć się widokiem gwiazd,7.56
1149,pl_pl,C:\Users\acer\OneDrive\Desktop\hackenza\fleurs_audio\pl_pl\1149.wav,gdy 4 lipca deklaracja niepodległości została przyjęta przez kongres jej odręczna wersja podpisana przez johna hancocka przewodniczącego kongresu i sekretarza charlesa thomsona została posłana do zakładu drukarskiego johna dunlapa kilka ulic dalej,24.72
1340,pl_pl,C:\Users\acer\OneDrive\Desktop\hackenza\fleurs_audio\pl_pl\1340.wav,właśnie wtedy doszło do przeniesienia tytułu stolicy mody z konstantynopola do paryża,10.68
1379,pl_pl,C:\Users\acer\OneDrive\Desktop\hackenza\fleurs_audio\pl_pl\1379.wav,zgłoszono ponad 60 przypadków ipodów działających nieprawidłowo z powodu przegrzania które spowodowało sześć pożarów a cztery osoby zostały lekko poparzone,10.68
1365,pl_pl,C:\Users\acer\OneDrive\Desktop\hackenza\fleurs_audio\pl_pl\1365.wav,nie znali na przykład kukurydzy pomidorów ziemniaków ani kakaa i żaden starożytny rzymianin nigdy nie skosztował indyka,15.0
74,pl_pl,C:\Users\acer\OneDrive\Desktop\hackenza\fleurs_audio\pl_pl\74.wav,kilka tygodni temu po informacjach jakie ujawnił dziennikarz makis triantafylopoulos w swoim popularnym programie telewizyjnym zoungla w alpha tv parlamentarzysta i prawnik petros mantouvalos został usunięty ze stanowiska w związku z udziałem pracowników jego biura w nielegalnych procederach łapowniczych i korupcyjnych,28.38
1432,pl_pl,C:\Users\acer\OneDrive\Desktop\hackenza\fleurs_audio\pl_pl\1432.wav,tam znaleźli ciało 53-letniej saroji balasubramanian okryte zakrwawionymi kocami,9.12
970,pl_pl,C:\Users\acer\OneDrive\Desktop\hackenza\fleurs_audio\pl_pl\970.wav,część jego uroku stanowi brak widocznego rozwoju do wiosek można dotrzeć ścieżkami pociągami i łodziami ale nie mogą do nich dojechać samochody,11.28
458,pl_pl,C:\Users\acer\OneDrive\Desktop\hackenza\fleurs_audio\pl_pl\458.wav,innym minusem obiektywów zmiennoogniskowych jest fakt że maksymalna szerokość przysłony prędkość obiektywu jest przeważnie mniejsza,14.94
877,pl_pl,C:\Users\acer\OneDrive\Desktop\hackenza\fleurs_audio\pl_pl\877.wav,jeśli ktoś nie zna medycznego żargonu informujemy że zakaźny nie oznacza tego samego co zaraźliwy,7.98
461,pl_pl,C:\Users\acer\OneDrive\Desktop\hackenza\fleurs_audio\pl_pl\461.wav,zadowolenie ogółu klientów jest kluczowym kryterium przy produkcji większości telewizorów,9.06
1035,sv_se,C:\Users\acer\OneDrive\Desktop\hackenza\fleurs_audio\sv_se\1035.wav,kometer kan ha varit en källa till vattenresurserna på jorden tillsammans med organiskt material som kan bilda proteiner och uppehålla liv,12.78
772,sv_se,C:\Users\acer\OneDrive\Desktop\hackenza\fleurs_audio\sv_se\772.wav,keralas tempelfestivaler är väldigt intressanta att se med regelbundna processioner av dekorerade elefanter tempelorkestrar och andra festligheter,16.8
917,sv_se,C:\Users\acer\OneDrive\Desktop\hackenza\fleurs_audio\sv_se\917.wav,översättningsmotorerna har förbättrats avsevärt och ger numera ofta mer eller mindre korrekta översättningar och mer sällan nonsens men en viss försiktighet behövs eftersom de fortfarande kan ha förstått texten helt fel,12.6
404,sv_se,C:\Users\acer\OneDrive\Desktop\hackenza\fleurs_audio\sv_se\404.wav,i början av kriget färdades de för det mesta i övervattensläge men allt eftersom radarn utvecklades och blev mer exakt tvingades ubåtarna ned under ytan för att undvika att bli upptäckta,15.06
794,sv_se,C:\Users\acer\OneDrive\Desktop\hackenza\fleurs_audio\sv_se\794.wav,i vissa länder eller typer av butiker finns det minst en restaurang på plats ofta en ganska informell sådan med överkomliga priser,14.16
351,sv_se,C:\Users\acer\OneDrive\Desktop\hackenza\fleurs_audio\sv_se\351.wav,detta är dock ett mycket svårt problem att lösa och det kommer att ta många år innan vi ser färdiga användbara fusionsreaktorer,14.88
899,sv_se,C:\Users\acer\OneDrive\Desktop\hackenza\fleurs_audio\sv_se\899.wav,klackar bör vara både låga och breda. sand grus eller salt kalciumklorid används ofta för att förbättra väggreppet genom att sprida ut det på vägar eller stigar,17.82
1092,sv_se,C:\Users\acer\OneDrive\Desktop\hackenza\fleurs_audio\sv_se\1092.wav,den har en påfallande stor artrikedom på grund av omfattningen av mikroklimat olika jordmåner och varierande höjdskillnader,8.42
839,sv_se,C:\Users\acer\OneDrive\Desktop\hackenza\fleurs_audio\sv_se\839.wav,arkitektur överlappar avsevärt andra områden inklusive stadsplanering väg- och vattenbyggnad dekorativ konst inrednings- och landskapsdesign,11.7
571,sv_se,C:\Users\acer\OneDrive\Desktop\hackenza\fleurs_audio\sv_se\571.wav,när alla individer i en population är identiska med avseende på en viss fenotypisk egenskap kallas de monomorfa,12.3
747,sv_se,C:\Users\acer\OneDrive\Desktop\hackenza\fleurs_audio\sv_se\747.wav,följaktligen kan man på de finaste av sådana anläggningar förmodligen hitta de lyxigaste sängkläderna kanske ett handgjort täcke eller en antik säng,18.84
1193,sv_se,C:\Users\acer\OneDrive\Desktop\hackenza\fleurs_audio\sv_se\1193.wav,detsamma gäller för militären då rank inom armén nu grundades på kaliber istället för på klass,5.98
578,sv_se,C:\Users\acer\OneDrive\Desktop\hackenza\fleurs_audio\sv_se\578.wav,cellen är basenheten för allt levande och alla organismer består av en eller flera celler,6.24
1361,sv_se,C:\Users\acer\OneDrive\Desktop\hackenza\fleurs_audio\sv_se\1361.wav,det kan dras till tunn tråd som kan vridas och flätas det kan hamras eller rullas i ark,10.62
549,sv_se,C:\Users\acer\OneDrive\Desktop\hackenza\fleurs_audio\sv_se\549.wav,med ändringen från en kvarts till en halv engelsk mils löpning blir farten mycket mindre viktig och uthållighet blir en absolut nödvändighet,13.02
241,sv_se,C:\Users\acer\OneDrive\Desktop\hackenza\fleurs_audio\sv_se\241.wav,i går publicerade postkontoret sin ursäkt till invånare och media efter att ha upptäckt att pojken hade gömt fler än 600 försändelser inklusive 429 nyårskort som inte levererades till sina avsedda mottagare,17.34
1176,sv_se,C:\Users\acer\OneDrive\Desktop\hackenza\fleurs_audio\sv_se\1176.wav,subkulturer för samman likasinnade individer som känner sig förbisedda av samhället och låter dem hitta sin identitet,8.58
656,sv_se,C:\Users\acer\OneDrive\Desktop\hackenza\fleurs_audio\sv_se\656.wav,kallt väder är kanske den enda riktiga faran som den oförberedde möter,8.52
1413,sv_se,C:\Users\acer\OneDrive\Desktop\hackenza\fleurs_audio\sv_se\1413.wav,34 procent av deltagarna i undersökningen delar denna syn att drottning elisabeth ii ska bli australiens sista sista monark,12.9
1231,sv_se,C:\Users\acer\OneDrive\Desktop\hackenza\fleurs_audio\sv_se\1231.wav,den typ av fågelinfluensa som är dödlig för människor h5n1 har bekräftats ha smittat en död vild anka som hittades i måndags i en sumpmark nära lyon i östra frankrike,18.54
162,sv_se,C:\Users\acer\OneDrive\Desktop\hackenza\fleurs_audio\sv_se\162.wav,den amerikanska flottan sa också att de undersökte incidenten,7.5
791,sv_se,C:\Users\acer\OneDrive\Desktop\hackenza\fleurs_audio\sv_se\791.wav,de underhåller varandra med berättelser från sina hemstäder berättade på sina utpräglade dialekter och lokala slang,15.3
1046,sv_se,C:\Users\acer\OneDrive\Desktop\hackenza\fleurs_audio\sv_se\1046.wav,kostym är den normala affärsklädseln och kollegor tilltalar varandra med efternamn eller med jobbtitel,12.84
46,sv_se,C:\Users\acer\OneDrive\Desktop\hackenza\fleurs_audio\sv_se\46.wav,den 24 september 1759 signerade arthur guinness ett 9 000-årigt hyresavtal för st james' gate-bryggeriet i dublin irland,39.66
345,sv_se,C:\Users\acer\OneDrive\Desktop\hackenza\fleurs_audio\sv_se\345.wav,den globala organisationen rapporterar redan på engelska och japanska och nu lanseras även spanska italienska och koreanska program för tv webben och mobila enheter,11.1
18,sv_se,C:\Users\acer\OneDrive\Desktop\hackenza\fleurs_audio\sv_se\18.wav,den brittiska tidningen the guardian antydde att deutsche bank kontrollerade ungefär en tredjedel av de 1200 skalbolag som användes för att uppnå detta,13.92
542,sv_se,C:\Users\acer\OneDrive\Desktop\hackenza\fleurs_audio\sv_se\542.wav,starks mannar posterade sig längs staketet vid den norra sidan av kolonisternas position,11.34
453,sv_se,C:\Users\acer\OneDrive\Desktop\hackenza\fleurs_audio\sv_se\453.wav,interaktiv design kräver att du omprövar din bild av vad medieproduktion är och lär dig att tänka i nya banor,10.86
478,sv_se,C:\Users\acer\OneDrive\Desktop\hackenza\fleurs_audio\sv_se\478.wav,alexander som kung erbjöd sig att betala för att återuppbygga templet men hans erbjudande avslogs senare efter att alexander hade dött återuppbyggdes templet 323 f.kr,20.04
591,tr_tr,C:\Users\acer\OneDrive\Desktop\hackenza\fleurs_audio\tr_tr\591.wav,fakat bu gerçekleşse bile muhtemelen çok uzun süre beklememiz gerekecek yıldızlar birbirinden o kadar uzak ki komşu olarak adlandırılan yıldızlar arasında trilyonlarca kilometre vardır,12.0
954,tr_tr,C:\Users\acer\OneDrive\Desktop\hackenza\fleurs_audio\tr_tr\954.wav,emirates etihad hava yolları katar hava yolları ve türk hava yolları hizmetlerini afrika'da büyük ölçüde genişlettiler ve diğer avrupalı havayolu şirketlerine kıyasla daha rekabetçi fiyatlarla birçok önemli afrika şehrine bağlantılar sunuyorlar,24.36
446,tr_tr,C:\Users\acer\OneDrive\Desktop\hackenza\fleurs_audio\tr_tr\446.wav,petrol venezuelalılar için önemli bir sektör ve nüfusun yalnızca yüzde biri bu sektörde çalışmasına rağmen ülke kesinlikle bir petrol ihracatçısıdır,13.26
1293,tr_tr,C:\Users\acer\OneDrive\Desktop\hackenza\fleurs_audio\tr_tr\1293.wav,parislilerin sert dış görünüşleri bazı temel incelikleri gösterdiğinizde hızlıca yok olacaktır,12.0
106,tr_tr,C:\Users\acer\OneDrive\Desktop\hackenza\fleurs_audio\tr_tr\106.wav,"opec en son aylık raporunda ham petrol ihracatının günde 2,8 milyon varil ile yirmi yılın en düşük seviyesine düştüğünü söyledi",22.44
1297,tr_tr,C:\Users\acer\OneDrive\Desktop\hackenza\fleurs_audio\tr_tr\1297.wav,eğer kendinizi uykunuzda alarmı tekrar kurarken bulursanız saati odanın diğer tarafına yerleştirilebilirsiniz bu sizi alarmı kapatmak için yataktan kalkmanıza zorlar,13.68
58,tr_tr,C:\Users\acer\OneDrive\Desktop\hackenza\fleurs_audio\tr_tr\58.wav,ansa'ya göre polis gerçek anlamda bir savaşı ateşleyebileceğinden korktukları birbirini izleyen birkaç üst düzey suikastten endişe ediyor,14.4
1204,tr_tr,C:\Users\acer\OneDrive\Desktop\hackenza\fleurs_audio\tr_tr\1204.wav,babilliler her tanrılarına o tanrının evi sayılan bir birincil tapınak inşa etmişlerdi,8.76
1325,tr_tr,C:\Users\acer\OneDrive\Desktop\hackenza\fleurs_audio\tr_tr\1325.wav,bu sürece yeni türlerin oluşumu anlamına gelen türleşme diyoruz türleşme kaçınılmaz bir sonuç ve evrimin çok önemli bir parçasıdır,13.38
1347,tr_tr,C:\Users\acer\OneDrive\Desktop\hackenza\fleurs_audio\tr_tr\1347.wav,bu süreç bir anlamda bir el arabasını tepeye çıkarmak gibidir çekirdeği tekrar yarar ve sonra o enerjinin bir kısmını serbest bırakır,12.0
810,tr_tr,C:\Users\acer\OneDrive\Desktop\hackenza\fleurs_audio\tr_tr\810.wav,kanyon geçişi kuru ya da su ile dolu olabilen bir kanyonun derinliklerine gidilen bir aktivitedir,10.74
782,tr_tr,C:\Users\acer\OneDrive\Desktop\hackenza\fleurs_audio\tr_tr\782.wav,bir fotoğrafçı için en zorlu ortamlardan biri olan vahşi yaşam için iyi şans sabır deneyim ve iyi ekipman kombinasyonu gereklidir,10.32
422,tr_tr,C:\Users\acer\OneDrive\Desktop\hackenza\fleurs_audio\tr_tr\422.wav,bazı alman keşişleri tanrı'yı yerli halka daha da yakınlaştırmak istedi ve estonya edebi dilini icat ettiler,9.12
553,tr_tr,C:\Users\acer\OneDrive\Desktop\hackenza\fleurs_audio\tr_tr\553.wav,sağlıklı bir enerji dengesinin sağlanması etkili su alımı alışkanlıklarının uygulanması ve ek besin alımının çeşitli yönlerinin anlaşılması sporcuların performanslarını artırmasına ve spordan aldıkları hazzın artmasına yardımcı olabilir,22.32
1227,tr_tr,C:\Users\acer\OneDrive\Desktop\hackenza\fleurs_audio\tr_tr\1227.wav,ayrıca ring rakip güvenlik şirketi adt corporation ile aralarındaki davayı anlaşma yoluyla çözüme ulaştırmıştır,9.66
378,tr_tr,C:\Users\acer\OneDrive\Desktop\hackenza\fleurs_audio\tr_tr\378.wav,güneşe baktığımızda gördüğümüz dış kısma fotosfer denir ışık topu anlamına gelir,9.12
1219,tr_tr,C:\Users\acer\OneDrive\Desktop\hackenza\fleurs_audio\tr_tr\1219.wav,çoğu insanı şaşırtan bir nüfus kıyaslaması için abd'deki afrikalı amerikalıların sayısı kanada vatandaşlarının sayısından fazladır,13.2
265,tr_tr,C:\Users\acer\OneDrive\Desktop\hackenza\fleurs_audio\tr_tr\265.wav,i̇stasyon daha önce bir jiroskopun uzay istasyonu görevinde kaybolmasına rağmen uzay yürüyüşünün sonuna kadar durumunu sürdürdü,11.22
738,tr_tr,C:\Users\acer\OneDrive\Desktop\hackenza\fleurs_audio\tr_tr\738.wav,park hizmeti minae beklenen varıştan bir aydan daha önceye park izni vermez,9.48
852,tr_tr,C:\Users\acer\OneDrive\Desktop\hackenza\fleurs_audio\tr_tr\852.wav,hangi genellikle geleneksel rosto tarzı bir akşam yemeği pişirmek için kullanılır,6.54
633,tr_tr,C:\Users\acer\OneDrive\Desktop\hackenza\fleurs_audio\tr_tr\633.wav,örneğin birinin bir arabanın camını kırdığını görseniz muhtemelen o kişinin bir yabancının arabasını çalmaya çalıştığını varsayarsınız,7.8
74,tr_tr,C:\Users\acer\OneDrive\Desktop\hackenza\fleurs_audio\tr_tr\74.wav,"parlamento üyesi ve avukat petros mantouvalos bilginin makis triantafylopoulos tarafından alpha tv'deki popüler televizyon programı zoungla""da yayınlanmasının ardından ofisinin üyeleri yasadışı rüşvet ve yolsuzluğa karıştığı için birkaç hafta önce görevinden alındı",28.92
1357,tr_tr,C:\Users\acer\OneDrive\Desktop\hackenza\fleurs_audio\tr_tr\1357.wav,premodern gözlemevlerinin bugün genellikle modası geçmiştir ve müzeler veya eğitim alanları olarak kalmaya devam eder,9.06
1122,tr_tr,C:\Users\acer\OneDrive\Desktop\hackenza\fleurs_audio\tr_tr\1122.wav,i̇şçiler aldıkları herhangi bir karar için sıklıkla üstlerinin onayını almalıdır ve üstlerinin emirlerine tartışmaksızın riayet etmeleri beklenir,11.94
62,tr_tr,C:\Users\acer\OneDrive\Desktop\hackenza\fleurs_audio\tr_tr\62.wav,2 saatlik konuşmasında bugün apple telefonu yeniden icat edecek bugün tarih yazacağız dedi,8.28
649,tr_tr,C:\Users\acer\OneDrive\Desktop\hackenza\fleurs_audio\tr_tr\649.wav,asla bir aracın bakımını yapmayacağız arka bahçemize bir çeşme inşa etmeyeceğiz antik harabeleri incelemek için peru'ya seyahat etmeyeceğiz ya da komşumuzun evinde değişiklik yapmayacağız,18.48
987,tr_tr,C:\Users\acer\OneDrive\Desktop\hackenza\fleurs_audio\tr_tr\987.wav,birdenbire aşağı yukarı düz bir plato seviyesine yükselen dik fiyortlar ve vadiler norveç'te sık görülen oluşumlardır,10.8
1252,tr_tr,C:\Users\acer\OneDrive\Desktop\hackenza\fleurs_audio\tr_tr\1252.wav,kovuşturmalardan tam sorumlu kraliyet ofisi gazetecilere en azından iddianame hazırlanana kadar başka bir yorum yapılmayacağını açıkladı,11.64
1416,tr_tr,C:\Users\acer\OneDrive\Desktop\hackenza\fleurs_audio\tr_tr\1416.wav,mutasyonlar mutasyon türüne etkilenen genetik materyal parçasının önemine ve etkilenen hücrelerin germ hattı hücreleri olup olmamasına göre bir çok farklı etkiye sahip olabilir,15.12
1138,tr_tr,C:\Users\acer\OneDrive\Desktop\hackenza\fleurs_audio\tr_tr\1138.wav,öncesinde çin haber ajansı xinhua bir uçağın kaçırıldığını haber verdi,6.42
1476,tr_tr,C:\Users\acer\OneDrive\Desktop\hackenza\fleurs_audio\tr_tr\1476.wav,bu norveç i̇sveç ve yeni zelanda ile eşleşir. ancak bunun dışında oldukça benzersizdir. örneğin hollanda'da rakam bire kırktır,9.24
301,vi_vn,C:\Users\acer\OneDrive\Desktop\hackenza\fleurs_audio\vi_vn\301.wav,theo sau quá trình tố tụng này hjr-3 sẽ được xem xét lại bởi cơ quan lập pháp được bầu cử tiếp theo trong năm 2015 hoặc 2016 để tiếp tục quá trình xử lý,14.4
411,vi_vn,C:\Users\acer\OneDrive\Desktop\hackenza\fleurs_audio\vi_vn\411.wav,phát minh bánh xe nan hoa làm cho những cỗ xe ngựa chiến của người assyria nhẹ hơn nhanh hơn và sẵn sàng hơn để đánh bại các binh lính và cỗ xe khác,13.26
314,vi_vn,C:\Users\acer\OneDrive\Desktop\hackenza\fleurs_audio\vi_vn\314.wav,karno là một thầy giáo dạy tiếng anh nổi tiếng nhưng gây ra nhiều tranh cãi là người đã giảng dạy tại trường modern education và king's glory và tuyên bố từng có 9.000 học viên vào lúc đỉnh cao sự nghiệp,17.7
948,vi_vn,C:\Users\acer\OneDrive\Desktop\hackenza\fleurs_audio\vi_vn\948.wav,hồ onega cũng được kết nối với volga vì vậy vẫn có thể đi từ biển caspi qua nga,9.3
383,vi_vn,C:\Users\acer\OneDrive\Desktop\hackenza\fleurs_audio\vi_vn\383.wav,tuy nhiên năm 991 ethelred phải đối mặt với một hạm đội viking lớn nhất kể từ thời đại guthrum ở thế kỷ trước,11.16
464,vi_vn,C:\Users\acer\OneDrive\Desktop\hackenza\fleurs_audio\vi_vn\464.wav,thật không may khi bạn làm một đĩa dvd phần biên của nó có lẽ cũng sẽ bị cắt đi và nếu video có phụ đề quá gần với phần phía dưới chúng sẽ không hiển thị hết,14.04
718,vi_vn,C:\Users\acer\OneDrive\Desktop\hackenza\fleurs_audio\vi_vn\718.wav,mapuche cũng là một trong những tộc thổ dân được độc lập sau cùng ở châu mỹ không bị ảnh hưởng hoàn toàn bởi quy tắc nói tiếng tây ban nha cho đến khi chile giành được độc lập,12.96
1206,vi_vn,C:\Users\acer\OneDrive\Desktop\hackenza\fleurs_audio\vi_vn\1206.wav,theo vụ kiện cáo rác thải từ trại của liên hợp quốc không được xử lý phù hợp khiến vi khuẩn chảy vào nhánh sông artibonite một trong những con sông lớn nhất haiti,12.48
1156,vi_vn,C:\Users\acer\OneDrive\Desktop\hackenza\fleurs_audio\vi_vn\1156.wav,dấu cung lên trông giống chữ v và dấu cung xuống giống như một cái ghim hoặc hình vuông thiếu mất cạnh dưới,11.4
224,vi_vn,C:\Users\acer\OneDrive\Desktop\hackenza\fleurs_audio\vi_vn\224.wav,blake cũng đã bị kết án vì cố gắng làm sai lệch tiến trình của vụ án công lý,7.32
965,vi_vn,C:\Users\acer\OneDrive\Desktop\hackenza\fleurs_audio\vi_vn\965.wav,quận canal tiếng hà lan: grachtengordel là một quận nổi tiếng ở thế kỷ 17 bao quanh binnenstad của am-xtéc-đam,9.24
1360,vi_vn,C:\Users\acer\OneDrive\Desktop\hackenza\fleurs_audio\vi_vn\1360.wav,gần như không thể đổi đồng tiền falkland ngoài phạm vi quần đảo này vì thế hãy đổi tiền trước khi rời đi,8.82
312,vi_vn,C:\Users\acer\OneDrive\Desktop\hackenza\fleurs_audio\vi_vn\312.wav,một năm trước cặp vợ chồng này đã kết hôn tại tiểu bang texas rồi chuyển đến thành phố buffalo để tổ chức ăn mừng cùng với bạn bè và người thân,11.64
1485,vi_vn,C:\Users\acer\OneDrive\Desktop\hackenza\fleurs_audio\vi_vn\1485.wav,dù đã rời chương trình năm 1993 anh ấy vẫn giữ danh hiệu giám đốc sản xuất và tiếp tục nhận hàng chục triệu đô la tiền bản quyền cho mỗi mùa,11.76
1218,vi_vn,C:\Users\acer\OneDrive\Desktop\hackenza\fleurs_audio\vi_vn\1218.wav,hệ thống chăm sóc nuôi dưỡng của chúng ta cần phải cung cấp mái nhà an toàn người chăm sóc tận tình môi trường giáo dục ổn định và chăm sóc y tế đáng tin cậy,9.72
814,vi_vn,C:\Users\acer\OneDrive\Desktop\hackenza\fleurs_audio\vi_vn\814.wav,đối với một ngày đi bộ men theo con đường dễ đi cần rất ít sự chuẩn bị và bất kỳ người nào sức khỏe vừa phải cũng có thể tham gia,12.24
817,vi_vn,C:\Users\acer\OneDrive\Desktop\hackenza\fleurs_audio\vi_vn\817.wav,giải chạy go running tours trước đây là global running tours đã thu hút được hàng chục nhà tổ chức chạy việt dã ở bốn lục địa,11.76
928,vi_vn,C:\Users\acer\OneDrive\Desktop\hackenza\fleurs_audio\vi_vn\928.wav,bạn không nên cho máy bay không người lái bay gần sân bay hoặc trên đầu một đám đông ngay cả khi đó là hành vi không phạm pháp tại địa phương của bạn,12.0
542,vi_vn,C:\Users\acer\OneDrive\Desktop\hackenza\fleurs_audio\vi_vn\542.wav,bên stark vào vị trí phòng thủ dọc theo hàng rào về phía bắc vị trí của bên thực dân,8.04
329,vi_vn,C:\Users\acer\OneDrive\Desktop\hackenza\fleurs_audio\vi_vn\329.wav,ông gia nhập vào năm 1945 và hoạt động đến năm 1958,4.32
76,vi_vn,C:\Users\acer\OneDrive\Desktop\hackenza\fleurs_audio\vi_vn\76.wav,roberts thẳng thắn từ chối nói về thời điểm anh ấy tin cuộc sống bắt đầu một câu hỏi quan trọng khi xem xét tính đạo đức của việc phá thai và cho rằng bình luận về những chi tiết của các trường hợp như thế là vô đạo đức,14.76
415,vi_vn,C:\Users\acer\OneDrive\Desktop\hackenza\fleurs_audio\vi_vn\415.wav,sophocles và aristophanes vẫn là những kịch tác gia nổi tiếng và các vở kịch của họ được xem là thuộc hàng những tác phẩm văn học vĩ đại nhất của thế giới,13.74
486,vi_vn,C:\Users\acer\OneDrive\Desktop\hackenza\fleurs_audio\vi_vn\486.wav,đạo sikh là một tôn giáo xuất phát từ tiểu lục địa ấn độ nó bắt nguồn ở vùng punjab trong thế kỷ 15 từ một sự phân chia giáo phái bên trong ấn độ giáo truyền thống,17.1
219,vi_vn,C:\Users\acer\OneDrive\Desktop\hackenza\fleurs_audio\vi_vn\219.wav,không phải tất cả mọi người đều ủng hộ việc xếp thứ hạng với phụ nữ,5.16
492,vi_vn,C:\Users\acer\OneDrive\Desktop\hackenza\fleurs_audio\vi_vn\492.wav,nền văn minh lưu vực sông ấn là một nền văn minh thời đồ đồng ở khu vực phía tây bắc tiểu lục địa ấn độ bao gồm phần lớn nước pakistan ngày nay một số vùng thuộc miền tây bắc ấn độ và đông bắc afghanistan,19.56
925,vi_vn,C:\Users\acer\OneDrive\Desktop\hackenza\fleurs_audio\vi_vn\925.wav,những quy định liên quan đến nhiếp ảnh thông thường cũng được áp dụng trong quay video thậm chí còn nhiều hơn,9.3
1012,vi_vn,C:\Users\acer\OneDrive\Desktop\hackenza\fleurs_audio\vi_vn\1012.wav,ảnh chụp hồng ngoại cho biết sự biến thiên nhiệt độ giữa ngày và đêm cho thấy khả năng đó có thể là hang động,10.02
1427,vi_vn,C:\Users\acer\OneDrive\Desktop\hackenza\fleurs_audio\vi_vn\1427.wav,ngộ độc bên trong có thể không có biểu hiện rõ ràng ngay lập tức các triệu chứng như nôn thường không đủ để làm căn cứ chẩn đoán tức thì,11.46
1087,vi_vn,C:\Users\acer\OneDrive\Desktop\hackenza\fleurs_audio\vi_vn\1087.wav,hổ cùng nhóm chi báo với sư tử báo và báo đốm. bốn họ mèo này là những họ duy nhất có thể gầm rống,12.0
1019,vi_vn,C:\Users\acer\OneDrive\Desktop\hackenza\fleurs_audio\vi_vn\1019.wav,ở cấp thấp hơn là những loài cỡ vừa thuộc họ mèo bắt mồi cỡ vừa từ thỏ đến linh dương và hươu nai,7.86
127,vi_vn,C:\Users\acer\OneDrive\Desktop\hackenza\fleurs_audio\vi_vn\127.wav,al gore và tướng tommy franks đột nhiên đọc một mạch các tiêu đề yêu thích tiêu đề của gore là khi the onion đưa tin ông và tipper đang có đời sống tình dục tuyệt vời nhất của cuộc đời sau khi thua cuộc trong cuộc bầu cử của cử tri đoàn 2000,18.72
410,vi_vn,C:\Users\acer\OneDrive\Desktop\hackenza\fleurs_audio\vi_vn\410.wav,hầu hết những đồ vật chôn theo nhà vua tutankhamun đều giữ được nguyên trạng gồm cả hàng ngàn vật dụng làm từ kim loại quý và đá hiếm,10.2
309,vi_vn,C:\Users\acer\OneDrive\Desktop\hackenza\fleurs_audio\vi_vn\309.wav,không chỉ là cựu vô địch olympic và thế giới saito còn là chủ tịch ủy ban huấn luyện của liên đoàn judo toàn nhật bản vào lúc ông qua đời,12.18
351,vi_vn,C:\Users\acer\OneDrive\Desktop\hackenza\fleurs_audio\vi_vn\351.wav,tuy vậy đây là một vấn đề rất khó giải quyết và sẽ mất nhiều năm nữa chúng ta mới được chứng kiến các nhà máy điện nhiệt hạch hữu dụng được xây dựng,8.82
1185,id_id,C:\Users\acer\OneDrive\Desktop\hackenza\fleurs_audio\id_id\1185.wav,anda juga bisa mempunyai logam paduan yang mengandung sejumlah kecil elemen non-logam seperti karbon,9.42
552,id_id,C:\Users\acer\OneDrive\Desktop\hackenza\fleurs_audio\id_id\552.wav,praktik nutrisi yang tepat saja tidak dapat menghasilkan performa yang elite tetapi secara signifikan dapat memengaruhi kesehatan atlet muda secara keseluruhan,12.66
89,id_id,C:\Users\acer\OneDrive\Desktop\hackenza\fleurs_audio\id_id\89.wav,pihak berwajib tidak banyak memberi pernyataan resmi selain mengonfirmasi penahanan hari ini,9.18
1174,id_id,C:\Users\acer\OneDrive\Desktop\hackenza\fleurs_audio\id_id\1174.wav,para negosiator berupaya mengatasi situasi ini sayangnya tuntutan dari para napi tidak jelas,8.82
213,id_id,C:\Users\acer\OneDrive\Desktop\hackenza\fleurs_audio\id_id\213.wav,tidak ada orang di dalam apartemen,3.48
1038,id_id,C:\Users\acer\OneDrive\Desktop\hackenza\fleurs_audio\id_id\1038.wav,sanggurdi adalah penopang untuk kaki pengemudi yang menggantung di sisi mana sadel mana saja,7.92
91,id_id,C:\Users\acer\OneDrive\Desktop\hackenza\fleurs_audio\id_id\91.wav,hingga kini belum jelas tuduhan yang diajukan atau penyebab pihak berwenang menangkap remaja tersebut namun proses hukumnya sudah dimulai di pengadilan federal,14.76
670,id_id,C:\Users\acer\OneDrive\Desktop\hackenza\fleurs_audio\id_id\670.wav,mendirikan kemah di bawah tepian grand canyon wajib memperoleh izin dari pihak pengelola wilayah yang berwenang,9.9
33,id_id,C:\Users\acer\OneDrive\Desktop\hackenza\fleurs_audio\id_id\33.wav,saat mobil di depan alonso mengisi bahan bakar ia bergerak maju dan menang,7.08
241,id_id,C:\Users\acer\OneDrive\Desktop\hackenza\fleurs_audio\id_id\241.wav,kemarin kantor pos merilis permintaan maaf mereka kepada warga dan media setelah mendapati bocah tersebut menyembunyikan lebih dari 600 dokumen pos termasuk 429 kartu pos tahun baru yang tidak dikirimkan ke penerima yang dituju,18.3
65,id_id,C:\Users\acer\OneDrive\Desktop\hackenza\fleurs_audio\id_id\65.wav,rancangan undang-undang yang asli disusun oleh mantan walikota sã£o paulo marta suplicy. pengesahan yang diajukan setelah mengalami pengubahan kini berada di tangan roberto jefferson,17.16
262,id_id,C:\Users\acer\OneDrive\Desktop\hackenza\fleurs_audio\id_id\262.wav,nigeria sebelumnya telah mengumumkan rencana untuk bergabung dengan afcfta seminggu sebelum puncaknya,8.22
1314,id_id,C:\Users\acer\OneDrive\Desktop\hackenza\fleurs_audio\id_id\1314.wav,selama tetap berada di zona ini anda umumnya bisa melintasi perbatasan tanpa melalui pos pemeriksaan paspor lagi,9.96
1497,id_id,C:\Users\acer\OneDrive\Desktop\hackenza\fleurs_audio\id_id\1497.wav,pound inggris umumnya diterima di mana pun di seluruh pulau di kota stanley kartu kredit dan dolar amerika serikat juga biasanya diterima,10.92
898,id_id,C:\Users\acer\OneDrive\Desktop\hackenza\fleurs_audio\id_id\898.wav,sebagian sepatu bot memiliki paku di tapaknya dan juga ada perangkat tambahan berpaku tapak untuk mengatasi kondisi licin cocok untuk sebagian besar sepatu dan sepatu bot untuk di tumit atau tumit dan sol,20.04
402,id_id,C:\Users\acer\OneDrive\Desktop\hackenza\fleurs_audio\id_id\402.wav,kapal selam adalah kapal yang dirancang untuk melakukan perjalanan di dalam laut dan tetap berada di situ untuk waktu yang lama,9.3
1217,id_id,C:\Users\acer\OneDrive\Desktop\hackenza\fleurs_audio\id_id\1217.wav,kandidat dapat mengirim perwakilan untuk menyaksikan setiap bagian dari proses tersebut saat petang suara dihitung oleh relawan di bawah pengawasan ketat dengan mengikuti prosedur khusus,16.86
255,id_id,C:\Users\acer\OneDrive\Desktop\hackenza\fleurs_audio\id_id\255.wav,dia menerima penghargaan tertinggi pahlawan uni soviet atas karyanya,8.64
78,id_id,C:\Users\acer\OneDrive\Desktop\hackenza\fleurs_audio\id_id\78.wav,ia juga mengonfirmasi bahwa ia mempercayai pemberlakuan hak privasi yang menjadi dasar keputusan roe,11.82
1426,id_id,C:\Users\acer\OneDrive\Desktop\hackenza\fleurs_audio\id_id\1426.wav,peternakan rusa merupakan sumber penghidupan penting bagi orang sã¡mi kebudayaan terkait perdagangannya juga penting buat banyak orang dan banyak profesi,13.44
343,id_id,C:\Users\acer\OneDrive\Desktop\hackenza\fleurs_audio\id_id\343.wav,kami mengalami krisis keuangan selama satu tahun yang mengalami momen paling akut dalam dua bulan terakhir dan saya pikir sekarang pasar keuangan mulai pulih,16.08
422,id_id,C:\Users\acer\OneDrive\Desktop\hackenza\fleurs_audio\id_id\422.wav,beberapa rahib jerman ingin mendekatkan tuhan kepada penduduk asli jadi mereka menciptakan bahasa harfiah estonia,13.2
1347,id_id,C:\Users\acer\OneDrive\Desktop\hackenza\fleurs_audio\id_id\1347.wav,seperti mendorong gerobak berat ke atas bukit membelah nukleus lagi kemudian melepaskan sebagian energi itu,8.4
13,id_id,C:\Users\acer\OneDrive\Desktop\hackenza\fleurs_audio\id_id\13.wav,baru-baru ini dia kalah melawan raonic di brisbane terbuka,4.98
726,id_id,C:\Users\acer\OneDrive\Desktop\hackenza\fleurs_audio\id_id\726.wav,sekarang ini berfungsi sebagai plasa utama dan selalu sibuk siang dan malam,8.76
1411,id_id,C:\Users\acer\OneDrive\Desktop\hackenza\fleurs_audio\id_id\1411.wav,sebagian besar wihara menyediakan kain untuk perempuan yang tidak membawanya tetapi apabila anda membawa kain sendiri khususnya yang berwarna cerah anda akan mendapat senyuman dari biarawan atau biarawati di pintu masuk,16.02
323,id_id,C:\Users\acer\OneDrive\Desktop\hackenza\fleurs_audio\id_id\323.wav,pdb tiongkok dapat melebihi amerika serikat dalam dua dekade,6.42
1234,id_id,C:\Users\acer\OneDrive\Desktop\hackenza\fleurs_audio\id_id\1234.wav,liggins mengikuti jejak ayahnya dan memasuki karier di bidang medis,5.34
643,id_id,C:\Users\acer\OneDrive\Desktop\hackenza\fleurs_audio\id_id\643.wav,penggunaan internet dan world wide web memungkinkan orang yang ingin belajar memperoleh akses informasi sepanjang waktu,10.8
447,id_id,C:\Users\acer\OneDrive\Desktop\hackenza\fleurs_audio\id_id\447.wav,di awal-awal kemerdekaan ahli kebun raya singapura membantu transformasi pulau tersebut menjadi kota kebun tropis,10.8
945,id_id,C:\Users\acer\OneDrive\Desktop\hackenza\fleurs_audio\id_id\945.wav,hal tersebut juga bisa menjadi cara yang baik dalam menjaga bujet supaya bisa tinggal lebih lama di suatu tempat sebab ada banyak pekerjaan sukarela yang menawarkan kamar dan penginapan beberapa di antaranya menawarkan gaji walau jumlahnya sedikit,19.68
236,id_id,C:\Users\acer\OneDrive\Desktop\hackenza\fleurs_audio\id_id\236.wav,ketika ditanya apa yang dikatakan ayahnya ia menjawab ia tidak bisa mengatakan apa-apa ia hanya berdiri di sana berkedip,13.38
1061,id_id,C:\Users\acer\OneDrive\Desktop\hackenza\fleurs_audio\id_id\1061.wav,sebuah studi yang diterbitkan dalam jurnal ilmiah pada haris kamis melaporkan formasi spesies burung baru di kepulauan galã¡pagos ekuador,12.24
996,id_id,C:\Users\acer\OneDrive\Desktop\hackenza\fleurs_audio\id_id\996.wav,maskapai-maskapai yang menawarkan tersebut termasuk air canada delta air lines lufthansa untuk penerbangan yang berasal dari as atau kanada dan westjet,13.32
589,id_id,C:\Users\acer\OneDrive\Desktop\hackenza\fleurs_audio\id_id\589.wav,mudah-mudahan kebanyakan orang akan menyadari bahwa pilihan terbaik jangka panjang mereka adalah bekerja sama dengan orang lain,12.12
269,uk_ua,C:\Users\acer\OneDrive\Desktop\hackenza\fleurs_audio\uk_ua\269.wav,це перший випадок коли було висунуто обвинувачення відповідно до закону прийнятого у 2003 році з метою обмеження розсилки електронних листів користувачам тобто спама від небажаних відправників,15.06
275,uk_ua,C:\Users\acer\OneDrive\Desktop\hackenza\fleurs_audio\uk_ua\275.wav,леслі аун спікер фонду комен повідомила що організація розробила нове правило що не дозволяє надавати гранти або фінансування організаціям щодо яких ведеться розслідування,12.78
1501,uk_ua,C:\Users\acer\OneDrive\Desktop\hackenza\fleurs_audio\uk_ua\1501.wav,у міністерстві відповіли назвавши зволікання apple зі звітом великою прикрістю,10.2
342,uk_ua,C:\Users\acer\OneDrive\Desktop\hackenza\fleurs_audio\uk_ua\342.wav,що стосується ситуації з фінансами у світі сапатеро продовжив сказавши що фінансова система це частина економіки найважливіша її частина,17.1
327,uk_ua,C:\Users\acer\OneDrive\Desktop\hackenza\fleurs_audio\uk_ua\327.wav,оскільки ураган знаходиться далеко від суші все ще складно оцінити його потенційний вплив на сполучені штати америки або карибський басейн,10.08
239,uk_ua,C:\Users\acer\OneDrive\Desktop\hackenza\fleurs_audio\uk_ua\239.wav,наскільки ми знаємо є лише одне планетарне тіло яке проявляє більше динамізму ніж титан і його назва земля - додав стофан,13.8
265,uk_ua,C:\Users\acer\OneDrive\Desktop\hackenza\fleurs_audio\uk_ua\265.wav,станція зберегла своє положення незважаючи на втрату гіроскопа на ранньому етапі польоту космічної станції до кінця виходу у відкритий космос,11.1
415,uk_ua,C:\Users\acer\OneDrive\Desktop\hackenza\fleurs_audio\uk_ua\415.wav,драматурги софокл та аристофан досі популярні і їхні п'єси серед найвеличніших творів світової літератури,9.06
821,uk_ua,C:\Users\acer\OneDrive\Desktop\hackenza\fleurs_audio\uk_ua\821.wav,про це необхідно завжди пам'ятати щоб уникнути розчарування чи можливо навіть огиди до місцевих способів робити деякі речі,8.76
521,uk_ua,C:\Users\acer\OneDrive\Desktop\hackenza\fleurs_audio\uk_ua\521.wav,деякі люди вважають що переживання багатьох штучно викликаних усвідомлених сновидінь занадто часто може бути дуже виснажливим,10.8
1239,uk_ua,C:\Users\acer\OneDrive\Desktop\hackenza\fleurs_audio\uk_ua\1239.wav,кожен хто планує відвідати країну що може розцінюватися як зона ведення військових дій має пройти професійну підготовку,10.14
331,uk_ua,C:\Users\acer\OneDrive\Desktop\hackenza\fleurs_audio\uk_ua\331.wav,ніхто ніколи не виходив більше разів чи забивав більше голів за клуб ніж бобек,7.08
450,uk_ua,C:\Users\acer\OneDrive\Desktop\hackenza\fleurs_audio\uk_ua\450.wav,а тоді повертаються на північ через захід знову переходячи річку мара після дощів що випадають приблизно у квітні,10.68
461,uk_ua,C:\Users\acer\OneDrive\Desktop\hackenza\fleurs_audio\uk_ua\461.wav,більшість телевізорів зроблені таким чином щоб подобатися широкій публіці,8.52
270,uk_ua,C:\Users\acer\OneDrive\Desktop\hackenza\fleurs_audio\uk_ua\270.wav,21-річний жезус прийшов у манчестер сіті з бразильського клубу палмейрас у січні минулого 2017 року за гонорар як кажуть у 27 мільйонів фунтів,17.22
515,uk_ua,C:\Users\acer\OneDrive\Desktop\hackenza\fleurs_audio\uk_ua\515.wav,підхід до отримання інформації був інакшим не було вже наголосу на особистому пригадуванні натомість у фокус більше увійшла здатність пригадувати текст,12.6
949,uk_ua,C:\Users\acer\OneDrive\Desktop\hackenza\fleurs_audio\uk_ua\949.wav,будьте певні що як тільки ви дістанетесь марини все буде достатньо очевидним ви зустрінете інших човнових попутників і вони поділяться з вами своєю інформацією,13.62
104,uk_ua,C:\Users\acer\OneDrive\Desktop\hackenza\fleurs_audio\uk_ua\104.wav,у коментарях у прямому ефірі на тб високопоставлені іранські урядовці вперше визнали що санкції мають вплив,10.5
690,uk_ua,C:\Users\acer\OneDrive\Desktop\hackenza\fleurs_audio\uk_ua\690.wav,краом в 12 км на північний захід від сіємреапа цей храм на вершині пагорба був побудований в кінці 9 століття під час правління короля ясовармана,17.52
758,uk_ua,C:\Users\acer\OneDrive\Desktop\hackenza\fleurs_audio\uk_ua\758.wav,незважаючи на те що вони зазвичай перебувають у приватній власності інколи там зупиняються з візитом глави держав та інші поважні особи,12.42
921,uk_ua,C:\Users\acer\OneDrive\Desktop\hackenza\fleurs_audio\uk_ua\921.wav,якщо у вас немає підключення для передачі даних для вашого телефону або коли він знаходиться поза зоною дії мережі їх продуктивність може бути обмежена або недоступна,14.46
1392,uk_ua,C:\Users\acer\OneDrive\Desktop\hackenza\fleurs_audio\uk_ua\1392.wav,у франції голосування традиційно не передбачає використання високих технологій виборці заходять по одному до кабінки та кладуть у конверт заздалегідь надрукований аркуш паперу на якому зазначений їхній кандидат,14.76
58,uk_ua,C:\Users\acer\OneDrive\Desktop\hackenza\fleurs_audio\uk_ua\58.wav,за повідомленням анса поліція була занепокоєна кількома ударами по високопоставленим особам які як вони боялись могли перерости у повноцінну війну за спадкування,13.56
990,uk_ua,C:\Users\acer\OneDrive\Desktop\hackenza\fleurs_audio\uk_ua\990.wav,льодовики не стоять на місці а сповзають з гори цей рух спричиняє розломи та льодовикові тріщини які можна не помітити через снігові мости,13.44
127,uk_ua,C:\Users\acer\OneDrive\Desktop\hackenza\fleurs_audio\uk_ua\127.wav,ел гор і генерал томмі френкс мимохідь випалюють свої улюблені заголовки улюбленим заголовком гора був той коли зе оніон повідомив що ел і тіппер займалися кращим у своєму житті сексом після його поразки в колегії виборців у 2000 році,19.44
495,uk_ua,C:\Users\acer\OneDrive\Desktop\hackenza\fleurs_audio\uk_ua\495.wav,мілітаризм римської імперії сприяв успіхам у розвитку медицини,5.64
481,uk_ua,C:\Users\acer\OneDrive\Desktop\hackenza\fleurs_audio\uk_ua\481.wav,на акордеоні щоб досягти більшого об'єму треба використовувати міхи з більшим натиском чи швидкістю,8.76
307,uk_ua,C:\Users\acer\OneDrive\Desktop\hackenza\fleurs_audio\uk_ua\307.wav,причиною смерті назвали рак внутрішньопечінкових жовчних проток,6.0
72,uk_ua,C:\Users\acer\OneDrive\Desktop\hackenza\fleurs_audio\uk_ua\72.wav,відомі грецькі юристи сакіс кечагіоглу та георг ніколакопоулос були ув'язнені в афінській в'язниці коридаллус коли їх було визнано винними у хабарництві та корупції,15.24
772,uk_ua,C:\Users\acer\OneDrive\Desktop\hackenza\fleurs_audio\uk_ua\772.wav,храмові фестивалі в кералі дуже цікаво побачити там постійно ідуть процесії прикрашених слонів грає храмовий оркестр та є багато інших заходів,10.98
185,uk_ua,C:\Users\acer\OneDrive\Desktop\hackenza\fleurs_audio\uk_ua\185.wav,раніше того ж дня ярке практикувався під час передсезонного тренування в коверчано в італії він зупинився в готелі команди перед матчем проти болоньї що мав відбутися в неділю,17.64
1400,uk_ua,C:\Users\acer\OneDrive\Desktop\hackenza\fleurs_audio\uk_ua\1400.wav,давнє місто смірна тепер є сучасним розвиненим діловим комерційним центром розташованим навкруги величезної затоки та оточеним горами,12.48
689,th_th,C:\Users\acer\OneDrive\Desktop\hackenza\fleurs_audio\th_th\689.wav,จะเป็นการดีที่สุดสำหรับนักท่องเที่ยวที่มีเวลาจำกัดที่จะไปใช้เวลาที่อื่น,6.66
1088,th_th,C:\Users\acer\OneDrive\Desktop\hackenza\fleurs_audio\th_th\1088.wav,มันจะคงอยู่ไปอีก 40 ปีข้างหน้า และจะมีการต่อสู้อย่างแท้จริงโดยกองทัพตัวแทน ในสมรภูมิต่าง ๆ ตั้งแต่แอฟริกาไปจนถึงเอเชีย ในอัฟกานิสถาน คิวบา และที่อื่น ๆ อีกมากมาย,14.88
253,th_th,C:\Users\acer\OneDrive\Desktop\hackenza\fleurs_audio\th_th\253.wav,leonov หรือที่เรียกกันว่า cosmonaut no 11 เป็นส่วนหนึ่งของทีมนักบินอวกาศดั้งเดิมของสหภาพโซเวียต,12.54
687,th_th,C:\Users\acer\OneDrive\Desktop\hackenza\fleurs_audio\th_th\687.wav,ใครก็ตามที่อยากเห็นความเสียหายที่เกิดขึ้นกับมัมมี่จากการพยายามนำออกมาจากโลงศพคงต้องผิดหวังเพราะจะเห็นได้แต่เพียงส่วนศีรษะกับไหล่เท่านั้น,14.94
360,th_th,C:\Users\acer\OneDrive\Desktop\hackenza\fleurs_audio\th_th\360.wav,นักวิทยาศาสตร์เรียกกระบวนการนี้ว่า การปล่อยรังสีที่ถูกกระตุ้น เนื่องจากอะตอมถูกกระตุ้นโดยแสงที่สว่างจ้า จึงเกิดการปล่อยแสงโฟตอนออกมา และแสงก็คือรังสีชนิดหนึ่ง,13.2
527,th_th,C:\Users\acer\OneDrive\Desktop\hackenza\fleurs_audio\th_th\527.wav,ในการซุ่มโจมตีทางตะวันออกของบาร์เดีย อังกฤษได้จับกุมนายพล lastucci หัวหน้าวิศวกรประจำกองทัพที่ 10 ของอิตาลี,10.74
493,th_th,C:\Users\acer\OneDrive\Desktop\hackenza\fleurs_audio\th_th\493.wav,อารยธรรมที่เจริญรุ่งเรืองในลุ่มแม่น้ำสินธุคือที่มาของชื่อแม่น้ำแห่งนี้,6.12
430,th_th,C:\Users\acer\OneDrive\Desktop\hackenza\fleurs_audio\th_th\430.wav,"พื้นที่ของตุรกีรวมถึงทะเลสาบมีเนื้อที่ 783,562 ตารางกิโลเมตร 300,948 ตารางไมล์ โดยที่ 755,688 ตารางกิโลเมตร 291,773 ตารางไมล์ อยู่ในเอเชียตะวันตกเฉียงใต้ และ 23,764 ตารางกิโลเมตร 9,174 ตารางไมล์ อยู่ในยุโรป",28.8
741,th_th,C:\Users\acer\OneDrive\Desktop\hackenza\fleurs_audio\th_th\741.wav,ที่นี่เป็นหมู่เกาะที่มีเกาะ 15 แห่งกระจายตัวครอบคลุมพื้นที่มากกว่า 2.2 ล้านตารางกิโลเมตรภายในมหาสมุทรนี้,10.02
329,th_th,C:\Users\acer\OneDrive\Desktop\hackenza\fleurs_audio\th_th\329.wav,เขาเข้าร่วมทีมกับพวกเขาในปี 1945 และอยู่มาจนกระทั่งปี 1958,7.68
1255,th_th,C:\Users\acer\OneDrive\Desktop\hackenza\fleurs_audio\th_th\1255.wav,"คาดกันว่าบัตรเข้าชมส่วนใหญ่จะมีราคาตั้งแต่ 2,500 เยน ไปจนถึง 130,000 เยน โดยบัตรทั่วไปจะมีราคาราว 7,000 เยน",14.94
619,th_th,C:\Users\acer\OneDrive\Desktop\hackenza\fleurs_audio\th_th\619.wav,บุคคลที่มีส่วนเกี่ยวข้องมาหลายสิบปีช่วยให้เราชื่นชมจุดแข็งและความหลงใหลของตัวเอง พร้อมทั้งประเมินความยากลำบากและกระทั่งความล้มเหลวอย่างตรงไปตรงมาในขณะเดียวกัน,15.84
68,th_th,C:\Users\acer\OneDrive\Desktop\hackenza\fleurs_audio\th_th\68.wav,เมื่อผู้เช่าเริ่มเล่าสิ่งที่เกิดขึ้นกับพวกเขาสู่กันฟัง ครอบครัวส่วนใหญ่ที่เกี่ยวข้องก็รู้ทันทีว่า แคโรลีน วิลสัน แห่ง oha ขโมยเงินประกันของพวกเขาและหนีออกจากเมืองไปแล้ว,19.8
431,th_th,C:\Users\acer\OneDrive\Desktop\hackenza\fleurs_audio\th_th\431.wav,พื้นที่ของตุรกีทำให้ประเทศนี้ใหญ่ที่สุดเป็นอันดับที่ 37 ของโลก และมีขนาดพอ ๆ กับประเทศฝรั่งเศสแผ่นดินใหญ่และสหราชอาณาจักรรวมกัน,14.58
58,th_th,C:\Users\acer\OneDrive\Desktop\hackenza\fleurs_audio\th_th\58.wav,ansa กล่าวว่า ตำรวจกังวลว่าการโจมตีระดับสูงสักสองสามครั้งอาจก่อให้เกิดสงครามสืบทอดเต็มรูปแบบ,11.46
391,th_th,C:\Users\acer\OneDrive\Desktop\hackenza\fleurs_audio\th_th\391.wav,หนังสือเล่มแรกสุดที่เป็นที่รู้จักในโลกเขียนขึ้นด้วยภาษาสันสกฤต หลังจากที่มีการรวบรวมอุปนิษัทแล้ว ภาษาสันสกฤตก็ค่อย ๆ หายไปเพราะการแบ่งลำดับชั้น,13.92
150,th_th,C:\Users\acer\OneDrive\Desktop\hackenza\fleurs_audio\th_th\150.wav,northern rock ร้องขอการสนับสนุนเนื่องจากสถานะทางการเงินของพวกเขาในช่วงวิกฤตสินเชื่อซับไพรม์ในปี 2007,9.36
868,th_th,C:\Users\acer\OneDrive\Desktop\hackenza\fleurs_audio\th_th\868.wav,นักเดินทางที่มีความสามารถและความแน่วแน่จำนวนมากกลับพ่ายแพ้ต่อความใหม่ของการเดินทางท่องประเทศที่กำลังพัฒนา ซึ่งมีการปรับเปลี่ยนทางวัฒนธรรมเล็ก ๆ น้อย ๆ หลายอย่างที่ผุดขึ้นมาอย่างรวดเร็ว,20.46
924,th_th,C:\Users\acer\OneDrive\Desktop\hackenza\fleurs_audio\th_th\924.wav,การเข้าถึงบริการต่าง ๆ เหล่านี้มักใช้หมายเลขโทรศัพท์โทรฟรีที่ใช้โทรศัพท์ส่วนใหญ่โทรได้โดยไม่เสียค่าใช้จ่าย,11.4
763,th_th,C:\Users\acer\OneDrive\Desktop\hackenza\fleurs_audio\th_th\763.wav,couchsurfing ก่อตั้งขึ้นในเดือนมกราคมปี 2004 หลังจาก เคซีย์ เฟนตัน ซึ่งเป็นนักเขียนโปรแกรมคอมพิวเตอร์พบเที่ยวบินราคาถูกไปยังไอซ์แลนด์แต่ไม่หาที่พักไม่ได้,14.88
8,th_th,C:\Users\acer\OneDrive\Desktop\hackenza\fleurs_audio\th_th\8.wav,การประท้วงเริ่มขึ้นประมาณ 11.00 น. ตามเวลาท้องถิ่น utc+1 ที่ไวท์ฮอลล์ซึ่งอยู่ตรงข้ามทางเข้าสู่ถนนดาวนิงซึ่งเป็นบ้านพักอย่างเป็นทางการของนายกรัฐมนตรี โดยทางเข้านั้นมีเจ้าหน้าที่ตำรวจรักษาความปลอดภัยอยู่,18.06
267,th_th,C:\Users\acer\OneDrive\Desktop\hackenza\fleurs_audio\th_th\267.wav,หน่วยควบคุมภาคพื้นดินรัสเซียเปิดใช้งานเครื่องยนต์ไอพ่นส่งผลให้สถานีกลับมาอยู่ในท่าปกติอีกครั้ง,9.9
236,th_th,C:\Users\acer\OneDrive\Desktop\hackenza\fleurs_audio\th_th\236.wav,เมื่อถูกถามว่าผู้เป็นพ่อได้พูดอะไรบ้าง เธอตอบว่า เขาพูดอะไรไม่ออกเลย ได้แค่ยืนกระพริบตาเฉย ๆ เท่านั้น,8.94
133,th_th,C:\Users\acer\OneDrive\Desktop\hackenza\fleurs_audio\th_th\133.wav,christopher garcia โฆษกกรมตำรวจลอสแองเจลิสกล่าวว่า ผู้ต้องสงสัยว่ากระทำความผิดเพศชายรายนี้กำลังถูกสอบสวนในข้อหาบุกรุกมากกว่าการทำลายทรัพย์สิน,14.58
934,th_th,C:\Users\acer\OneDrive\Desktop\hackenza\fleurs_audio\th_th\934.wav,สำหรับประเทศต่าง ๆ โดยส่วนใหญ่ คุณต้องมีจดหมายตอบรับจากสถาบันการศึกษาที่คุณต้องการเข้าศึกษาต่อ พร้อมทั้งแสดงหลักฐานทางการเงินว่าคุณมีความสามารถในการจ่ายค่าเล่าเรียนของตัวเองอย่างน้อยในช่วงปีแรกของหลักสูตร,23.7
901,th_th,C:\Users\acer\OneDrive\Desktop\hackenza\fleurs_audio\th_th\901.wav,ปัญหาก็คือหิมะมีความเหนียวจึงต้องมีการกระตุ้นให้ตกลงมา และหิมะที่ร่วงหล่นลงมาอาจเป็นชนวนเหตุสำหรับส่วนที่เหลือ,12.96
206,th_th,C:\Users\acer\OneDrive\Desktop\hackenza\fleurs_audio\th_th\206.wav,ประมาณสิบนาทีก่อนถึงเวลาลงจอด เครื่องบินลำดังกล่าวหายไปเมื่อเข้าใกล้จุดหมายครั้งที่สอง,8.52
1073,th_th,C:\Users\acer\OneDrive\Desktop\hackenza\fleurs_audio\th_th\1073.wav,ผู้ที่ต้องสงสัยว่าได้รับเชื้อ h5n1 ในโครเอเชียและเดนมาร์กยังคงไม่ได้รับการยืนยัน,10.32
525,th_th,C:\Users\acer\OneDrive\Desktop\hackenza\fleurs_audio\th_th\525.wav,ผลที่เกิดจะขึ้นอยู่กับความถี่ที่สมองพยายามฝันแบบรู้ตัวต่อคืน,8.7
716,th_th,C:\Users\acer\OneDrive\Desktop\hackenza\fleurs_audio\th_th\716.wav,วิธีนี้จะทำให้มั่นใจได้ว่าความสนใจและ/หรือเงื่อนไขเฉพาะของคุณตรงกับเรือที่เหมาะสมที่สุดสำหรับสิ่งเหล่านั้น,11.46
