audio_id,language,audio,option_1,option_2,option_3,option_4,option_5,correct_option,golden_ref,is_correct,score_option1,score_option2,score_option3,score_option4,score_option5
1,Arabic_SA,https://d2r5sftrozu18z.cloudfront.net/uploads/audio-segmentation/1095/2_hours/2_hours_Segment_001.wav,؟ااااه. ثيو يا الله. لازم تشوف ذا الحين . لا اخس شوف ، ليه اليكس ارسلى ابيك بكلمة؟ بالظبط . صح؟ ويش يقصد بها؟ ابيك بكلمة. عن ويش؟ وليه؟ متى ؟وين؟ وعن ويش,"ااااه ثيو يا الله لازم تشوف ذا الحين , لا اخس شوف , ليه اليكس ارسلى ابيك بكلمة,  بالظبط  صح ويش يقصد بها ابيك بكلمة عن ويش وليه متى وين وعن ويش","المشهد ١ — دراما رسالة الجوال الغامضة
المكان: غرفة جلوس هادئة، آخر النهار. الجوال يهتز بلا توقف.
لينا: (تتنهد بضيق) ثيو! يا الله!، لازم تشوف ذا. الحين.
ثيو: (يتثاءب) وش فيه الحين؟ نهاية العالم خلاص؟ أو برجك الغبي حذرك؟
لينا: لا! أخَسْ. شوف… (تمد له الهاتف) ليه أليكس أرسل لي: ""أَبِيكِ بكلمة"".
ثيو: (شهقة) أخطر أربع كلمات في اللغة العربية.
لينا: بالضبط! صح؟ وش يقصد بها؟ ""أَبِيكِ بكلمة"". عن وش؟ وليه؟ متى؟ ووين؟ وعن وش؟
ثيو: (آآه تنهد) لينا، اهدي. ممكن بس يبي رأيك.
لينا: (تهز رأسها)  ممم ما في واحد يقول ""أَبِيكِ بكلمة"" لشيء عادي يا ثيو. هذه لغة جادة. لغة المواجهات. لغة ال…
ثيو: (يقاطعها) لغة الدراما اللي اخترعتيها بنفسك.
لينا: (تتأوه) كنت أعرف. حياتي صارت مسلسل. وأنا ما أدري.
ثيو: (يضحك) أنت السببتيها. أنت تحبين الدراما. تتنفسينها.
لينا: (منزعجة) هممف كييف؟ ما أحب الدراما أبد.
ثيو: (مستمتع بضحكة خفيفة) لينا، الأسبوع الماضي بكيتِ على إعلان… عن كورن فليكس.
لينا: (تدافع) كان يحزن! الأب اعتذر لأنه أكل آخر صحن!
ثيو: (يضحك) اييييه ببكي من الأحاسيس.
لينا: (تتمشى بقلق) طيب، ركّز اممم    وش اسوي؟ أرد؟ أسحب عليه؟ أقوله إن الواي فاي خرب ثلاثة أيام؟
ثيو: (آآآه تنهد) اسأليه بس وش يقصد.
لينا: (تصدم) بس كذا؟! ثيو، ترا ذا وضع حساس. ما تقدر تسأله كذا وش يبي. هذا… هذا يخرب الاحاسيس!
ثيو: (يضحك) أنت غبية. هي كلها شوية كلمات.
لينا: نعم! كلمات تخرب باقي اسبوعي!
ثيو: (يبتسم) دراما ما تخلص.
لينا: (بقلق خفيف) طيب، بأكتب: ""أوكي، وش فيه؟"" كذا تمام؟ رزين؟ غريب؟ لطيفة؟
ثيو: (هممممم) لينا… حلو. رد طبيعي. زي سويسرا ... محايدة.
لينا: (تكتب بسرعة) طيب. أرسلت. الحين نتوتر.
ثيو: (يضحك) أنت متوترة أصلًا.
لينا: والحين عندي سبب رسمي.
(الجوال يهتز)
لينا: ياااااااه! رد. ما أقدر اشوف. ثيو، اقرااه.
ثيو: (ينظر للهاتف) هممم.
لينا: (متجمدة) ""هممم""؟ وش تقصد بـ ""هممم""؟ ثيو، لا تعلقني!
ثيو: (يبتسم) اهدي. يقول إنه يبي يساعدك في جدولة حفل مفاجئة لصديقتك نورا.
لينا: (تفقد توترها فجأة) …آهاااا.
ثيو: (ينفجر ضاحكًا) سويتي دراما كبيرة علشان ذا بس؟ 
لينا: (بحرج) أكرهكم كلكم.
ثيو: لا، لا تكرهين. أنتِ تحبين الدراما… والدراما تحبك.
 
 
 
المشهد ٢ — أزمة القهوة في المقهى
المكان: مقهى مزدحم، وقت الصباح.
لينا: (متوترة) ثيو. حياتي انتهت. مرة ثانية.
ثيو: (يشرب القهوة) خليني أخمّن… خَلَص حليب الشوفان؟
لينا: نعم! كيف عرفت؟
ثيو: لينا… هذا المقهى يخلص فيه حليب الشوفان كل يومين. طبيعي.
لينا: (آآآه) بس هم يعرفون أني أحتاجه. أنا ما أتحمل اللاكتوز… عاطفيًا وجسديًا.
ثيو: (يضحك) لاكتوز عاطفي؟
لينا: نعم. الحليب يجرح روحي.
ثيو: خذي حليب لوز.
لينا: (هاااعع) لوز؟ طعمه زي النكد مخلوط بخشب.
ثيو: (يضحك) يا الله! أنت درامية.
لينا:  والباريستا أعطتني نبرة لما سألت عن حليب الشوفان الموجود عندهم في المخزن.
ثيو: وش قالت؟
لينا: قالت: ""نحن ما نخبي الحليب في مخزن سري.""
ثيو: (يضحك) معها حق.
لينا: لكن قالتها بدون نفس يا ثيو. بدون نفس.
ثيو: (هاها) بدون نفس؟ اتصلي بالشرطة طيب.
لينا: بالضبط! لازم أقدم شكوى.
ثيو: بسبب الحليب؟
لينا: بسبب المبدأ. كنت أبغى قهوة طبيعية. لكن لااا… لازم تكون حياتي درامية.
ثيو: (يبتسم) الدراما تلحقك زي الكلب الوفيّ.
لينا: أنا ما أبِيهَا!
ثيو:  أنت حرفيا تجذبيها.
لينا: (آآآه) ممكن أوقف عن القهوة.
ثيو: (يضحك) حاولت من قبل ... صمدتي سبع ساعات.
لينا: الدنيا ما تحبني.
ثيو: على وش ما تحبك؟
لينا: ما أدري… ممكن لأني الأفضل.
ثيو: (قهقه) أكييد.
 
 
 
 
 
 
 
 
 
 
 
المشهد ٣ — كارثة قروب الشات
المكان: نفس المقهى، بعد فترة في الصباح.
لينا: (تنظر لهاتفها) لااا… ثيو، شوف. شوف!
ثيو: (يميل نحوها) وش فيه الحين؟ خلص الحليب بَعَدْ؟
لينا: أخَس. القروب مولّع.
ثيو: (اوووف) يا ساتر. وش فيه؟
لينا: واحد سأل: ""أي فيلم نشوف الليلة؟"" والحين فيه… 42 رسالة في دقيقتين.
ثيو: (هاهاهاها) هذي فوضى، مو دراما.
لينا: لا، دراما حقيقية. شوف ... إيلا تبغى رعب. بن رافض لأنه ""ما يتحمّل الرعب"". ميرا تشوف بس رومانسي. وجونا يبغى وثائقي… عن السحالي.
ثيو: (هاهاهاهاه) سحالي؟!
لينا: نعم! والأدهى والأمر… واحد منهم كتب اسمك وقال: ""ثيو يحدد"".
ثيو: أنا؟ ليه أنا؟
لينا: لأنك المحايد. يعتبرونك وسيط سلام.
ثيو: (ساخر) مسؤولية كبيرة ذي.
لينا: ثيو، لازم تختار بحكمة. هذا مجلس أمم متحدة.
ثيو: لينا… هو بس فيلم.
لينا: (تهمس بانفعال) لا. هذه سياسة اجتماعية.
ثيو: طيب… اختار… كوميديا.
لينا: يا ربيي… خطأ. بِن يكره الكوميديا. إيلا تقول الكوميديا ""سطحية عاطفيًا"". وميرا تبكي على الكوميديا أكثر من الرومانس.
ثيو: كيف؟
لينا: ما في منطقية. القروب ذا يدمّر العلاقات.
ثيو: (آآآخخ) أنتم كلكم مجانين.
لينا: (شهقة درامية) نحن! الحين القروب كله يصارخ لأن جونا ما يبغى غير السحالي.
ثيو: (هاهاهاهاها) أفضل خبر سمعته ذا الأسبوع.
لينا: كابوس… كابوس زواحف.
ثيو: تبين حل؟
لينا: نعم! أنقذنا!
ثيو: (يكتب) يلا، أقول: ""خلا نصوّت"".
لينا: (اوووه) أنت عبقري.
ثيو: أعرف.
لينا:  والحين ننتظر…
(لحظة انتظار)
لينا:  الحين في 15 صوت، 10 منهم كوميديا.
ثيو: قلت لك. الديمقراطية تفوز.
لينا: (تنهد) ثيو… انت أنقذت العالم.
ثيو: (هاهاهاهها) مبروك لنا.
لينا: بصراحة، حياتنا مليانة دراما.
ثيو: حياتك أنت. أنا بس الشخصية اللي تصلح الفوضى حقتك.
لينا: (هيهيهي) وأنت تحب تصلحها.
ثيو: (هاهاهاهاهها) يمكن.
 
 
المشهد ٤ — كارثة المحفظة الضائعة
المكان: خارج السوبرماركت، آخر النهار.
مايا: (مذعورة) جوردان! جوردان! جوردان! محفظتي ضاعت! دورت في شنطتي مرتين ... لا ثلاث ... يمكن خمس... مو في! اختفت!
جوردان: (بهدوء يشرب) تمام… متى آخر مرة شفتيها؟
مايا: (تلوّح بيديها) ما أعرف! يمكن في المحل، في السيارة… لااا أدري! أنا بنجن!
جوردان: طيب… اهدي. وين كنتي لما عرفتي إنها مو معك؟
مايا: (تشير لمقعد) هنا! جلست، حاولت أخذ مفاتيحي، وفجأة… الدنيا قررت تعاقبني.
جوردان: يعني المحفظة تبخرت؟
مايا: يمكن! يمكن صارت لها أرجل! وهربت تعيش حياتها الخاصة.
جوردان: محفظتك هربت؟ هذا تفسيرك؟
مايا: لا تضحك علي في مصيبتي!
جوردان: (يضحك) ما اتريق عليك، بس الاحظ الدراما حقتك… طيب خلنا نرجع كم خطوة ونتأكد. دخلتِ السوبرماركت، وبعدين وين رحتي؟
مايا: رحت لقسم الخضار… أخذت تفاح… بعدها رجعته ما عجبني. بعدين…
جوردان: مايا. ركيزي. طلعتي المحفظة وقتها؟
مايا: يمكن؟ مسحت البطاقة وأنا طالعة، بس ما أدري إذا بالمحفظة ولا الجوال؟ لااا… ممكن تركتها عند الكاشير؟ ماذا لو واحد سرقها؟
جوردان: (يطبطب) هي محفظة، مو كنز وطني. نروح نسأل—
مايا: (تمسك ذراعه) لا دقيقة! فتش شنطتي! يمكن تلقاها لأني ما أشوف!
جوردان: تريديني أغوص في الثقب الأسود اللي تسميه شنطة؟
مايا: نعم! لأني ما أثق بنفسي
جوردان: (هممم) خلنا نفتش ... فواتير… أقلام؟ ليه 17 قلم؟ و… سناكات. وأكيد ما في محفظتك.
مايا: (تجلس منهارة) انتهيت. بطاقاتي… هويتي… بطاقة المكتبة! يا ربيي، وش بيصير لو واحد استعار كتب باسمي!
جوردان: نعم، أكيد ذي المشكلة! مو فلوسك أو بطاقة البنك ... المشكلة الحقيقية هي غرامات تأخير الكتب.
مايا: لا تتريق! ترا الوضع جد!
جوردان: طيب… وين كنت قبل قسم الخضار؟
مايا: قسم اللحوم…  أخذت شرايح تركي ، والبنت الشغالة هناك طولت إلى ما تقطعهم… حسيت أني كبرت عشرين سنة!
جوردان: واستخدمتِ المحفظة؟
مايا: لا ... ما ادري الصدق. إلا لو استخدمتها! أو لا. يا الله! أنا عديمة المسؤولية.
جوردان: (يضحك). أول خطوة: الاعتراف أنك غير موثوقة.
مايا: (آآآه) انتظر ... يمكن تركتها في السيارة!
جوردان:  ما فتشتيها؟ 
مايا: بعيوني بس! يمكن كانت متخبية عن عيني.
جوردان: محفظتك ما هي كائن حي يتحرك ويتخبى لحاله.
مايا: أنت ما تدري! يلا نروح السيارة.
(يذهبون للسيارة)
جوردان: (يفتش) همم، يلا! وقت التفتيش الصح. جانب الكرسي ... درج الراكب ... الدرج بين الكرسين ... تحت السيارة ... لا، ما في شيء.
مايا:  اوووف، خلاص بس… كذا بأتصل بالشرطة.
جوردان: يعيني وش بتقولي؟. ""هلا، نحتاج حملة تفتيش عن محفظة عليها ورود.""
مايا:  ها وش أسوي؟
(رجعوا للمتجر)
مايا: (متوترة عند الكاشير) اممم السلام عليكم، \ لو سمحتي في أحد سلّم محفظة ضايعة؟ عليها ورد وشكلها حلو، فيها حياتي كلها؟
الموظف:  (تتأكد الموظفة) لا، للاسف.
مايا: (تهمس) ما حطلع من البيت مرة ثانية.
جوردان: سؤال!… جربتي جيوب الجاكيت حقك؟
مايا: مستحيل. أنا ما أحط شيء فيها. صغيرة مرة.
جوردان: مايا. تأكدي.
مايا: اااخ طيب (تحط يدها بجيبها)… انتظر… لحظة…
جوردان:  ااخ ... لا تقولي…
مايا: (تسحب المحفظة من الكم) مستحييييل!!
جوردان: (ينهار ضاحكًا) في جيبك… طول ذا الوقت في جيبك
مايا:  ماني فاهمة! ما قادرة استوعب الموضوع! 
جوردان: مبروك. القضية تقفلت. المحفظة ما هربت.
مايا: مستحيل. في واحد حطها في جيبي.
جوردان: إيييه صح، عميل سري دسها في جيبك.
مايا: وقف لا تِنَكِت علي!
جوردان: يا عالم… أكثر إنسانة درامية.
مايا: أكرهك.
جوردان: لا. ما تقدرين.
مايا: …يمكن. بس لا تقول لأحد عن الحصل.
جوردان: حكلم الكل.
مايا: جوردااان!!!!
جوردان: (يضحك) محققة المحافظ، يلا نرجع البيت قبل تضيعي الجاكيت حقك.
 
 
 
 
 
 
 
 
 
 
 
 
 
 
 
 
 
المشهد ٥ — انهيار نهاية الأسبوع
المكان: غرفة ريا، مساء الجمعة. السناكات على الطاولة والجوال يرن كل فترة.
ريا: (تدخل الغرفة) نوح! عندنا كارثة حتنهي العالم.
نوح: (من دون يطالع فيها) خليني أخمّن… وقفوا إنتاج شبسكك التحبيه؟
ريا: أسوأ! حجزت لنفسي… أربع مناسبات مختلفة… بيوم واحد!
نوح: أربعة؟
ريا: نعم! السبت بيقتلني!
نوح: طيب وش هي؟
ريا: أول وحدة: فطور عيد ميلاد بنت خالتي… لو ما حضرت بتبكي. 
نوح: يعني مناسبة أهل إجبارية.
ريا: الثانية: صديقتي تارا تنقل من بيتها وقالت ""أنت الوحيدة اللي ما تكسرين الأشياء"". ضغط كبييير علي.
نوح: غلطانة المسكينة.
ريا: الثالثة: ورشة الفخار اللي أنتظرها من سنة. دفعت فلوسها وما بترجع، روحي الإبداعية تبكي.
نوح: هممم هممم وش الرابعة؟
ريا: الرابعة: رحلة تسلق، مع فريق الشغل.
نوح: يعني إفطار… نقل… فخار… تسلق. في يوم واحد؟
ريا: إيه! ليه سويت بنفسي كذا؟
نوح: صراحة… إنجاز. تراكم عدى خيالي.
ريا: نوح! ما أقدر أكون في أربع أماكن مرة وحدة! أنا مو سوبر مان!
نوح: طيب، خلينا نشوف توقيت كل حدث.
ريا: الفطور الساعة 10. النقل الساعة 9 لكنها قالت ""تعالي وقت ما تبين"". الفخار الساعة 1. التسلق ""العصر"".
نوح: وتبين تحضري لكل ذي المواعيد؟
ريا: بالضبط! وهذه هي المشكلة!
نوح: هااهاهاه تقدرين على اثنين… يمكن ثلاثة لو عندك الانتقال السريع زي الانمي.
ريا:   اوووف يا ليتني أقدر انتقل بسرعة.
نوح: طيب… وش المناسبة الما تقدري تتأخري فيها؟
ريا:  همممم الفخار حدث لمرة وحدة ومحجوز من أول.
نوح: طيب كذا ثابت ... ووش بعد؟
ريا: الفطور، مشاعر قريبتي في خطر لو ما جيت. وكيكة مجانية.
نوح: الاهل الأقرب. كذا الفطور والفخار هي الثابتة. 
ريا: كمان حبكي لو ما رحت للفخار.
نوح: تمام. التسلق والنقل، و ... وين ناقلة صديقتك؟
ريا: بالاتجاه الثاني من المدينة. حرفياً.
نوح: والتسلق؟
ريا: طريق ما سمعته من قبل. والكثير من الحشرات.
نوح: يعني ما تبي تروحي؟
ريا: لا، بس لازم اروح. تلاحم الفريق، ونقاط توظيف حلوة. أنت تعرف، الوظيفة وانك تكون مسؤول.
نوح: هيهيهي. مشاكل موظفين.
ريا: للأسف.
نوح: طيب، عندك مناسبتين وبالكثير ثلاث وكنسلي الباقي.
ريا: أكنسل! أكنسل!! تستهبل! كلهم حيظنوا اني عديمة مسؤلية! حيقصوني من المجتمع وأصير منبوذة.
نوح: انتِ مو حتنطردي من المجتمع لانك ما رحتي لرحلة تسلق!
ريا: أنت ما تدري.
نوح: ههاهاهاها. طيب، وش رأيك لو كلتمي صديقتك أنك بتساعديها  في اليوم البعده؟
ريا: هممم قالت انها حتفك أغراضها نهاية الأسبوع كله.
نوح: بالضبط، ساعديها اليوم كله.
ريا: ذا ممكن ينفع ...
نوح: حلو، كذا باقي التسلق.
ريا: اااااخ التسلق!
نوح: ودك تروحين؟
ريا: ولا دقيقة.
نوح:  طيب لا تروحي.
ريا: لكن!
نوح:  ما في لا. قولي عندك الحق تكون عندك حياة برا الشغل.
ريا: وش أقول؟ ""اسفة، ما حاسة بالطاقة والدراما معاكم""
نوح: هاهاها. بدون دراما، ارسلي لهم ""عندي إلتزام أكثر أهمية"".
ريا: مَلَلَ.
نوح: احترافي.
ريا: اوكي، لكن على الأقل أقدر أقولهم مشغولة بشيء مهم؟
نوح:انت تسوي شيء مهم. مناسبة فطور، وورشة فخار إبداعية.
ريا: كذا السبت عبارة عن إفطار وفخار. 
نوح: مناسبتين تقدري عليها مو جدولة زفت.
ريا: نوح أحس اني منتعشة!
نوح: هيهي. قلت لك. كان باقي لك شوي وتخشي في مصيبة.
ريا: قربت ارسل لهم رسالة طويلة مليانة أعذار وايموجيز.
نوح: هاهاها. كويس وقفتك. ما في أحد يحتاج يقرأ تقرير من الاعذار.
ريا: كذا اقدر ارتاح. يومي ما اخترب.
نوح: بالضبط، عديتي مصيبة الجدولة.
ريا: لا تخلي الوضع درامي.
نوح: تعلمت منك.
ريا: هييي
نوح: امزح معك. بس كويس عرفتي أولياتك، واخترتي اثنين منهم.
ريا: هيهي. شكرا نوح. حتى لو أنت تتريق علي طول الوقت.
نوح: بس شوي. ولو صار فيني كذا متأكد أنك حتضحكي علي.
ريا: أكيد. 
نوح: بالضبط، خلنا نرتاح الحين. انقذت يومك.
ريا: انا المستقبلية لازم توقف تقول نعم لأي شيء.
نوح: تكفى اكتبيها في ورقة صغيرة وعلقيها عندك.
ريا: أن شاء الله بسويها.
(الاثنين جالسين على الكنبة مرتاحين.)
ريا: والحين ... وش نسوي اليوم؟
نوح: أي شيء إلا زيادة مواعيد بكرة.
ريا: اتفق.





المشهد ٦ — الصوت الغامض عند منتصف الليل
المكان: شقتهما، منتصف الليل. سكون… أو ما يقاربه 
(يسمع صوت خبطة)
سام: (هاااع) ليلا! اصحي! اصحي الحين!
ليلا: (نصف نائمة) لا. مو صاحية. إلا لو الشقة تحترق. غير كذا، لا.
سام: أحس في أحد بالبيت.
ليلا: (بعينين مغلقتين) هذي الثلاجة. كل ليلة تسوي كذا. من زمان.
سام: لااا هذا ما كان صوت شيء اعرفه من البيت.
ليلا: سام، ترا كل الأصوات تخوف آخر الليل وكمان إذا انتِ خايفة. 
سام: تكفين! قومي. يمكن حرامي. أو حيوان. أو ... يا ساتر ...قطو معصب!
ليلا: قطو معصب؟ هذا اللي مخك فكر فيه؟
سام: القطاوا تتهاوش آخر الليل. حرامية صغار عندهم أظافر!
ليلا: آآآخ منك ... طيب، طيب. كيف كان الصوت.
سام: كان زيي… بووم. بس مو أي بووم. بووم من اللي تجيك وتقول ""الوضع خطير"".
ليلا: وصف مفهوم جداً يا عبقرية!
سام: ترا الوضع جد!
ليلا: (اووااه) بوقف لما ما توقفي عن الصرخة البخفيف ذي. 
سام: أهمس كذا عشااان ما ننسمع من الحرامي.
ليلا: لو فيه حرامي، كان سمع دقات قلبك. دقات طبول اعراس.
سام: طيب، طيب اسمع ... هذا هو مرة ثانية!
(صوت خفيف ثاني)

ليلا: سام… هذا كيس الشيبس اللي تركتيه على الطاولة. توه طاح. من قال ""بأكل بس ثلاث حبات"" وآخر شيء أكلت نص الكيس
سام: ذا قبل ساعات ليش يطيح الحين؟ ليش مو قبل؟
ليلا: الجاذبية؟ الوقت؟ حركاتك حقت كل يوم المضرة بصحتك؟ اختَر واحد فيهم.
سام: لا تنكتي! نحتاج نتأكد.
ليلا: لا، أنت تحتاج تنام.
سام: ليلااا تكفى. بس شوي تعالي معاي لو في غدرة.
ليلا: (تسك آآآخ) طيب! لو ما في شيء بتسوي بكرة بان كيك.
سام: تم.
(يتسللان في الممر)
سام: (يهمس) تحركي بشويش، وخليكِ وراي.
ليلا: ليه وراك؟ مو أنت اللي خايف. ومفروض تخليني درع لك.
سام: أنتِ أشجع.
ليلا: (اييه) أنا مو شجاعة… أنا تعبانة. ما يهمني لو نموت.
(يصمتان للحظات)
سام: هششش.
ليلا:  ما في شيء. ممكن نرجع الحيـــ
سام: انتظري! سمعت صوت!
ليلا: (اووف) ذا بطنك.
(يدخلون المطبخ)
سام: (يطالع من طرف الزاوية) (هممم) مصيبة أكبر مما توقعت.
ليلا: وش فيه؟
سام: باب الدولاب مفتوح شوي.
ليلا: يعني تركته مفتوح، زي كل مرة.
سام: لااا! والله إني سكّرته!
ليلا: (اوووف) سام… أنت تحلف كثير. وكل شيء أنت تسويه أصلا عكس!
سام: أنتِ ما تفهمين! لو في واحد فتحه؟
ليلا: زي وش؟ جني يدور على ملح؟
سام: ممكن.
ليلا: (ااااخ) جني دخل المطبخ ... في نص الليل ... بس يفتح الدولاب ويطلع؟
سام: لما قلتيها كذا ... حسيتها عبيطة.
ليلا: لأنها عباطة!

(صوت خفيف وكأنه كيس)
سام: شفت؟! أكيد في شيء في المطبخ
ليلا: (تنحني وتشوف) ايييه ... خلنا نشوف مسرح الجريمة. ... شوف! كيس الشيبس على الأرض.
سام: في واحد طيحه!
ليلا: شيء في الفيزياء اسمه الجاذبية وأنك حطيته مطرف على الرف.
سام: مستحييل! حطيته كويس على الرف.
ليلا: ... اووه صحييح. واضحة من عاداتك الكويسة.
سام: (اووف) خلنا نفتش في الصالة.
ليلا:سااام.ساااام. ترا نص الليل، ما حسوي تفتيش كامل للشقة!
سام: ما عليك، كلها دقيقتين.
ليلا: حتأخذ 10 دقايق! لانك تفتش زي العساكر.
سام: اسمه اتقان العمل.
ليلا: ذا اسمه الوسوسة.
(وصلوا الصالة)
سام: الستارة تحركت!
ليلا: لأنك مشيت. والهواء حركها.
سام: متأكدة؟ ممكن يكون ...
ليلا: لا تقول جني.
سام: طيب، حقول الهوا
ليلا: شفت! شيء معقول.
سام: لكن… ما فيه شباك مفتوح.
ليلا: طيب ... هذا غريب.
سام: قلت لك!
ليلا: لحظة… سكّرت باب البلكونة؟
سام: أظن؟
ليلا: تظن؟ سام! كذا تبدأ أفلام الرعب!
(يتفحصا الباب)
سام: (مرتاح)(اااه) مقفل.
ليلا: الحمد لله. يعني ما فيه شيء يخوف ...
(صوت حركة خفيفة)
سام: وش هذا؟!
ليلا: (خافت بس تتدعي الثبات) وكانه شيء يجلس.
سام: وش الي شيء يجلس؟؟
ليلا: مدري!!
سام:  سلة الغسيل طاحت!
ليلا: (شافت السلة) حطيت جزمتك الثقيلة فوق علشان كذا طاحت السلة.
سام:  الجاذبية مسوية شغلها الليلة.
ليلا: (هاهاهها) أنت اسمج انسان خايف قابلته.
سام:  سعيد أنه خوفي ضحكك.
ليلا: لآخر درجة، الحين أنا مصحصة.
سام: يعني تقتنعين إنه فيه شيء؟
ليلا: لا. مقتنعة أنك أنت المحتوى.
سام: لكن—
ليلا: سام… الأبواب مقفلة. ما فيه أشياء مكسورة. لا قطو. لا جني. كل شيء كويس.
سام: أكيد؟
ليلا:  يب أكيد.
سام: يمكن… بالغت شوي.
ليلا: شوي؟
سام:  اوكي ممكن كثير.
ليلا: بس عادي. أنت تخاف بالليل. سام الليل شخص ثاني.
سام: الظلمة والهدوء تخوفني.
ليلا: الخبر الحلو هنا انه خيالك هو الجني.
سام: (هاهاها) صحيح صحيح.
ليلا: يلا نرجع ننام… قبل ما يخوفك صوت الثلاجة.
سام: بس متأكد انه الشيبس ما طاح لحاله.
ليلا: (أييييه) أكييد ... طاح الشيبس لحاله لأنك ما تعرف تحطه زي الاوادم.
سام:  (هاهاهاها) ما ودك توقفي تريقة؟
ليلا: أبد ما بوقف.
(رجعوا للغرفة)
سام: شكرًا لأنك قمتي.
ليلا: عندي بانكيك. وقهوة.
سام: تم.
ليلا: وإذا سمعت صوت بعدين؟
سام: بأخذ نفس… قبل ما أتهم قطو شرير.
ليلا:  حلو التطور.







المشهد ٧ — كارثة الرسالة الخاطئة
المكان: غرفة مايا. عصر. مايا تمشي ذهابًا وإيابًا وهي تهتز من التوتر. جوردان يشرب شاي.
مايا: (مرتبكة) جوردان! جوردان! جبت العييد!
جوردان: (هادئ جدًا) خذي نفس… وش صار؟
مايا:  ما في وقت للهداوة ... أرسلت الرسالة.
جوردان: أي رسالة؟ أنت ترسلين ألف رسالة يوميًا.
مايا: مو هذي! أرسلت رسالة غلط وفي وقت غلط لشخص غلط!
جوردان: لمن؟
مايا: لمديري.
جوردان: …العييد ... وش ارسلتي فيها؟
مايا: تتذكر كلامي لك قبل شوي… لما قلت إنه ""يشغل الفريق مثل GPS خربان""؟
جوردان: لا تقولي—
مايا: أرسلته له! على رقمه الخاص! ومع إيموجيز!
جوردان: (اوووف) هذه… (هسسس) مصيبة والله.
مايا: أخيراً استوعبت المصيبة!
جوردان: هذي مصيبة بس كمان تحسها جرأة منك.
مايا: جرأة! أنا بنطرد، يحاكموني ويضيع مستقبلي، وحتى انخطف من ال HR
جوردان: ال HR ترا ما يخطفون الناس.
مايا: (اييييه) صدق؟ شكلك ما شفت ايميلاتهم. مليانة لهجة وعيد وتهديد تقول بيقتلوك.
جوردان: (هي هي) اوكي اسف.
مايا: وش اسوي الحين؟
جوردان: أول شيء اهدي. حفرتي الأرض من حركتك.
مايا: ما اقدر، لو وقفت بنفجر من التوتر والخوف.
جوردان: اوكي، انفجري بالراحة.
مايا: ما ابغى انفجر بالراحة. ابغى الغي الرسالة.
جوردان: جربتي تحذفيها؟
مايا:اكيد. بس الدنيا تكرهني. بس في زر حذف لدي، وما في حذف للجميع.
جوردان: ذا الزر الغبي ما منه اي فايدة.
مايا: بالضبط. وش اسوي الحين؟
جوردان: انتظري بس.
مايا: أنتظر! أنتظر!! جوردان أنا روحي ما تتحمل الانتظار.
جوردان: ما عندك حل، إلا لو تهكري جواله بطريقة الأفلام.
مايا: لا تغريني! ترا شوي واسويها.
جوردان: طيب طيب. خلنا نفكر بواقعية.
مايا: واقعية؟ يا جوردان، ما عندي غير أفكار سلبية.
جوردان: طيب، انت فكري بدرامتك وانا بفكر بعقلانية لنا الاثنين.
مايا: تم.
جوردان: اسوء شيء بصير أنه يقرأها ويطلب يكلمك علشان يعرف وش السالفة. 
مايا: يكلمني؟؟ هذه لغة ال HR علشان تجهز آخر كلامك
جوردان: لا، مرات يكون نقاش بسيط.
مايا: آخر ""نقاش"" خلوني فيه المسؤولة عن حفلات الميلاد.
جوردان: (آآخ) مثال زفت. نشوف شيء ثاني.
مايا: (ايييه) قاعدين يقروها. كنت أدري. ليه ما علقوا على الرسالة؟ ليه صارت صحين ازرق بدون رد؟ ليه ""يكتب الآن""
جوردان: علامة واحد يكتب؟
مايا: ايه. تظهر وتختفي. قاعد يكتب نهايتي. ويمسحني من الوجود.
جوردان: أو قاعد يكتب لستة السوق، وفتح شاتك بالغلط.
مايا: لا. يقصد يسوي كذا. هذه غلطتي لأني غلطت عليهم.
جوردان: كانت تضحك على الأقل.
مايا: جوردان. بالله وقف مدح تريقتي.
جوردان: اسف. طيب. خلنا ندور طريقة نخفف بها المصيبة الجاية.
مايا: ايييه بالله عليك. عطنا الكلمات للاعتذار المثالي.
جوردان: تمام. وش رأيك في ""هلا. انا اسفة، الرسالة ذي جاتك بالغلط"".
مايا: قصيرة، وتبين أني مو مهتمة.
جوردان: طيب. وش رأيك ""متأسفة جدا، في سوء فهم ...""
مايا: لا! كذا يصير كأني الغلطانة. ابغى شيء عادي بس محبطُ.
جوردان: نبرة عادية بس محبطة ... طيب وش رايك ""اعتذر عن الرسالة الغلط. اترسلت برا سياق السالفة""
مايا: برا السياق؟ ما في مبرر اني اذب على رئيسي برا السياق.
جوردان: ممكن تصير.
مايا: كيف؟ الا لو الدنيا اهتزت!
جوردان: تدرين! ممكن تصير كذا!
مايا: انا ما اطقطق يا جوردان! 
جوردان: صحيح، معليش. طيب، اعتذري وخلاص، من كل قلبك.
مايا: أضيف ايموجيز؟
جوردان: لا. أكيد لا. بدون ولا واحد.
مايا: ولا حتى وجه حزين؟
جوردان: لا. هذا بزيد المصيبة. الكبار ما يحطو ايموجيز في رسالة اعتذار.
مايا: اوكي. تمام. كتبت الرسالة.
جوردان: اقريها.
مايا: (تقرأ) ""السلام عليكم، انا اعتذر بصدق عن الرسالة الوصلتك سابقا، كانت لصديقتي. كنت افرغ توتري واحباطي لصديقتي، لكن المفروض اتعامل معه باحترافية. اعتذر لك بصدق"".
جوردان: ممتاز جدا.
مايا: أرسلها؟
جوردان: ارسليها.
(أرسلتها وندمت على مباشرة)
مايا: يا الله، يا الله! ليه سويت كذا؟ ليه خليتني أرسلها؟
جوردان: لأنه ذا الأصح. وأنت كبيرة ووقفي لعب العيال.
مايا: يكتب مرة ثانية!
جوردان: ممتاز. كذا تفاعل مع الرسالة.
مايا: أو ... أو قاعد يكتب رسالة طردي.
جوردان: انا متأكد انها ما تنكتب بجوال.
مايا: يسوها لو معصبين.
جوردان: اهدي. خلنا ننتظر.
مايا: طيب ... جوردان، مو قادرة اتنفس.
جوردان: تنفسي عادي، ما في مشكلة يا بنت!
(الجوال يهتز)
مايا: يا الله! رد.
جوردان: اقريها.
مايا: (تقرأ بشويش) امممم ""السلام عليكم، شكرا على صدقك. كلنا بنمر بلحظات احباط احيانا. بكرة خلنا نتكلم عن ستراتجيات تواصل افضل"".
جوردان: شفتي؟ ما طردك ولا دمرك ولا خطفك.
مايا: (آآآآآآه) يا الله، انا عايشة ... أنا عايشاااااة.
جوردان: مبارك عليك. نجيتي من حادث رسالة عظيم.
مايا: ما بسويها ثاني. من اليوم بتأكد ثلاث مرات قبل اراسل أي أحد.
جوردان: حلو
مايا: وببلكك وقت الشغل.
جوردان: هييي، وليه أنا الياخذ بلوك؟
مايا: لأنك تخليني اروح اشتكي بدراما كثيرة.
جوردان: ما تحتاجي حتى دفة مني.
مايا: اتفق معك ...
(ضحكوا سوا)
جوردان: ها ... تبين شاي؟
مايا: اييه، خله رايق ومظبوط. كأنه حضن.
جوردان: ابشري.
مايا: جوردان؟
جوردان: هلا؟
مايا: شكرا لك لانك انقذتني.
جوردان: بأي وقت. 















المشهد 8 – السر خرج للعلن.
المكان: اراف وريا يتشاركوا شقة. المساء. مطر برا. صوت المطر على الشباك. ريا تجلس على الكنبة، متوترة تقلب بجوالها. اراف تدخل ومعاها كوبين شاي.

اراف:  (يحط الشاهي بهدوء فوق الطاولة) سويت لك بابونج… النوع اللي يهدّيك، اللي تحبينه. حسّيت يمكن تحتاجينه اليوم. من الصبح وأنت ساكته… واضح إن في شي بخاطرك ما قلتيه.
ريا:  (تبتسم غصب وهي تطالع الكوب) يعطيك العافية… صدق. بس أنا تمام. بس… تعبانة شوي، تعرف؟ الشغل طويل… وأشياء تتراكم… يعني شي طبيعي.
اراف:  (يجلس جنبها شوي) ريا، الله يهدّيك. إحنا عايشين مع بعض من زمان وأعرف “تمامك” يوم يكون صِدق… ويوم تحاولين بقوة تسوين إنه ما في شي. واللي عندك الحين… مو ضغط شغل عادي.
ريا:  (تتنفّس بشوي رجّة) مدري يا أراَف… أحسني متلخبطة من الحياة يمكن. كل شي أحسه واجد الفترة ذي. وما أبي أسحبك معي للنكد.
اراف: بس أنا أبي تسحبيني إذا هذا بساعدك. مو لازم تشيلين كل شي بروحك. أنتِ تعرفين هالشي، صح؟
ريا: (نبرتها تلين) إي… أدري. بس ما كنت أبي أزيد عليك هم فوق همومك. أنت تتحمّل واجد.
اراف: ريا… قلقي يزيد لما تقفلي علي كذا. لما أشوفك شوي وتنهاري وتقولين لي “أنا تمام”… ذيك اللحظة تخوّف. والحين… أنا خايف، لأني حاس إن في شي غلط.
ريا:  (تطالع بعيد) مو إني ودي أخبيه… بس… ما كنت أعرف كيف أقوله بدون ما يكبر الموضوع… أو بدون ما تطالعني بنظرة ثانية.
اراف:  (يميل قدّام شوي) أطالعك بنظرة ثانية؟ وش يعني؟ وش ممكن تقولينه يخلي نظرتي لك تتغيّر؟ أنتِ ريا. انت الكون كله لي. ابَدّي من هالنقطة… وقولي لي.
ريا:  (يديها ترتجف شوي) اوكي… أوكي تمام. بس اوعدني ما تقاطعني… ولا تفترض شي قبل أكمل. تكفى. ما أبيك تستعجل.
اراف:  (يومّي براسه ببطء) أوعدك. بدون مقاطعة… بدون افتراضات. كلميني، يلا.
ريا:  (تاخذ نفس عميق) حاضر… من أسابيع صار لي شي، ما كنت متوقعة… ولا مستعدة له. جتني إيميلات… من مكتب المدير… عن فرصة نقل. كبيرة. بغير مدينة… وفعليًا بغير ولاية بعد. وما قلت لك لأني ما كنت متأكدة أصلاً أبغاها ولا لا. وبالأمس أرسلوا العرض الأخير… وأنا توترت وقفل مخي.
اراف:  (ساكت شوي، يستوعب) أنت… جاك عرض نقل؟ وعرض كبير بعد؟
ريا: إي. هو نفس الشي اللي كنت دايما أتمنى يصير… قبل أنا وإنت نبدأ نسوي حياة مع بعض. قبل كل شي يصير ثابت… وبيت… وطُمأنينة. أنا ما خبيته لأني بنقل. خبيته لأني ما أدري… أقدر أو لا؟  والمفروض إذا اختياري للوظية اخسرك ...
اراف:  (يتكي وراه، يتنفس ببطء) واو… أوكي. هذي صدق كبيرة. وما بكذب… جزء مني تمنى انك قلتِ لي من بدري، علشان لا تضغطي على نفسك. بس أنا موجود الحين. وبفهمك. وش تحسين بالضبط؟ متحمسة؟ خايفة؟ مترددة؟
ريا: صدق؟ كلهم. متحمسة لأنها خطوة كبيرة. وخايفة لأن ما أعرف وش يعني لنا. وحاسة بالذنب لأني كتمته. ومتلخبطة بين شي كنت أركض وراه… وبين شخص صار جزء من نفسي.
اراف:  (صوته ناعم وثابت) اسمعي… ما تحتاجين تختارين بيني وبين شغلك. هذا مو حب، هذا ضغط. وأنا ما أبغا أكون السبب اللي يوقفك. بس بسمع منك وش تبغين أنتِ. مو اللي تحسين لازم ومو اللي تحسين ما يزعّلني ... أنت… وش تبين؟
ريا:  (عيونها تلمع) أنا أبغى… أبغى الوظيفة.إي. بس بعد أبغاك… وما أعرف كيف نجمعهم بصورة وحدة. والي يقهرني إني ما وثقت فيك من البداية.
اراف:  (يمسك يدها بلطف) ريا… رغبتك في الوظيفة ما تعني رغبتك فيني أقل. وتمنيت تقولين لي من بدري، صحيح. ... بس بعد ودي أفهم ليه ما قلتي. يوم يطيح عليك قرار ضخم فجأة… يهدّ توازنك. أنا فاهم انك تبين الوظيفة… بدعمك بشكل كامل. بس لازم نتكلم عن وش يعني ذا على المدى الطويل… مع بعض.
ريا: يعني… مو زعلان؟
اراف: زعلان إنك شلتي الحمل لوحدك. بس مو زعلان من أحلامك.
ولا من طموحك. ولا من فرصة كبيرة جاتك. أنا بس أتمنى… أكون واقف جمبك وأنت تمرّين بهاللحظة.
ريا:  (تدمع وتبكي خفيف) ما أبي أخسرك.
اراف: ما بتخسريني بالمَسافة. تخسريني بس لو وقفتي تكلمينّي.
إذا قررتي قراراتك من خوف، مو من محبة ووضوح. بس اللي نسويه الحين… عكس ذا كله. الحين إحنا نتكلم. وهذا اللي ينقذ كل شي.
ريا: طيب وش نسوي؟ يعني عمليا؟
اراف: أول شي… نتنفّس. وبعدين نشوف التفاصيل. كم مدة النقل؟ دائم؟ مؤقت؟ ممكن يصير شغل عن بعد بعدين؟ نخطط للزيارات؟
وممكن أنا أنتقل بعدين لو الظروف سمحت؟ في مليون احتمال غير ننفصل.
ريا: أنا… حتى ما فكرت بكل ذا. شفت العرض وانفجعت وفكرت كل شي بينهار.
اراف: أنتِ تشوفين الانهيار. وأنا أشوف الحلول. وهذا اللي يخلّينا نمشي سوا.
ريا:  (تضحك وهي تبكي) تسوّي كل شي بسيط.
اراف: مو بسيط. بس نقدر نتعامل معه. وأنتِ مو لحالك خلاص.
ريا: شكراً…لأنك ما تركتني. ولأنك ما عصبت. ولأنك أنت.
اراف: أنا ما أروح مكان. إلا لو قلتِ لي… وبعد حتى لو قلتِ… بعاندك.
ريا: لا لا… لا تروح. ولا أفكر أقولك تروح.
اراف: تمام. كذا إحنا متفقين. الحين اشربي شايك قبل يبرد…
وبعدها نفتّح الإيميل سوا… ونقرأ التفاصيل مثل الناس العاقلين.
ريا:  تبتسم أخيرًا ... صدق أحِبّ ذا الشاي… مرّة.
اراف: وووو .... ريا؟
ريا: هلا؟
اراف: مرّة ثانية… لو شي كبير صار… كلّميني قبل ما تبدأ مرحلة “أنا بضيع”.
ريا: اتفقنا
(يجلسون سوا… والمطر من برا يخفّ شوي… وهم يميلون على اللابتوب).









المشهد 9 الزائر المفاجئ.
المكا: ليلة هادئة بالمنزل. نورا تجهز العشاء في المطبخ. ليو دخل البيت ومعه مقاضي البيت. دقة مفاجئة على الباب اربكة الجميع.

ليو:  (يحط الأكياس على الطاولة وهو يتمطّى) مو عرفتك كذا صراحة. كل مرة تكونين تركضين مع الوقت وتسبّين أكواب القياس كأنهم سرقوك. بصراحة أحترم روحك القتالية بالمطبخ.
نورا:  (تبتسم ابتسامة بسيطة) إي والله… اليوم غريب شوي. ودي يكون يوم هادي… لو الدنيا بس تتعاون مرّة وحدة. (يجي طَرق قوي على الباب. نورا تجمّد بمكانها).
نورا: وش ذا؟ ... قول لي إنه مو بابنا.
ليو: يعني… إلا لو جانا جني يعرف طق أبواب… أكيد أحد عند الباب. بس لا تشيلين هم، يمكن توصيله.
نورا: أنا ما طلبت شي. أنت طلبت شي؟
ليو: لا، بس إحنا بالقرن الواحد والعشرين. مرات توصل بكجات بدون ما أحد يعرف ليش. يمكن واحد من هالهدايا التجريبية اللي تسجلين فيها بالغلط دائماً.
(طرق ثاني… أقوى شوي).
نورا: أوكي… هذا أكيد مو توصيل. هذا شخص واقف ينتظر… وواضح مستعجل. ليو… بالله لا تقول إنك عزمت أحد بدون ما تخبرني.
ليو: والله ما عزمت أحد. أعرف وضعك مع الضيوف اللي يجون فجأة. تصيرين تعطين ذيك النظرة اللي كأنه آخر يوم لي بالدنيا.
نورا: ما أسوي كذا!
ليو:  (يبتسم بخبث) سويتيها قبل نص ثانية بس.
نورا:  (تتنفّس بعمق) خلاص… نشوف مين. بس لو واحد من ناس اشتراكات المكنسة، بدخل وراك وأتخبا.
(تفتح نورا الباب. واقفة بنت… شايلة شنطة سفر).
نورا: ...أوه. أوه لا.أوه لا لا لا.
ليو:  (يطل من فوق كتف نورا) لحظة— ذي… ميا؟
ميا: هلا نورا. هلا ليو. أدري جيتي مفاجِئة… وأدري المفروض أتصل قبل… بس… الأمور تعقدت شوي، وما كان عندي مكان أروح له.
نورا:  (مصدومة بصوت واطي) ميا… إنتِ هنا؟ ليش… مع شنطة سفر؟
ليو:  (يتقدم بقلق) إنتِ كويسة؟ شكلك كأنك جريتي طول الطريق لهنا!
ميا:  (تتنفس بنبرة مهزوزة) صراحة وصفك دقيق. شقتي صار فيها… خلنا نقول “كارثة سباكة"". السقف بدأ ينقط بعدها صار فيضان مجاري من فوق على البيت. أخذت اللي قدرت عليه وطلعت قبل أنجن.
نورا: يا ربي… شي يخوّف. بس ميا… المفروض كلمتينا! رسالة… فويس… حمام زاجل… أي شي!
ميا: أدري… أدري كان لازم. بس توترت. وإذا توترت… المنطق يختفي. جيت هنا على طول… حسيت هالمكان هو الأمان الوحيد اللي طرى على بالي.
ليو:  (بلطف) مو لازم تتعذري بسبت التوتر. أهم شي إنك هنا وكويسة.
نورا: إي… وإنتِ تمام؟ بس ميا… كم ناوية تجلسين؟
ميا:  (بتردد، صوتها صغير) أنا… بصراحة مدري. يمكن ليلة… يمكن ليلتين. الفنيين قالوا يمكن أسبوع لين الشقة تصلح. بس والله ما أتوقع منكم تستضيفوني كل هالوقت.
ليو: هااا، لا تقولي كلام ما صار. إنتِ مثل الأهل. ولو احتجتي مكان، بنلقى حل سوا.
نورا: إي… بس تمنيت نعرف قبل. أنا أحتاج أجهز نفسي إذا تغيرت الخطة فجأة. مو إني مو ودي فيك… بس عقلي يحتاج وقت يستوعب ضيف في البيت.
ميا:  (تهز راسها سريع) فاهمة، فاهمة يا نورا. وبصراحة آسفة إني فجأة نطّيت عليكم. وإذا يريحك… أنام بالصالة… وما ألمس أي شي. أصير مثل الابجورة بالزاوية.
ليو:  (يضحك بخفة) ما نبيك تصيرين ابجورة. بس خذي نفس، يومك كان طويل وصعب.
(ميا تدخل. نورا تسكّر الباب ببطء وهي لسا تستوعب).
نورا: طيب… أوكي. خلّونا نجلس شوي. ميا، تبين شاهي؟ أظن الغلاية لسا دافية.
ميا: الشاهي ممتاز. أي شي دافي ممتاز. جسمي كامل حاس إنه قطعة ثلج ترجف توتر.
ليو: تبين تتكلمين عن اللي صار؟ ولا تبين تجلسين ساكته وتطالعي بالجدار لين مخك يشغل نفسه؟
ميا: يمكن مكس؟ لأن لو بديت أشرح كل شي، بنخنق بكاء… وودي أحافظ على كرامتي خمس دقايق زيادة.
نورا:  (ترجع معا شاهي، صوتها أرق) تفضلي… بابونج.
يمكن ما يصلّح سقفك الخربان… بس يمكن يهديك شوي.
ميا:  (تمسك الكوب ويدها ترجف) شكراً. صدق… شكراً لأنكم فتحتوا لي الباب بدون ما تحسون إني حمل زيادة. أنا جيت بأسوأ توقيت.
ليو: أسوأ توقيت كان لو جيتي يوم نورا رتّبت دولاب البهار. إنتِ جيتي قبل الكارثة.
نورا: ليووو— لا تفضحني.
ليو:  (يبتسم) مو فضيحة… هذا تذكير إنك تصيري تضحكين لما تتوترين.
نورا: مو… أوكي شوي.
ميا:  (تبتسم ابتسامة حقيقية أخيراً) حلو أضحك لأول مرّة اليوم.
ما توقعت كيف كنت مشدودة إلا الحين. وجودكم يخفف رهبة الأشياء دائمًا.
نورا: شوفي… أنا ما أحب المفاجآت، صحيح. بس أحبّك. وفرحت إنك جيتي هنا بدل تقعدين لحالك في شقتك اللي تحولت لحوض سمك.
ميا: شكراً… يعنيها لي كثير.
(لحظة هدوء. كلّهم يتنفسون).
ليو: طيب… وش الخطة؟ نلقى سكن مؤقت بكرة؟ ولا تبين تقعدين معنا لين نعرف وش الخطوة الجاية؟
ميا: إذا… إذا فعلاً ما يضايقكم… أبغى أجلس ليلتين. لين أعرف التأمين وش وضعه… وين أعيش وهُم يصلحوا سقفي.
نورا: تمام. بنرتّب المكان. بس… عطيني فرصة أتهيأ نفسيًا قبل نحرّك الأثاث، أوكي؟
ميا: أكيد. أنام حتى بالزاوية جنب الرف، أصغّر نفسي وأختفي.
ليو: لا تقولين كذا. لا إنتِ صغيرة، ولا ثقيلة علينا. إنتِ محتاجة مساعدة… وإحنا هنا أهلك ... خلاص.
نورا: بالضبط. بس مرّة ثانية… حتى لو حالة طارئة… أرسلي خمس ثواني رسالة، عشان ما أفتح الباب وأنا حاسة بكمين تصوير مفاجئ.
ميا:  (تضحك من قلب) تم.أوعدكم. لا مزيد مفاجآت بشنطة سفر… إلا إذا نبهتكم.
ليو: حلو. الحين نجلس، ناكل شيء، ونخطط لبكرة. بدون استعجال. بدون توتر. بس نهدى.
نورا: وبعد… حلا. حاسّه الليلة تحتاج حلا.
ميا: والله… هذا الكلام الصح.
(تنخفض الإضاءة… وهم يجلسون حول الطاولة، أخيراً مرتاحين).














المشهد 10





رايلي: (يدينها متشابكة، تطالع قدّام) يعني… شكله أخيراً بنسويها. بنجلس ونتكلم مثل الناس الكبار بدل ما نسوي إنه ما في شي. أنا لي أيّام أنتظر هالسالفة، تصدق؟
سام: (يتنفس ببطء وهو يلعب بسحاب الجاكيت) إي… أدري.
وأسف إنّي طولت لين أتكلم. أنا بس… كنت أحتاج وقت أفكّر كيف أشرح كل اللي صار بدون ما أطلع ملخبط أو درامي… مع إني غالباً بطلع كذا.
رايلي: أنا أحب الصراحة الملخبطة على السكوت اللي عطيتني إياه بصراحة. سام، حسّيتك اختفيت من الكوكب. حتى ميمز ما ترسل! أنت دايما ترسل لي ميمز!
سام: هذي أكبر علامة إنه في شي غلط. إذا ما قدرت أرسل حتى ميم بسس غبي… معناته عقلي مو في أحسن حالاته.
رايلي: (تلتفت له شوي بنبرة ألين) انت صادق. بس تقدر تشرح لي وش صار؟ لأنه من جهتي حسّيت كل شي طبيعي… وفجأة اختفيت كأنك تهرب مني.
سام: ما كنت أهرب منك. كنت أهرب… من السالفة نفسها. اللي أدري إنها تقريباً نفس الشي… بس النية غير، والله.
رايلي: سام… أنت تلف وتدور. وش السالفة؟
سام: (ياخذ نفس طويل) الرسالة اللي رسلتيها الأسبوع الماضي.
لما قلتي: “نحتاج نتكلم بأقرب وقت.” أدري الحين الموضوع يضحك… بس ذيك الكلمة دخلتني في حالة خوف.
حسّيتك بتواجهيني بشي قوي… أو بتقولين ما تبين صداقتنا… أو مدري… شي كبير.
رايلي: (ترمش، مصدومة) سام… كنت أقصد نتكلم عن تخطيط رحلتنا! رحلة القروب! اللي قلت تبغى تنسقها معي! حطّيت بعد ابتسامة!
سام: (اووهمم اممم) أدري… أدري. طوّلت أتأمل الابتسامة ذيك… وبرضو أقنعت نفسي إنها ابتسامة خبث لطيفة. الابتسامة اللي الناس يحطونها قبل ما يقولوا لك الخبر السيء.
رايلي: أنت فسّرت ابتسامة على إنها تهديد؟
سام: واضح إيه. عقلي يحب يتخيل… بس بدون فايدة.
رايلي: (تهز راسها وتبتسم رغم عصبيتها) يا الله يا سام… والله لو في جائزة لاستخراج دراما من الهوا… تفوز فيها بسهولة.
سام: قولي والله. تراني اليوم الثاني قعدت أحلل الرسالة كأنها شفرة من الـ FBI.
رايلي: كان بس تسألني وش أقصد!
سام: أبغى… بس تجمّدت. وكل ما طولت، صار أصعب أرجع أرسل. وبعدين أقنعت نفسي يمكن المسافة أحسن… مع إن ما كان له معنى… وبعدها دخلت بالدوامة— والحين إحنا هنا.
رايلي: إيه… هنا. شخصين كبار قاعدين بحديقة بالليل… لأن واحد منهم خاف من ابتسامة.
سام: إذا تقولينها كذا… الوضع يصير أسوأ.
رايلي: مو قصدي أحسسك بالذنب. أحاول أفهمك. لأن بصراحة… اشتقت أكلمك كل يوم. اشتقت لفضفضتك الغريبة… وآرائك الغريبة بالأكل… وطريقتك الدرامية بكل شي. المكان فاضي بدونك.
سام: (عيونه تلين) تشتاقين؟ ... كنت أحسب إني غالباً أزعجك نص الوقت.
رايلي: إيه تزعجني أحيان… بس مو بطريقة سيئة. أنت تجيب… مدري… حياة. حركة. فلما اختفيت فجأة… أنا بعد صرت أفكر كثير.
قلت يمكن قلت شي غلط… أو يمكن صداقتي لك ما كانت كفاية…
أو يمكن إني ما عاد صرت مهمّة له.
سام: رايلي… لا. بالله لا. أنت من أهم الناس بحياتي. وفكرة إنك ظنيتي ما يهمني… هذي توجع أكثر من كل شي ثاني.
رايلي: طيب ليه ما قلت لي؟ ليه ما قلت: “أنا خايف من الابتسامة”؟
سام: استحيت. أنا أعرف انه ما هو منطقي. وأعرف إنه اخترع مشاكل من ولا شي. واعترف لك بهالشي ... لشخص أهتم فيه… يحسّسني إني أكشف أضعف جزء فيني.
رايلي: بس هذا هو الموضوع يا سام. مو لازم تخبي الضعف حقك.
أحب أعرف وش تمرّ فيه… بدل ما أجلس أتخيل إني أنا السبب.
سام: (صوته أهدى) بحاول… صدق بحاول أتكلم قبل ما مخي يقلب كل شي لفيلم كارثي.
رايلي: تمام. لأني ما أبيك تختفي عني مرّة ثانية. وإذا أرسلت لك ابتسامة خبث صدقني بتعرف… بتكون ذيك الابتسامة اللي لها شكل مرعب واضح.
سام: (يضحك أخيراً) أوكي… ذي حقيقة تخوّف.
رايلي: شفت؟ كلام واضح.
سام: بس من جد… أسف. أني سكّرت الباب. وأنا خليتك تحسين إنه سحبت عليك. وأني تخيلت الأسوأ بدل ما أسأل.
رايلي: سامحتك. بس لا تعيدها. ولا تخلي الإيموجيز تتحكم بحياتك النفسية.
سام: ذي ما أقدر أضمنها… بس بحاول.
(لحظة هدوء مريحة بينهم).
رايلي: طيب… دام صفينا الجو… نرجع نخطط الرحلة؟ القروب يسألوني كل يوم مين يحجز الأكواخ… وأنا مخليّة الوضع كأنه كله تحت السيطرة.
سام: إي بالله… خلّينا نتكلم عن شي ما له علاقة بقلقي بسبب علامات الترقيم.
رايلي: تمام. لقيت كوخ عند بحيرة… له منصة كبيرة تطل عاليها. توقعت يعجبك لانك كل مرة تقول إن منظر الموية يهدي مخك.
سام: تذكرين ذا؟!
رايلي: أكيد. يمكن تشوفني سيدا… بس أنتبه. خصوصاً لك.
سام: شكراً…من جد. ...على صبرك… رغم إنك أكيد ودك تخنقيني.
رايلي: إي، ودي أخنقك. بس ودي أفهمك أكثر بعد.
سام: قدّرت هالشي. وأوعدك… المرة الجاية إذا خوّفني شي… بقول قبل ما أدخل في دوامة “إيموجي يدمّر حياتي”.
رايلي: ممتاز. لأني مو مستعدة أخسر أسبوع ميمز ثاني بسبب قلقك.
سام: تم. على فكرة… شكراً إنك جيتي اليوم… أعرف الوقت متأخر.
رايلي: عشانك؟ أجي لو الوقت أكثر من كذا بعد.
(يتبادلون ابتسامة دافية… والجو يتصفّى أخيراً).






المشهد الأول
المكان: صديقين، مايا وجون ويتشاركوا صباح بطيء في شقتهم. يسو قهوة سوا، يسو طقوسهم اليومية من الاسترخاء، ويشوفوا الرسائل الوصلتهم.

مايا: (تشد ذراعيها وتطالع قدّام وهي","؟ااااه. ثيو يا الله. لازم تشوف ذا الحين . لا اخس شوف , ليه اليكس ارسلى ابيك بكلمة؟  بالظبط . صح؟ ويش يقصد بها؟ ابيك بكلمة. عن ويش؟ وليه؟ متى ؟وين؟ وعن ويش",؟ااااه. ثيو يا الله. لازم تشوف ذا الحين . لا اخس شوف ، ليه اليكس ارسلى ابيك بكلمة؟ بالظبط . صح؟ ويش يقصد بها؟ ابيك بكلمة. عن ويش؟ وليه؟ متى ؟وين؟ وعن ويش,1,1,True,0.25,0.25,0.0,0.25,0.25
2,Arabic_SA,https://d2r5sftrozu18z.cloudfront.net/uploads/audio-segmentation/1095/2_hours/2_hours_Segment_008.wav,"لينا: بسبب المبدأ. كنت أبغى قهوة طبيعية. لكن لااا… لازم تكون حياتي درامية.
لينا: أنا ما أبِيهَا!
لينا: (آآآه) ممكن أوقف عن القهوة.
لينا: الدنيا ما تحبني.
لينا: ما أدري… ممكن لأني الأفضل.","بسبب المبدأ. كنت أبغى قهوة طبيعية. لكن لااا. لازم تكون حياتي درامية.
أنا ما أبِيهَا
آآآه. ممكن أوقف عن القهوة.
لدنيا ما تحبني.
ما أدري. ممكن لأني الأفضل.","بسبب المبدأ. كنت أبغى قهوة طبيعية. لكن لااا… لازم تكون حياتي درامية.
 أنا ما أبِيهَا
آآآه. ممكن أوقف عن القهوة.
لدنيا ما تحبني.
 ما أدري… ممكن لأني الأفضل.","المشهد ١ — دراما رسالة الجوال الغامضة
المكان: غرفة جلوس هادئة، آخر النهار. الجوال يهتز بلا توقف.
لينا: (تتنهد بضيق) ثيو! يا الله!، لازم تشوف ذا. الحين.
ثيو: (يتثاءب) وش فيه الحين؟ نهاية العالم خلاص؟ أو برجك الغبي حذرك؟
لينا: لا! أخَسْ. شوف… (تمد له الهاتف) ليه أليكس أرسل لي: ""أَبِيكِ بكلمة"".
ثيو: (شهقة) أخطر أربع كلمات في اللغة العربية.
لينا: بالضبط! صح؟ وش يقصد بها؟ ""أَبِيكِ بكلمة"". عن وش؟ وليه؟ متى؟ ووين؟ وعن وش؟
ثيو: (آآه تنهد) لينا، اهدي. ممكن بس يبي رأيك.
لينا: (تهز رأسها)  ممم ما في واحد يقول ""أَبِيكِ بكلمة"" لشيء عادي يا ثيو. هذه لغة جادة. لغة المواجهات. لغة ال…
ثيو: (يقاطعها) لغة الدراما اللي اخترعتيها بنفسك.
لينا: (تتأوه) كنت أعرف. حياتي صارت مسلسل. وأنا ما أدري.
ثيو: (يضحك) أنت السببتيها. أنت تحبين الدراما. تتنفسينها.
لينا: (منزعجة) هممف كييف؟ ما أحب الدراما أبد.
ثيو: (مستمتع بضحكة خفيفة) لينا، الأسبوع الماضي بكيتِ على إعلان… عن كورن فليكس.
لينا: (تدافع) كان يحزن! الأب اعتذر لأنه أكل آخر صحن!
ثيو: (يضحك) اييييه ببكي من الأحاسيس.
لينا: (تتمشى بقلق) طيب، ركّز اممم    وش اسوي؟ أرد؟ أسحب عليه؟ أقوله إن الواي فاي خرب ثلاثة أيام؟
ثيو: (آآآه تنهد) اسأليه بس وش يقصد.
لينا: (تصدم) بس كذا؟! ثيو، ترا ذا وضع حساس. ما تقدر تسأله كذا وش يبي. هذا… هذا يخرب الاحاسيس!
ثيو: (يضحك) أنت غبية. هي كلها شوية كلمات.
لينا: نعم! كلمات تخرب باقي اسبوعي!
ثيو: (يبتسم) دراما ما تخلص.
لينا: (بقلق خفيف) طيب، بأكتب: ""أوكي، وش فيه؟"" كذا تمام؟ رزين؟ غريب؟ لطيفة؟
ثيو: (هممممم) لينا… حلو. رد طبيعي. زي سويسرا ... محايدة.
لينا: (تكتب بسرعة) طيب. أرسلت. الحين نتوتر.
ثيو: (يضحك) أنت متوترة أصلًا.
لينا: والحين عندي سبب رسمي.
(الجوال يهتز)
لينا: ياااااااه! رد. ما أقدر اشوف. ثيو، اقرااه.
ثيو: (ينظر للهاتف) هممم.
لينا: (متجمدة) ""هممم""؟ وش تقصد بـ ""هممم""؟ ثيو، لا تعلقني!
ثيو: (يبتسم) اهدي. يقول إنه يبي يساعدك في جدولة حفل مفاجئة لصديقتك نورا.
لينا: (تفقد توترها فجأة) …آهاااا.
ثيو: (ينفجر ضاحكًا) سويتي دراما كبيرة علشان ذا بس؟ 
لينا: (بحرج) أكرهكم كلكم.
ثيو: لا، لا تكرهين. أنتِ تحبين الدراما… والدراما تحبك.
 
 
 
المشهد ٢ — أزمة القهوة في المقهى
المكان: مقهى مزدحم، وقت الصباح.
لينا: (متوترة) ثيو. حياتي انتهت. مرة ثانية.
ثيو: (يشرب القهوة) خليني أخمّن… خَلَص حليب الشوفان؟
لينا: نعم! كيف عرفت؟
ثيو: لينا… هذا المقهى يخلص فيه حليب الشوفان كل يومين. طبيعي.
لينا: (آآآه) بس هم يعرفون أني أحتاجه. أنا ما أتحمل اللاكتوز… عاطفيًا وجسديًا.
ثيو: (يضحك) لاكتوز عاطفي؟
لينا: نعم. الحليب يجرح روحي.
ثيو: خذي حليب لوز.
لينا: (هاااعع) لوز؟ طعمه زي النكد مخلوط بخشب.
ثيو: (يضحك) يا الله! أنت درامية.
لينا:  والباريستا أعطتني نبرة لما سألت عن حليب الشوفان الموجود عندهم في المخزن.
ثيو: وش قالت؟
لينا: قالت: ""نحن ما نخبي الحليب في مخزن سري.""
ثيو: (يضحك) معها حق.
لينا: لكن قالتها بدون نفس يا ثيو. بدون نفس.
ثيو: (هاها) بدون نفس؟ اتصلي بالشرطة طيب.
لينا: بالضبط! لازم أقدم شكوى.
ثيو: بسبب الحليب؟
لينا: بسبب المبدأ. كنت أبغى قهوة طبيعية. لكن لااا… لازم تكون حياتي درامية.
ثيو: (يبتسم) الدراما تلحقك زي الكلب الوفيّ.
لينا: أنا ما أبِيهَا!
ثيو:  أنت حرفيا تجذبيها.
لينا: (آآآه) ممكن أوقف عن القهوة.
ثيو: (يضحك) حاولت من قبل ... صمدتي سبع ساعات.
لينا: الدنيا ما تحبني.
ثيو: على وش ما تحبك؟
لينا: ما أدري… ممكن لأني الأفضل.
ثيو: (قهقه) أكييد.
 
 
 
 
 
 
 
 
 
 
 
المشهد ٣ — كارثة قروب الشات
المكان: نفس المقهى، بعد فترة في الصباح.
لينا: (تنظر لهاتفها) لااا… ثيو، شوف. شوف!
ثيو: (يميل نحوها) وش فيه الحين؟ خلص الحليب بَعَدْ؟
لينا: أخَس. القروب مولّع.
ثيو: (اوووف) يا ساتر. وش فيه؟
لينا: واحد سأل: ""أي فيلم نشوف الليلة؟"" والحين فيه… 42 رسالة في دقيقتين.
ثيو: (هاهاهاها) هذي فوضى، مو دراما.
لينا: لا، دراما حقيقية. شوف ... إيلا تبغى رعب. بن رافض لأنه ""ما يتحمّل الرعب"". ميرا تشوف بس رومانسي. وجونا يبغى وثائقي… عن السحالي.
ثيو: (هاهاهاهاه) سحالي؟!
لينا: نعم! والأدهى والأمر… واحد منهم كتب اسمك وقال: ""ثيو يحدد"".
ثيو: أنا؟ ليه أنا؟
لينا: لأنك المحايد. يعتبرونك وسيط سلام.
ثيو: (ساخر) مسؤولية كبيرة ذي.
لينا: ثيو، لازم تختار بحكمة. هذا مجلس أمم متحدة.
ثيو: لينا… هو بس فيلم.
لينا: (تهمس بانفعال) لا. هذه سياسة اجتماعية.
ثيو: طيب… اختار… كوميديا.
لينا: يا ربيي… خطأ. بِن يكره الكوميديا. إيلا تقول الكوميديا ""سطحية عاطفيًا"". وميرا تبكي على الكوميديا أكثر من الرومانس.
ثيو: كيف؟
لينا: ما في منطقية. القروب ذا يدمّر العلاقات.
ثيو: (آآآخخ) أنتم كلكم مجانين.
لينا: (شهقة درامية) نحن! الحين القروب كله يصارخ لأن جونا ما يبغى غير السحالي.
ثيو: (هاهاهاهاها) أفضل خبر سمعته ذا الأسبوع.
لينا: كابوس… كابوس زواحف.
ثيو: تبين حل؟
لينا: نعم! أنقذنا!
ثيو: (يكتب) يلا، أقول: ""خلا نصوّت"".
لينا: (اوووه) أنت عبقري.
ثيو: أعرف.
لينا:  والحين ننتظر…
(لحظة انتظار)
لينا:  الحين في 15 صوت، 10 منهم كوميديا.
ثيو: قلت لك. الديمقراطية تفوز.
لينا: (تنهد) ثيو… انت أنقذت العالم.
ثيو: (هاهاهاهها) مبروك لنا.
لينا: بصراحة، حياتنا مليانة دراما.
ثيو: حياتك أنت. أنا بس الشخصية اللي تصلح الفوضى حقتك.
لينا: (هيهيهي) وأنت تحب تصلحها.
ثيو: (هاهاهاهاهها) يمكن.
 
 
المشهد ٤ — كارثة المحفظة الضائعة
المكان: خارج السوبرماركت، آخر النهار.
مايا: (مذعورة) جوردان! جوردان! جوردان! محفظتي ضاعت! دورت في شنطتي مرتين ... لا ثلاث ... يمكن خمس... مو في! اختفت!
جوردان: (بهدوء يشرب) تمام… متى آخر مرة شفتيها؟
مايا: (تلوّح بيديها) ما أعرف! يمكن في المحل، في السيارة… لااا أدري! أنا بنجن!
جوردان: طيب… اهدي. وين كنتي لما عرفتي إنها مو معك؟
مايا: (تشير لمقعد) هنا! جلست، حاولت أخذ مفاتيحي، وفجأة… الدنيا قررت تعاقبني.
جوردان: يعني المحفظة تبخرت؟
مايا: يمكن! يمكن صارت لها أرجل! وهربت تعيش حياتها الخاصة.
جوردان: محفظتك هربت؟ هذا تفسيرك؟
مايا: لا تضحك علي في مصيبتي!
جوردان: (يضحك) ما اتريق عليك، بس الاحظ الدراما حقتك… طيب خلنا نرجع كم خطوة ونتأكد. دخلتِ السوبرماركت، وبعدين وين رحتي؟
مايا: رحت لقسم الخضار… أخذت تفاح… بعدها رجعته ما عجبني. بعدين…
جوردان: مايا. ركيزي. طلعتي المحفظة وقتها؟
مايا: يمكن؟ مسحت البطاقة وأنا طالعة، بس ما أدري إذا بالمحفظة ولا الجوال؟ لااا… ممكن تركتها عند الكاشير؟ ماذا لو واحد سرقها؟
جوردان: (يطبطب) هي محفظة، مو كنز وطني. نروح نسأل—
مايا: (تمسك ذراعه) لا دقيقة! فتش شنطتي! يمكن تلقاها لأني ما أشوف!
جوردان: تريديني أغوص في الثقب الأسود اللي تسميه شنطة؟
مايا: نعم! لأني ما أثق بنفسي
جوردان: (هممم) خلنا نفتش ... فواتير… أقلام؟ ليه 17 قلم؟ و… سناكات. وأكيد ما في محفظتك.
مايا: (تجلس منهارة) انتهيت. بطاقاتي… هويتي… بطاقة المكتبة! يا ربيي، وش بيصير لو واحد استعار كتب باسمي!
جوردان: نعم، أكيد ذي المشكلة! مو فلوسك أو بطاقة البنك ... المشكلة الحقيقية هي غرامات تأخير الكتب.
مايا: لا تتريق! ترا الوضع جد!
جوردان: طيب… وين كنت قبل قسم الخضار؟
مايا: قسم اللحوم…  أخذت شرايح تركي ، والبنت الشغالة هناك طولت إلى ما تقطعهم… حسيت أني كبرت عشرين سنة!
جوردان: واستخدمتِ المحفظة؟
مايا: لا ... ما ادري الصدق. إلا لو استخدمتها! أو لا. يا الله! أنا عديمة المسؤولية.
جوردان: (يضحك). أول خطوة: الاعتراف أنك غير موثوقة.
مايا: (آآآه) انتظر ... يمكن تركتها في السيارة!
جوردان:  ما فتشتيها؟ 
مايا: بعيوني بس! يمكن كانت متخبية عن عيني.
جوردان: محفظتك ما هي كائن حي يتحرك ويتخبى لحاله.
مايا: أنت ما تدري! يلا نروح السيارة.
(يذهبون للسيارة)
جوردان: (يفتش) همم، يلا! وقت التفتيش الصح. جانب الكرسي ... درج الراكب ... الدرج بين الكرسين ... تحت السيارة ... لا، ما في شيء.
مايا:  اوووف، خلاص بس… كذا بأتصل بالشرطة.
جوردان: يعيني وش بتقولي؟. ""هلا، نحتاج حملة تفتيش عن محفظة عليها ورود.""
مايا:  ها وش أسوي؟
(رجعوا للمتجر)
مايا: (متوترة عند الكاشير) اممم السلام عليكم، \ لو سمحتي في أحد سلّم محفظة ضايعة؟ عليها ورد وشكلها حلو، فيها حياتي كلها؟
الموظف:  (تتأكد الموظفة) لا، للاسف.
مايا: (تهمس) ما حطلع من البيت مرة ثانية.
جوردان: سؤال!… جربتي جيوب الجاكيت حقك؟
مايا: مستحيل. أنا ما أحط شيء فيها. صغيرة مرة.
جوردان: مايا. تأكدي.
مايا: اااخ طيب (تحط يدها بجيبها)… انتظر… لحظة…
جوردان:  ااخ ... لا تقولي…
مايا: (تسحب المحفظة من الكم) مستحييييل!!
جوردان: (ينهار ضاحكًا) في جيبك… طول ذا الوقت في جيبك
مايا:  ماني فاهمة! ما قادرة استوعب الموضوع! 
جوردان: مبروك. القضية تقفلت. المحفظة ما هربت.
مايا: مستحيل. في واحد حطها في جيبي.
جوردان: إيييه صح، عميل سري دسها في جيبك.
مايا: وقف لا تِنَكِت علي!
جوردان: يا عالم… أكثر إنسانة درامية.
مايا: أكرهك.
جوردان: لا. ما تقدرين.
مايا: …يمكن. بس لا تقول لأحد عن الحصل.
جوردان: حكلم الكل.
مايا: جوردااان!!!!
جوردان: (يضحك) محققة المحافظ، يلا نرجع البيت قبل تضيعي الجاكيت حقك.
 
 
 
 
 
 
 
 
 
 
 
 
 
 
 
 
 
المشهد ٥ — انهيار نهاية الأسبوع
المكان: غرفة ريا، مساء الجمعة. السناكات على الطاولة والجوال يرن كل فترة.
ريا: (تدخل الغرفة) نوح! عندنا كارثة حتنهي العالم.
نوح: (من دون يطالع فيها) خليني أخمّن… وقفوا إنتاج شبسكك التحبيه؟
ريا: أسوأ! حجزت لنفسي… أربع مناسبات مختلفة… بيوم واحد!
نوح: أربعة؟
ريا: نعم! السبت بيقتلني!
نوح: طيب وش هي؟
ريا: أول وحدة: فطور عيد ميلاد بنت خالتي… لو ما حضرت بتبكي. 
نوح: يعني مناسبة أهل إجبارية.
ريا: الثانية: صديقتي تارا تنقل من بيتها وقالت ""أنت الوحيدة اللي ما تكسرين الأشياء"". ضغط كبييير علي.
نوح: غلطانة المسكينة.
ريا: الثالثة: ورشة الفخار اللي أنتظرها من سنة. دفعت فلوسها وما بترجع، روحي الإبداعية تبكي.
نوح: هممم هممم وش الرابعة؟
ريا: الرابعة: رحلة تسلق، مع فريق الشغل.
نوح: يعني إفطار… نقل… فخار… تسلق. في يوم واحد؟
ريا: إيه! ليه سويت بنفسي كذا؟
نوح: صراحة… إنجاز. تراكم عدى خيالي.
ريا: نوح! ما أقدر أكون في أربع أماكن مرة وحدة! أنا مو سوبر مان!
نوح: طيب، خلينا نشوف توقيت كل حدث.
ريا: الفطور الساعة 10. النقل الساعة 9 لكنها قالت ""تعالي وقت ما تبين"". الفخار الساعة 1. التسلق ""العصر"".
نوح: وتبين تحضري لكل ذي المواعيد؟
ريا: بالضبط! وهذه هي المشكلة!
نوح: هااهاهاه تقدرين على اثنين… يمكن ثلاثة لو عندك الانتقال السريع زي الانمي.
ريا:   اوووف يا ليتني أقدر انتقل بسرعة.
نوح: طيب… وش المناسبة الما تقدري تتأخري فيها؟
ريا:  همممم الفخار حدث لمرة وحدة ومحجوز من أول.
نوح: طيب كذا ثابت ... ووش بعد؟
ريا: الفطور، مشاعر قريبتي في خطر لو ما جيت. وكيكة مجانية.
نوح: الاهل الأقرب. كذا الفطور والفخار هي الثابتة. 
ريا: كمان حبكي لو ما رحت للفخار.
نوح: تمام. التسلق والنقل، و ... وين ناقلة صديقتك؟
ريا: بالاتجاه الثاني من المدينة. حرفياً.
نوح: والتسلق؟
ريا: طريق ما سمعته من قبل. والكثير من الحشرات.
نوح: يعني ما تبي تروحي؟
ريا: لا، بس لازم اروح. تلاحم الفريق، ونقاط توظيف حلوة. أنت تعرف، الوظيفة وانك تكون مسؤول.
نوح: هيهيهي. مشاكل موظفين.
ريا: للأسف.
نوح: طيب، عندك مناسبتين وبالكثير ثلاث وكنسلي الباقي.
ريا: أكنسل! أكنسل!! تستهبل! كلهم حيظنوا اني عديمة مسؤلية! حيقصوني من المجتمع وأصير منبوذة.
نوح: انتِ مو حتنطردي من المجتمع لانك ما رحتي لرحلة تسلق!
ريا: أنت ما تدري.
نوح: ههاهاهاها. طيب، وش رأيك لو كلتمي صديقتك أنك بتساعديها  في اليوم البعده؟
ريا: هممم قالت انها حتفك أغراضها نهاية الأسبوع كله.
نوح: بالضبط، ساعديها اليوم كله.
ريا: ذا ممكن ينفع ...
نوح: حلو، كذا باقي التسلق.
ريا: اااااخ التسلق!
نوح: ودك تروحين؟
ريا: ولا دقيقة.
نوح:  طيب لا تروحي.
ريا: لكن!
نوح:  ما في لا. قولي عندك الحق تكون عندك حياة برا الشغل.
ريا: وش أقول؟ ""اسفة، ما حاسة بالطاقة والدراما معاكم""
نوح: هاهاها. بدون دراما، ارسلي لهم ""عندي إلتزام أكثر أهمية"".
ريا: مَلَلَ.
نوح: احترافي.
ريا: اوكي، لكن على الأقل أقدر أقولهم مشغولة بشيء مهم؟
نوح:انت تسوي شيء مهم. مناسبة فطور، وورشة فخار إبداعية.
ريا: كذا السبت عبارة عن إفطار وفخار. 
نوح: مناسبتين تقدري عليها مو جدولة زفت.
ريا: نوح أحس اني منتعشة!
نوح: هيهي. قلت لك. كان باقي لك شوي وتخشي في مصيبة.
ريا: قربت ارسل لهم رسالة طويلة مليانة أعذار وايموجيز.
نوح: هاهاها. كويس وقفتك. ما في أحد يحتاج يقرأ تقرير من الاعذار.
ريا: كذا اقدر ارتاح. يومي ما اخترب.
نوح: بالضبط، عديتي مصيبة الجدولة.
ريا: لا تخلي الوضع درامي.
نوح: تعلمت منك.
ريا: هييي
نوح: امزح معك. بس كويس عرفتي أولياتك، واخترتي اثنين منهم.
ريا: هيهي. شكرا نوح. حتى لو أنت تتريق علي طول الوقت.
نوح: بس شوي. ولو صار فيني كذا متأكد أنك حتضحكي علي.
ريا: أكيد. 
نوح: بالضبط، خلنا نرتاح الحين. انقذت يومك.
ريا: انا المستقبلية لازم توقف تقول نعم لأي شيء.
نوح: تكفى اكتبيها في ورقة صغيرة وعلقيها عندك.
ريا: أن شاء الله بسويها.
(الاثنين جالسين على الكنبة مرتاحين.)
ريا: والحين ... وش نسوي اليوم؟
نوح: أي شيء إلا زيادة مواعيد بكرة.
ريا: اتفق.





المشهد ٦ — الصوت الغامض عند منتصف الليل
المكان: شقتهما، منتصف الليل. سكون… أو ما يقاربه 
(يسمع صوت خبطة)
سام: (هاااع) ليلا! اصحي! اصحي الحين!
ليلا: (نصف نائمة) لا. مو صاحية. إلا لو الشقة تحترق. غير كذا، لا.
سام: أحس في أحد بالبيت.
ليلا: (بعينين مغلقتين) هذي الثلاجة. كل ليلة تسوي كذا. من زمان.
سام: لااا هذا ما كان صوت شيء اعرفه من البيت.
ليلا: سام، ترا كل الأصوات تخوف آخر الليل وكمان إذا انتِ خايفة. 
سام: تكفين! قومي. يمكن حرامي. أو حيوان. أو ... يا ساتر ...قطو معصب!
ليلا: قطو معصب؟ هذا اللي مخك فكر فيه؟
سام: القطاوا تتهاوش آخر الليل. حرامية صغار عندهم أظافر!
ليلا: آآآخ منك ... طيب، طيب. كيف كان الصوت.
سام: كان زيي… بووم. بس مو أي بووم. بووم من اللي تجيك وتقول ""الوضع خطير"".
ليلا: وصف مفهوم جداً يا عبقرية!
سام: ترا الوضع جد!
ليلا: (اووااه) بوقف لما ما توقفي عن الصرخة البخفيف ذي. 
سام: أهمس كذا عشااان ما ننسمع من الحرامي.
ليلا: لو فيه حرامي، كان سمع دقات قلبك. دقات طبول اعراس.
سام: طيب، طيب اسمع ... هذا هو مرة ثانية!
(صوت خفيف ثاني)

ليلا: سام… هذا كيس الشيبس اللي تركتيه على الطاولة. توه طاح. من قال ""بأكل بس ثلاث حبات"" وآخر شيء أكلت نص الكيس
سام: ذا قبل ساعات ليش يطيح الحين؟ ليش مو قبل؟
ليلا: الجاذبية؟ الوقت؟ حركاتك حقت كل يوم المضرة بصحتك؟ اختَر واحد فيهم.
سام: لا تنكتي! نحتاج نتأكد.
ليلا: لا، أنت تحتاج تنام.
سام: ليلااا تكفى. بس شوي تعالي معاي لو في غدرة.
ليلا: (تسك آآآخ) طيب! لو ما في شيء بتسوي بكرة بان كيك.
سام: تم.
(يتسللان في الممر)
سام: (يهمس) تحركي بشويش، وخليكِ وراي.
ليلا: ليه وراك؟ مو أنت اللي خايف. ومفروض تخليني درع لك.
سام: أنتِ أشجع.
ليلا: (اييه) أنا مو شجاعة… أنا تعبانة. ما يهمني لو نموت.
(يصمتان للحظات)
سام: هششش.
ليلا:  ما في شيء. ممكن نرجع الحيـــ
سام: انتظري! سمعت صوت!
ليلا: (اووف) ذا بطنك.
(يدخلون المطبخ)
سام: (يطالع من طرف الزاوية) (هممم) مصيبة أكبر مما توقعت.
ليلا: وش فيه؟
سام: باب الدولاب مفتوح شوي.
ليلا: يعني تركته مفتوح، زي كل مرة.
سام: لااا! والله إني سكّرته!
ليلا: (اوووف) سام… أنت تحلف كثير. وكل شيء أنت تسويه أصلا عكس!
سام: أنتِ ما تفهمين! لو في واحد فتحه؟
ليلا: زي وش؟ جني يدور على ملح؟
سام: ممكن.
ليلا: (ااااخ) جني دخل المطبخ ... في نص الليل ... بس يفتح الدولاب ويطلع؟
سام: لما قلتيها كذا ... حسيتها عبيطة.
ليلا: لأنها عباطة!

(صوت خفيف وكأنه كيس)
سام: شفت؟! أكيد في شيء في المطبخ
ليلا: (تنحني وتشوف) ايييه ... خلنا نشوف مسرح الجريمة. ... شوف! كيس الشيبس على الأرض.
سام: في واحد طيحه!
ليلا: شيء في الفيزياء اسمه الجاذبية وأنك حطيته مطرف على الرف.
سام: مستحييل! حطيته كويس على الرف.
ليلا: ... اووه صحييح. واضحة من عاداتك الكويسة.
سام: (اووف) خلنا نفتش في الصالة.
ليلا:سااام.ساااام. ترا نص الليل، ما حسوي تفتيش كامل للشقة!
سام: ما عليك، كلها دقيقتين.
ليلا: حتأخذ 10 دقايق! لانك تفتش زي العساكر.
سام: اسمه اتقان العمل.
ليلا: ذا اسمه الوسوسة.
(وصلوا الصالة)
سام: الستارة تحركت!
ليلا: لأنك مشيت. والهواء حركها.
سام: متأكدة؟ ممكن يكون ...
ليلا: لا تقول جني.
سام: طيب، حقول الهوا
ليلا: شفت! شيء معقول.
سام: لكن… ما فيه شباك مفتوح.
ليلا: طيب ... هذا غريب.
سام: قلت لك!
ليلا: لحظة… سكّرت باب البلكونة؟
سام: أظن؟
ليلا: تظن؟ سام! كذا تبدأ أفلام الرعب!
(يتفحصا الباب)
سام: (مرتاح)(اااه) مقفل.
ليلا: الحمد لله. يعني ما فيه شيء يخوف ...
(صوت حركة خفيفة)
سام: وش هذا؟!
ليلا: (خافت بس تتدعي الثبات) وكانه شيء يجلس.
سام: وش الي شيء يجلس؟؟
ليلا: مدري!!
سام:  سلة الغسيل طاحت!
ليلا: (شافت السلة) حطيت جزمتك الثقيلة فوق علشان كذا طاحت السلة.
سام:  الجاذبية مسوية شغلها الليلة.
ليلا: (هاهاهها) أنت اسمج انسان خايف قابلته.
سام:  سعيد أنه خوفي ضحكك.
ليلا: لآخر درجة، الحين أنا مصحصة.
سام: يعني تقتنعين إنه فيه شيء؟
ليلا: لا. مقتنعة أنك أنت المحتوى.
سام: لكن—
ليلا: سام… الأبواب مقفلة. ما فيه أشياء مكسورة. لا قطو. لا جني. كل شيء كويس.
سام: أكيد؟
ليلا:  يب أكيد.
سام: يمكن… بالغت شوي.
ليلا: شوي؟
سام:  اوكي ممكن كثير.
ليلا: بس عادي. أنت تخاف بالليل. سام الليل شخص ثاني.
سام: الظلمة والهدوء تخوفني.
ليلا: الخبر الحلو هنا انه خيالك هو الجني.
سام: (هاهاها) صحيح صحيح.
ليلا: يلا نرجع ننام… قبل ما يخوفك صوت الثلاجة.
سام: بس متأكد انه الشيبس ما طاح لحاله.
ليلا: (أييييه) أكييد ... طاح الشيبس لحاله لأنك ما تعرف تحطه زي الاوادم.
سام:  (هاهاهاها) ما ودك توقفي تريقة؟
ليلا: أبد ما بوقف.
(رجعوا للغرفة)
سام: شكرًا لأنك قمتي.
ليلا: عندي بانكيك. وقهوة.
سام: تم.
ليلا: وإذا سمعت صوت بعدين؟
سام: بأخذ نفس… قبل ما أتهم قطو شرير.
ليلا:  حلو التطور.







المشهد ٧ — كارثة الرسالة الخاطئة
المكان: غرفة مايا. عصر. مايا تمشي ذهابًا وإيابًا وهي تهتز من التوتر. جوردان يشرب شاي.
مايا: (مرتبكة) جوردان! جوردان! جبت العييد!
جوردان: (هادئ جدًا) خذي نفس… وش صار؟
مايا:  ما في وقت للهداوة ... أرسلت الرسالة.
جوردان: أي رسالة؟ أنت ترسلين ألف رسالة يوميًا.
مايا: مو هذي! أرسلت رسالة غلط وفي وقت غلط لشخص غلط!
جوردان: لمن؟
مايا: لمديري.
جوردان: …العييد ... وش ارسلتي فيها؟
مايا: تتذكر كلامي لك قبل شوي… لما قلت إنه ""يشغل الفريق مثل GPS خربان""؟
جوردان: لا تقولي—
مايا: أرسلته له! على رقمه الخاص! ومع إيموجيز!
جوردان: (اوووف) هذه… (هسسس) مصيبة والله.
مايا: أخيراً استوعبت المصيبة!
جوردان: هذي مصيبة بس كمان تحسها جرأة منك.
مايا: جرأة! أنا بنطرد، يحاكموني ويضيع مستقبلي، وحتى انخطف من ال HR
جوردان: ال HR ترا ما يخطفون الناس.
مايا: (اييييه) صدق؟ شكلك ما شفت ايميلاتهم. مليانة لهجة وعيد وتهديد تقول بيقتلوك.
جوردان: (هي هي) اوكي اسف.
مايا: وش اسوي الحين؟
جوردان: أول شيء اهدي. حفرتي الأرض من حركتك.
مايا: ما اقدر، لو وقفت بنفجر من التوتر والخوف.
جوردان: اوكي، انفجري بالراحة.
مايا: ما ابغى انفجر بالراحة. ابغى الغي الرسالة.
جوردان: جربتي تحذفيها؟
مايا:اكيد. بس الدنيا تكرهني. بس في زر حذف لدي، وما في حذف للجميع.
جوردان: ذا الزر الغبي ما منه اي فايدة.
مايا: بالضبط. وش اسوي الحين؟
جوردان: انتظري بس.
مايا: أنتظر! أنتظر!! جوردان أنا روحي ما تتحمل الانتظار.
جوردان: ما عندك حل، إلا لو تهكري جواله بطريقة الأفلام.
مايا: لا تغريني! ترا شوي واسويها.
جوردان: طيب طيب. خلنا نفكر بواقعية.
مايا: واقعية؟ يا جوردان، ما عندي غير أفكار سلبية.
جوردان: طيب، انت فكري بدرامتك وانا بفكر بعقلانية لنا الاثنين.
مايا: تم.
جوردان: اسوء شيء بصير أنه يقرأها ويطلب يكلمك علشان يعرف وش السالفة. 
مايا: يكلمني؟؟ هذه لغة ال HR علشان تجهز آخر كلامك
جوردان: لا، مرات يكون نقاش بسيط.
مايا: آخر ""نقاش"" خلوني فيه المسؤولة عن حفلات الميلاد.
جوردان: (آآخ) مثال زفت. نشوف شيء ثاني.
مايا: (ايييه) قاعدين يقروها. كنت أدري. ليه ما علقوا على الرسالة؟ ليه صارت صحين ازرق بدون رد؟ ليه ""يكتب الآن""
جوردان: علامة واحد يكتب؟
مايا: ايه. تظهر وتختفي. قاعد يكتب نهايتي. ويمسحني من الوجود.
جوردان: أو قاعد يكتب لستة السوق، وفتح شاتك بالغلط.
مايا: لا. يقصد يسوي كذا. هذه غلطتي لأني غلطت عليهم.
جوردان: كانت تضحك على الأقل.
مايا: جوردان. بالله وقف مدح تريقتي.
جوردان: اسف. طيب. خلنا ندور طريقة نخفف بها المصيبة الجاية.
مايا: ايييه بالله عليك. عطنا الكلمات للاعتذار المثالي.
جوردان: تمام. وش رأيك في ""هلا. انا اسفة، الرسالة ذي جاتك بالغلط"".
مايا: قصيرة، وتبين أني مو مهتمة.
جوردان: طيب. وش رأيك ""متأسفة جدا، في سوء فهم ...""
مايا: لا! كذا يصير كأني الغلطانة. ابغى شيء عادي بس محبطُ.
جوردان: نبرة عادية بس محبطة ... طيب وش رايك ""اعتذر عن الرسالة الغلط. اترسلت برا سياق السالفة""
مايا: برا السياق؟ ما في مبرر اني اذب على رئيسي برا السياق.
جوردان: ممكن تصير.
مايا: كيف؟ الا لو الدنيا اهتزت!
جوردان: تدرين! ممكن تصير كذا!
مايا: انا ما اطقطق يا جوردان! 
جوردان: صحيح، معليش. طيب، اعتذري وخلاص، من كل قلبك.
مايا: أضيف ايموجيز؟
جوردان: لا. أكيد لا. بدون ولا واحد.
مايا: ولا حتى وجه حزين؟
جوردان: لا. هذا بزيد المصيبة. الكبار ما يحطو ايموجيز في رسالة اعتذار.
مايا: اوكي. تمام. كتبت الرسالة.
جوردان: اقريها.
مايا: (تقرأ) ""السلام عليكم، انا اعتذر بصدق عن الرسالة الوصلتك سابقا، كانت لصديقتي. كنت افرغ توتري واحباطي لصديقتي، لكن المفروض اتعامل معه باحترافية. اعتذر لك بصدق"".
جوردان: ممتاز جدا.
مايا: أرسلها؟
جوردان: ارسليها.
(أرسلتها وندمت على مباشرة)
مايا: يا الله، يا الله! ليه سويت كذا؟ ليه خليتني أرسلها؟
جوردان: لأنه ذا الأصح. وأنت كبيرة ووقفي لعب العيال.
مايا: يكتب مرة ثانية!
جوردان: ممتاز. كذا تفاعل مع الرسالة.
مايا: أو ... أو قاعد يكتب رسالة طردي.
جوردان: انا متأكد انها ما تنكتب بجوال.
مايا: يسوها لو معصبين.
جوردان: اهدي. خلنا ننتظر.
مايا: طيب ... جوردان، مو قادرة اتنفس.
جوردان: تنفسي عادي، ما في مشكلة يا بنت!
(الجوال يهتز)
مايا: يا الله! رد.
جوردان: اقريها.
مايا: (تقرأ بشويش) امممم ""السلام عليكم، شكرا على صدقك. كلنا بنمر بلحظات احباط احيانا. بكرة خلنا نتكلم عن ستراتجيات تواصل افضل"".
جوردان: شفتي؟ ما طردك ولا دمرك ولا خطفك.
مايا: (آآآآآآه) يا الله، انا عايشة ... أنا عايشاااااة.
جوردان: مبارك عليك. نجيتي من حادث رسالة عظيم.
مايا: ما بسويها ثاني. من اليوم بتأكد ثلاث مرات قبل اراسل أي أحد.
جوردان: حلو
مايا: وببلكك وقت الشغل.
جوردان: هييي، وليه أنا الياخذ بلوك؟
مايا: لأنك تخليني اروح اشتكي بدراما كثيرة.
جوردان: ما تحتاجي حتى دفة مني.
مايا: اتفق معك ...
(ضحكوا سوا)
جوردان: ها ... تبين شاي؟
مايا: اييه، خله رايق ومظبوط. كأنه حضن.
جوردان: ابشري.
مايا: جوردان؟
جوردان: هلا؟
مايا: شكرا لك لانك انقذتني.
جوردان: بأي وقت. 















المشهد 8 – السر خرج للعلن.
المكان: اراف وريا يتشاركوا شقة. المساء. مطر برا. صوت المطر على الشباك. ريا تجلس على الكنبة، متوترة تقلب بجوالها. اراف تدخل ومعاها كوبين شاي.

اراف:  (يحط الشاهي بهدوء فوق الطاولة) سويت لك بابونج… النوع اللي يهدّيك، اللي تحبينه. حسّيت يمكن تحتاجينه اليوم. من الصبح وأنت ساكته… واضح إن في شي بخاطرك ما قلتيه.
ريا:  (تبتسم غصب وهي تطالع الكوب) يعطيك العافية… صدق. بس أنا تمام. بس… تعبانة شوي، تعرف؟ الشغل طويل… وأشياء تتراكم… يعني شي طبيعي.
اراف:  (يجلس جنبها شوي) ريا، الله يهدّيك. إحنا عايشين مع بعض من زمان وأعرف “تمامك” يوم يكون صِدق… ويوم تحاولين بقوة تسوين إنه ما في شي. واللي عندك الحين… مو ضغط شغل عادي.
ريا:  (تتنفّس بشوي رجّة) مدري يا أراَف… أحسني متلخبطة من الحياة يمكن. كل شي أحسه واجد الفترة ذي. وما أبي أسحبك معي للنكد.
اراف: بس أنا أبي تسحبيني إذا هذا بساعدك. مو لازم تشيلين كل شي بروحك. أنتِ تعرفين هالشي، صح؟
ريا: (نبرتها تلين) إي… أدري. بس ما كنت أبي أزيد عليك هم فوق همومك. أنت تتحمّل واجد.
اراف: ريا… قلقي يزيد لما تقفلي علي كذا. لما أشوفك شوي وتنهاري وتقولين لي “أنا تمام”… ذيك اللحظة تخوّف. والحين… أنا خايف، لأني حاس إن في شي غلط.
ريا:  (تطالع بعيد) مو إني ودي أخبيه… بس… ما كنت أعرف كيف أقوله بدون ما يكبر الموضوع… أو بدون ما تطالعني بنظرة ثانية.
اراف:  (يميل قدّام شوي) أطالعك بنظرة ثانية؟ وش يعني؟ وش ممكن تقولينه يخلي نظرتي لك تتغيّر؟ أنتِ ريا. انت الكون كله لي. ابَدّي من هالنقطة… وقولي لي.
ريا:  (يديها ترتجف شوي) اوكي… أوكي تمام. بس اوعدني ما تقاطعني… ولا تفترض شي قبل أكمل. تكفى. ما أبيك تستعجل.
اراف:  (يومّي براسه ببطء) أوعدك. بدون مقاطعة… بدون افتراضات. كلميني، يلا.
ريا:  (تاخذ نفس عميق) حاضر… من أسابيع صار لي شي، ما كنت متوقعة… ولا مستعدة له. جتني إيميلات… من مكتب المدير… عن فرصة نقل. كبيرة. بغير مدينة… وفعليًا بغير ولاية بعد. وما قلت لك لأني ما كنت متأكدة أصلاً أبغاها ولا لا. وبالأمس أرسلوا العرض الأخير… وأنا توترت وقفل مخي.
اراف:  (ساكت شوي، يستوعب) أنت… جاك عرض نقل؟ وعرض كبير بعد؟
ريا: إي. هو نفس الشي اللي كنت دايما أتمنى يصير… قبل أنا وإنت نبدأ نسوي حياة مع بعض. قبل كل شي يصير ثابت… وبيت… وطُمأنينة. أنا ما خبيته لأني بنقل. خبيته لأني ما أدري… أقدر أو لا؟  والمفروض إذا اختياري للوظية اخسرك ...
اراف:  (يتكي وراه، يتنفس ببطء) واو… أوكي. هذي صدق كبيرة. وما بكذب… جزء مني تمنى انك قلتِ لي من بدري، علشان لا تضغطي على نفسك. بس أنا موجود الحين. وبفهمك. وش تحسين بالضبط؟ متحمسة؟ خايفة؟ مترددة؟
ريا: صدق؟ كلهم. متحمسة لأنها خطوة كبيرة. وخايفة لأن ما أعرف وش يعني لنا. وحاسة بالذنب لأني كتمته. ومتلخبطة بين شي كنت أركض وراه… وبين شخص صار جزء من نفسي.
اراف:  (صوته ناعم وثابت) اسمعي… ما تحتاجين تختارين بيني وبين شغلك. هذا مو حب، هذا ضغط. وأنا ما أبغا أكون السبب اللي يوقفك. بس بسمع منك وش تبغين أنتِ. مو اللي تحسين لازم ومو اللي تحسين ما يزعّلني ... أنت… وش تبين؟
ريا:  (عيونها تلمع) أنا أبغى… أبغى الوظيفة.إي. بس بعد أبغاك… وما أعرف كيف نجمعهم بصورة وحدة. والي يقهرني إني ما وثقت فيك من البداية.
اراف:  (يمسك يدها بلطف) ريا… رغبتك في الوظيفة ما تعني رغبتك فيني أقل. وتمنيت تقولين لي من بدري، صحيح. ... بس بعد ودي أفهم ليه ما قلتي. يوم يطيح عليك قرار ضخم فجأة… يهدّ توازنك. أنا فاهم انك تبين الوظيفة… بدعمك بشكل كامل. بس لازم نتكلم عن وش يعني ذا على المدى الطويل… مع بعض.
ريا: يعني… مو زعلان؟
اراف: زعلان إنك شلتي الحمل لوحدك. بس مو زعلان من أحلامك.
ولا من طموحك. ولا من فرصة كبيرة جاتك. أنا بس أتمنى… أكون واقف جمبك وأنت تمرّين بهاللحظة.
ريا:  (تدمع وتبكي خفيف) ما أبي أخسرك.
اراف: ما بتخسريني بالمَسافة. تخسريني بس لو وقفتي تكلمينّي.
إذا قررتي قراراتك من خوف، مو من محبة ووضوح. بس اللي نسويه الحين… عكس ذا كله. الحين إحنا نتكلم. وهذا اللي ينقذ كل شي.
ريا: طيب وش نسوي؟ يعني عمليا؟
اراف: أول شي… نتنفّس. وبعدين نشوف التفاصيل. كم مدة النقل؟ دائم؟ مؤقت؟ ممكن يصير شغل عن بعد بعدين؟ نخطط للزيارات؟
وممكن أنا أنتقل بعدين لو الظروف سمحت؟ في مليون احتمال غير ننفصل.
ريا: أنا… حتى ما فكرت بكل ذا. شفت العرض وانفجعت وفكرت كل شي بينهار.
اراف: أنتِ تشوفين الانهيار. وأنا أشوف الحلول. وهذا اللي يخلّينا نمشي سوا.
ريا:  (تضحك وهي تبكي) تسوّي كل شي بسيط.
اراف: مو بسيط. بس نقدر نتعامل معه. وأنتِ مو لحالك خلاص.
ريا: شكراً…لأنك ما تركتني. ولأنك ما عصبت. ولأنك أنت.
اراف: أنا ما أروح مكان. إلا لو قلتِ لي… وبعد حتى لو قلتِ… بعاندك.
ريا: لا لا… لا تروح. ولا أفكر أقولك تروح.
اراف: تمام. كذا إحنا متفقين. الحين اشربي شايك قبل يبرد…
وبعدها نفتّح الإيميل سوا… ونقرأ التفاصيل مثل الناس العاقلين.
ريا:  تبتسم أخيرًا ... صدق أحِبّ ذا الشاي… مرّة.
اراف: وووو .... ريا؟
ريا: هلا؟
اراف: مرّة ثانية… لو شي كبير صار… كلّميني قبل ما تبدأ مرحلة “أنا بضيع”.
ريا: اتفقنا
(يجلسون سوا… والمطر من برا يخفّ شوي… وهم يميلون على اللابتوب).









المشهد 9 الزائر المفاجئ.
المكا: ليلة هادئة بالمنزل. نورا تجهز العشاء في المطبخ. ليو دخل البيت ومعه مقاضي البيت. دقة مفاجئة على الباب اربكة الجميع.

ليو:  (يحط الأكياس على الطاولة وهو يتمطّى) مو عرفتك كذا صراحة. كل مرة تكونين تركضين مع الوقت وتسبّين أكواب القياس كأنهم سرقوك. بصراحة أحترم روحك القتالية بالمطبخ.
نورا:  (تبتسم ابتسامة بسيطة) إي والله… اليوم غريب شوي. ودي يكون يوم هادي… لو الدنيا بس تتعاون مرّة وحدة. (يجي طَرق قوي على الباب. نورا تجمّد بمكانها).
نورا: وش ذا؟ ... قول لي إنه مو بابنا.
ليو: يعني… إلا لو جانا جني يعرف طق أبواب… أكيد أحد عند الباب. بس لا تشيلين هم، يمكن توصيله.
نورا: أنا ما طلبت شي. أنت طلبت شي؟
ليو: لا، بس إحنا بالقرن الواحد والعشرين. مرات توصل بكجات بدون ما أحد يعرف ليش. يمكن واحد من هالهدايا التجريبية اللي تسجلين فيها بالغلط دائماً.
(طرق ثاني… أقوى شوي).
نورا: أوكي… هذا أكيد مو توصيل. هذا شخص واقف ينتظر… وواضح مستعجل. ليو… بالله لا تقول إنك عزمت أحد بدون ما تخبرني.
ليو: والله ما عزمت أحد. أعرف وضعك مع الضيوف اللي يجون فجأة. تصيرين تعطين ذيك النظرة اللي كأنه آخر يوم لي بالدنيا.
نورا: ما أسوي كذا!
ليو:  (يبتسم بخبث) سويتيها قبل نص ثانية بس.
نورا:  (تتنفّس بعمق) خلاص… نشوف مين. بس لو واحد من ناس اشتراكات المكنسة، بدخل وراك وأتخبا.
(تفتح نورا الباب. واقفة بنت… شايلة شنطة سفر).
نورا: ...أوه. أوه لا.أوه لا لا لا.
ليو:  (يطل من فوق كتف نورا) لحظة— ذي… ميا؟
ميا: هلا نورا. هلا ليو. أدري جيتي مفاجِئة… وأدري المفروض أتصل قبل… بس… الأمور تعقدت شوي، وما كان عندي مكان أروح له.
نورا:  (مصدومة بصوت واطي) ميا… إنتِ هنا؟ ليش… مع شنطة سفر؟
ليو:  (يتقدم بقلق) إنتِ كويسة؟ شكلك كأنك جريتي طول الطريق لهنا!
ميا:  (تتنفس بنبرة مهزوزة) صراحة وصفك دقيق. شقتي صار فيها… خلنا نقول “كارثة سباكة"". السقف بدأ ينقط بعدها صار فيضان مجاري من فوق على البيت. أخذت اللي قدرت عليه وطلعت قبل أنجن.
نورا: يا ربي… شي يخوّف. بس ميا… المفروض كلمتينا! رسالة… فويس… حمام زاجل… أي شي!
ميا: أدري… أدري كان لازم. بس توترت. وإذا توترت… المنطق يختفي. جيت هنا على طول… حسيت هالمكان هو الأمان الوحيد اللي طرى على بالي.
ليو:  (بلطف) مو لازم تتعذري بسبت التوتر. أهم شي إنك هنا وكويسة.
نورا: إي… وإنتِ تمام؟ بس ميا… كم ناوية تجلسين؟
ميا:  (بتردد، صوتها صغير) أنا… بصراحة مدري. يمكن ليلة… يمكن ليلتين. الفنيين قالوا يمكن أسبوع لين الشقة تصلح. بس والله ما أتوقع منكم تستضيفوني كل هالوقت.
ليو: هااا، لا تقولي كلام ما صار. إنتِ مثل الأهل. ولو احتجتي مكان، بنلقى حل سوا.
نورا: إي… بس تمنيت نعرف قبل. أنا أحتاج أجهز نفسي إذا تغيرت الخطة فجأة. مو إني مو ودي فيك… بس عقلي يحتاج وقت يستوعب ضيف في البيت.
ميا:  (تهز راسها سريع) فاهمة، فاهمة يا نورا. وبصراحة آسفة إني فجأة نطّيت عليكم. وإذا يريحك… أنام بالصالة… وما ألمس أي شي. أصير مثل الابجورة بالزاوية.
ليو:  (يضحك بخفة) ما نبيك تصيرين ابجورة. بس خذي نفس، يومك كان طويل وصعب.
(ميا تدخل. نورا تسكّر الباب ببطء وهي لسا تستوعب).
نورا: طيب… أوكي. خلّونا نجلس شوي. ميا، تبين شاهي؟ أظن الغلاية لسا دافية.
ميا: الشاهي ممتاز. أي شي دافي ممتاز. جسمي كامل حاس إنه قطعة ثلج ترجف توتر.
ليو: تبين تتكلمين عن اللي صار؟ ولا تبين تجلسين ساكته وتطالعي بالجدار لين مخك يشغل نفسه؟
ميا: يمكن مكس؟ لأن لو بديت أشرح كل شي، بنخنق بكاء… وودي أحافظ على كرامتي خمس دقايق زيادة.
نورا:  (ترجع معا شاهي، صوتها أرق) تفضلي… بابونج.
يمكن ما يصلّح سقفك الخربان… بس يمكن يهديك شوي.
ميا:  (تمسك الكوب ويدها ترجف) شكراً. صدق… شكراً لأنكم فتحتوا لي الباب بدون ما تحسون إني حمل زيادة. أنا جيت بأسوأ توقيت.
ليو: أسوأ توقيت كان لو جيتي يوم نورا رتّبت دولاب البهار. إنتِ جيتي قبل الكارثة.
نورا: ليووو— لا تفضحني.
ليو:  (يبتسم) مو فضيحة… هذا تذكير إنك تصيري تضحكين لما تتوترين.
نورا: مو… أوكي شوي.
ميا:  (تبتسم ابتسامة حقيقية أخيراً) حلو أضحك لأول مرّة اليوم.
ما توقعت كيف كنت مشدودة إلا الحين. وجودكم يخفف رهبة الأشياء دائمًا.
نورا: شوفي… أنا ما أحب المفاجآت، صحيح. بس أحبّك. وفرحت إنك جيتي هنا بدل تقعدين لحالك في شقتك اللي تحولت لحوض سمك.
ميا: شكراً… يعنيها لي كثير.
(لحظة هدوء. كلّهم يتنفسون).
ليو: طيب… وش الخطة؟ نلقى سكن مؤقت بكرة؟ ولا تبين تقعدين معنا لين نعرف وش الخطوة الجاية؟
ميا: إذا… إذا فعلاً ما يضايقكم… أبغى أجلس ليلتين. لين أعرف التأمين وش وضعه… وين أعيش وهُم يصلحوا سقفي.
نورا: تمام. بنرتّب المكان. بس… عطيني فرصة أتهيأ نفسيًا قبل نحرّك الأثاث، أوكي؟
ميا: أكيد. أنام حتى بالزاوية جنب الرف، أصغّر نفسي وأختفي.
ليو: لا تقولين كذا. لا إنتِ صغيرة، ولا ثقيلة علينا. إنتِ محتاجة مساعدة… وإحنا هنا أهلك ... خلاص.
نورا: بالضبط. بس مرّة ثانية… حتى لو حالة طارئة… أرسلي خمس ثواني رسالة، عشان ما أفتح الباب وأنا حاسة بكمين تصوير مفاجئ.
ميا:  (تضحك من قلب) تم.أوعدكم. لا مزيد مفاجآت بشنطة سفر… إلا إذا نبهتكم.
ليو: حلو. الحين نجلس، ناكل شيء، ونخطط لبكرة. بدون استعجال. بدون توتر. بس نهدى.
نورا: وبعد… حلا. حاسّه الليلة تحتاج حلا.
ميا: والله… هذا الكلام الصح.
(تنخفض الإضاءة… وهم يجلسون حول الطاولة، أخيراً مرتاحين).














المشهد 10





رايلي: (يدينها متشابكة، تطالع قدّام) يعني… شكله أخيراً بنسويها. بنجلس ونتكلم مثل الناس الكبار بدل ما نسوي إنه ما في شي. أنا لي أيّام أنتظر هالسالفة، تصدق؟
سام: (يتنفس ببطء وهو يلعب بسحاب الجاكيت) إي… أدري.
وأسف إنّي طولت لين أتكلم. أنا بس… كنت أحتاج وقت أفكّر كيف أشرح كل اللي صار بدون ما أطلع ملخبط أو درامي… مع إني غالباً بطلع كذا.
رايلي: أنا أحب الصراحة الملخبطة على السكوت اللي عطيتني إياه بصراحة. سام، حسّيتك اختفيت من الكوكب. حتى ميمز ما ترسل! أنت دايما ترسل لي ميمز!
سام: هذي أكبر علامة إنه في شي غلط. إذا ما قدرت أرسل حتى ميم بسس غبي… معناته عقلي مو في أحسن حالاته.
رايلي: (تلتفت له شوي بنبرة ألين) انت صادق. بس تقدر تشرح لي وش صار؟ لأنه من جهتي حسّيت كل شي طبيعي… وفجأة اختفيت كأنك تهرب مني.
سام: ما كنت أهرب منك. كنت أهرب… من السالفة نفسها. اللي أدري إنها تقريباً نفس الشي… بس النية غير، والله.
رايلي: سام… أنت تلف وتدور. وش السالفة؟
سام: (ياخذ نفس طويل) الرسالة اللي رسلتيها الأسبوع الماضي.
لما قلتي: “نحتاج نتكلم بأقرب وقت.” أدري الحين الموضوع يضحك… بس ذيك الكلمة دخلتني في حالة خوف.
حسّيتك بتواجهيني بشي قوي… أو بتقولين ما تبين صداقتنا… أو مدري… شي كبير.
رايلي: (ترمش، مصدومة) سام… كنت أقصد نتكلم عن تخطيط رحلتنا! رحلة القروب! اللي قلت تبغى تنسقها معي! حطّيت بعد ابتسامة!
سام: (اووهمم اممم) أدري… أدري. طوّلت أتأمل الابتسامة ذيك… وبرضو أقنعت نفسي إنها ابتسامة خبث لطيفة. الابتسامة اللي الناس يحطونها قبل ما يقولوا لك الخبر السيء.
رايلي: أنت فسّرت ابتسامة على إنها تهديد؟
سام: واضح إيه. عقلي يحب يتخيل… بس بدون فايدة.
رايلي: (تهز راسها وتبتسم رغم عصبيتها) يا الله يا سام… والله لو في جائزة لاستخراج دراما من الهوا… تفوز فيها بسهولة.
سام: قولي والله. تراني اليوم الثاني قعدت أحلل الرسالة كأنها شفرة من الـ FBI.
رايلي: كان بس تسألني وش أقصد!
سام: أبغى… بس تجمّدت. وكل ما طولت، صار أصعب أرجع أرسل. وبعدين أقنعت نفسي يمكن المسافة أحسن… مع إن ما كان له معنى… وبعدها دخلت بالدوامة— والحين إحنا هنا.
رايلي: إيه… هنا. شخصين كبار قاعدين بحديقة بالليل… لأن واحد منهم خاف من ابتسامة.
سام: إذا تقولينها كذا… الوضع يصير أسوأ.
رايلي: مو قصدي أحسسك بالذنب. أحاول أفهمك. لأن بصراحة… اشتقت أكلمك كل يوم. اشتقت لفضفضتك الغريبة… وآرائك الغريبة بالأكل… وطريقتك الدرامية بكل شي. المكان فاضي بدونك.
سام: (عيونه تلين) تشتاقين؟ ... كنت أحسب إني غالباً أزعجك نص الوقت.
رايلي: إيه تزعجني أحيان… بس مو بطريقة سيئة. أنت تجيب… مدري… حياة. حركة. فلما اختفيت فجأة… أنا بعد صرت أفكر كثير.
قلت يمكن قلت شي غلط… أو يمكن صداقتي لك ما كانت كفاية…
أو يمكن إني ما عاد صرت مهمّة له.
سام: رايلي… لا. بالله لا. أنت من أهم الناس بحياتي. وفكرة إنك ظنيتي ما يهمني… هذي توجع أكثر من كل شي ثاني.
رايلي: طيب ليه ما قلت لي؟ ليه ما قلت: “أنا خايف من الابتسامة”؟
سام: استحيت. أنا أعرف انه ما هو منطقي. وأعرف إنه اخترع مشاكل من ولا شي. واعترف لك بهالشي ... لشخص أهتم فيه… يحسّسني إني أكشف أضعف جزء فيني.
رايلي: بس هذا هو الموضوع يا سام. مو لازم تخبي الضعف حقك.
أحب أعرف وش تمرّ فيه… بدل ما أجلس أتخيل إني أنا السبب.
سام: (صوته أهدى) بحاول… صدق بحاول أتكلم قبل ما مخي يقلب كل شي لفيلم كارثي.
رايلي: تمام. لأني ما أبيك تختفي عني مرّة ثانية. وإذا أرسلت لك ابتسامة خبث صدقني بتعرف… بتكون ذيك الابتسامة اللي لها شكل مرعب واضح.
سام: (يضحك أخيراً) أوكي… ذي حقيقة تخوّف.
رايلي: شفت؟ كلام واضح.
سام: بس من جد… أسف. أني سكّرت الباب. وأنا خليتك تحسين إنه سحبت عليك. وأني تخيلت الأسوأ بدل ما أسأل.
رايلي: سامحتك. بس لا تعيدها. ولا تخلي الإيموجيز تتحكم بحياتك النفسية.
سام: ذي ما أقدر أضمنها… بس بحاول.
(لحظة هدوء مريحة بينهم).
رايلي: طيب… دام صفينا الجو… نرجع نخطط الرحلة؟ القروب يسألوني كل يوم مين يحجز الأكواخ… وأنا مخليّة الوضع كأنه كله تحت السيطرة.
سام: إي بالله… خلّينا نتكلم عن شي ما له علاقة بقلقي بسبب علامات الترقيم.
رايلي: تمام. لقيت كوخ عند بحيرة… له منصة كبيرة تطل عاليها. توقعت يعجبك لانك كل مرة تقول إن منظر الموية يهدي مخك.
سام: تذكرين ذا؟!
رايلي: أكيد. يمكن تشوفني سيدا… بس أنتبه. خصوصاً لك.
سام: شكراً…من جد. ...على صبرك… رغم إنك أكيد ودك تخنقيني.
رايلي: إي، ودي أخنقك. بس ودي أفهمك أكثر بعد.
سام: قدّرت هالشي. وأوعدك… المرة الجاية إذا خوّفني شي… بقول قبل ما أدخل في دوامة “إيموجي يدمّر حياتي”.
رايلي: ممتاز. لأني مو مستعدة أخسر أسبوع ميمز ثاني بسبب قلقك.
سام: تم. على فكرة… شكراً إنك جيتي اليوم… أعرف الوقت متأخر.
رايلي: عشانك؟ أجي لو الوقت أكثر من كذا بعد.
(يتبادلون ابتسامة دافية… والجو يتصفّى أخيراً).






المشهد الأول
المكان: صديقين، مايا وجون ويتشاركوا صباح بطيء في شقتهم. يسو قهوة سوا، يسو طقوسهم اليومية من الاسترخاء، ويشوفوا الرسائل الوصلتهم.

مايا: (تشد ذراعيها وتطالع قدّام وهي","بسرالمبدأ. كنت أبغى قهوة طبيعية. لكن لااا. لازم تكون حياتي درامية.
{صمت}
أنا ما أبِيهَا
آآآه. ممكن أوقف عن القهوة.
{صمت}
الدنيا ما تحبني.
ما أدري. ممكن لأني الأفضل.",5,2,False,0.221517,0.274458,0.274458,0.0,0.229568
3,Arabic_SA,https://d2r5sftrozu18z.cloudfront.net/uploads/audio-segmentation/1095/2_hours/2_hours_Segment_012.wav,"المشهد ١ — دراما رسالة الجوال الغامضة
المكان: غرفة جلوس هادئة، آخر النهار. الجوال يهتز بلا توقف.
لينا: (تتنهد بضيق) ثيو! يا الله!، لازم تشوف ذا. الحين.
ثيو: (يتثاءب) وش فيه الحين؟ نهاية العالم خلاص؟ أو برجك الغبي حذرك؟
لينا: لا! أخَسْ. شوف… (تمد له الهاتف) ليه أليكس أرسل لي: ""أَبِيكِ بكلمة"".
ثيو: (شهقة) أخطر أربع كلمات في اللغة العربية.
لينا: بالضبط! صح؟ وش يقصد بها؟ ""أَبِيكِ بكلمة"". عن وش؟ وليه؟ متى؟ ووين؟ وعن وش؟
ثيو: (آآه تنهد) لينا، اهدي. ممكن بس يبي رأيك.
لينا: (تهز رأسها)  ممم ما في واحد يقول ""أَبِيكِ بكلمة"" لشيء عادي يا ثيو. هذه لغة جادة. لغة المواجهات. لغة ال…
ثيو: (يقاطعها) لغة الدراما اللي اخترعتيها بنفسك.
لينا: (تتأوه) كنت أعرف. حياتي صارت مسلسل. وأنا ما أدري.
ثيو: (يضحك) أنت السببتيها. أنت تحبين الدراما. تتنفسينها.
لينا: (منزعجة) هممف كييف؟ ما أحب الدراما أبد.
ثيو: (مستمتع بضحكة خفيفة) لينا، الأسبوع الماضي بكيتِ على إعلان… عن كورن فليكس.
لينا: (تدافع) كان يحزن! الأب اعتذر لأنه أكل آخر صحن!
ثيو: (يضحك) اييييه ببكي من الأحاسيس.
لينا: (تتمشى بقلق) طيب، ركّز اممم    وش اسوي؟ أرد؟ أسحب عليه؟ أقوله إن الواي فاي خرب ثلاثة أيام؟
ثيو: (آآآه تنهد) اسأليه بس وش يقصد.
لينا: (تصدم) بس كذا؟! ثيو، ترا ذا وضع حساس. ما تقدر تسأله كذا وش يبي. هذا… هذا يخرب الاحاسيس!
ثيو: (يضحك) أنت غبية. هي كلها شوية كلمات.
لينا: نعم! كلمات تخرب باقي اسبوعي!
ثيو: (يبتسم) دراما ما تخلص.
لينا: (بقلق خفيف) طيب، بأكتب: ""أوكي، وش فيه؟"" كذا تمام؟ رزين؟ غريب؟ لطيفة؟
ثيو: (هممممم) لينا… حلو. رد طبيعي. زي سويسرا ... محايدة.
لينا: (تكتب بسرعة) طيب. أرسلت. الحين نتوتر.
ثيو: (يضحك) أنت متوترة أصلًا.
لينا: والحين عندي سبب رسمي.
(الجوال يهتز)
لينا: ياااااااه! رد. ما أقدر اشوف. ثيو، اقرااه.
ثيو: (ينظر للهاتف) هممم.
لينا: (متجمدة) ""هممم""؟ وش تقصد بـ ""هممم""؟ ثيو، لا تعلقني!
ثيو: (يبتسم) اهدي. يقول إنه يبي يساعدك في جدولة حفل مفاجئة لصديقتك نورا.
لينا: (تفقد توترها فجأة) …آهاااا.
ثيو: (ينفجر ضاحكًا) سويتي دراما كبيرة علشان ذا بس؟ 
لينا: (بحرج) أكرهكم كلكم.
ثيو: لا، لا تكرهين. أنتِ تحبين الدراما… والدراما تحبك.
 
 
 
المشهد ٢ — أزمة القهوة في المقهى
المكان: مقهى مزدحم، وقت الصباح.
لينا: (متوترة) ثيو. حياتي انتهت. مرة ثانية.
ثيو: (يشرب القهوة) خليني أخمّن… خَلَص حليب الشوفان؟
لينا: نعم! كيف عرفت؟
ثيو: لينا… هذا المقهى يخلص فيه حليب الشوفان كل يومين. طبيعي.
لينا: (آآآه) بس هم يعرفون أني أحتاجه. أنا ما أتحمل اللاكتوز… عاطفيًا وجسديًا.
ثيو: (يضحك) لاكتوز عاطفي؟
لينا: نعم. الحليب يجرح روحي.
ثيو: خذي حليب لوز.
لينا: (هاااعع) لوز؟ طعمه زي النكد مخلوط بخشب.
ثيو: (يضحك) يا الله! أنت درامية.
لينا:  والباريستا أعطتني نبرة لما سألت عن حليب الشوفان الموجود عندهم في المخزن.
ثيو: وش قالت؟
لينا: قالت: ""نحن ما نخبي الحليب في مخزن سري.""
ثيو: (يضحك) معها حق.
لينا: لكن قالتها بدون نفس يا ثيو. بدون نفس.
ثيو: (هاها) بدون نفس؟ اتصلي بالشرطة طيب.
لينا: بالضبط! لازم أقدم شكوى.
ثيو: بسبب الحليب؟
لينا: بسبب المبدأ. كنت أبغى قهوة طبيعية. لكن لااا… لازم تكون حياتي درامية.
ثيو: (يبتسم) الدراما تلحقك زي الكلب الوفيّ.
لينا: أنا ما أبِيهَا!
ثيو:  أنت حرفيا تجذبيها.
لينا: (آآآه) ممكن أوقف عن القهوة.
ثيو: (يضحك) حاولت من قبل ... صمدتي سبع ساعات.
لينا: الدنيا ما تحبني.
ثيو: على وش ما تحبك؟
لينا: ما أدري… ممكن لأني الأفضل.
ثيو: (قهقه) أكييد.
 
 
 
 
 
 
 
 
 
 
 
المشهد ٣ — كارثة قروب الشات
المكان: نفس المقهى، بعد فترة في الصباح.
لينا: (تنظر لهاتفها) لااا… ثيو، شوف. شوف!
ثيو: (يميل نحوها) وش فيه الحين؟ خلص الحليب بَعَدْ؟
لينا: أخَس. القروب مولّع.
ثيو: (اوووف) يا ساتر. وش فيه؟
لينا: واحد سأل: ""أي فيلم نشوف الليلة؟"" والحين فيه… 42 رسالة في دقيقتين.
ثيو: (هاهاهاها) هذي فوضى، مو دراما.
لينا: لا، دراما حقيقية. شوف ... إيلا تبغى رعب. بن رافض لأنه ""ما يتحمّل الرعب"". ميرا تشوف بس رومانسي. وجونا يبغى وثائقي… عن السحالي.
ثيو: (هاهاهاهاه) سحالي؟!
لينا: نعم! والأدهى والأمر… واحد منهم كتب اسمك وقال: ""ثيو يحدد"".
ثيو: أنا؟ ليه أنا؟
لينا: لأنك المحايد. يعتبرونك وسيط سلام.
ثيو: (ساخر) مسؤولية كبيرة ذي.
لينا: ثيو، لازم تختار بحكمة. هذا مجلس أمم متحدة.
ثيو: لينا… هو بس فيلم.
لينا: (تهمس بانفعال) لا. هذه سياسة اجتماعية.
ثيو: طيب… اختار… كوميديا.
لينا: يا ربيي… خطأ. بِن يكره الكوميديا. إيلا تقول الكوميديا ""سطحية عاطفيًا"". وميرا تبكي على الكوميديا أكثر من الرومانس.
ثيو: كيف؟
لينا: ما في منطقية. القروب ذا يدمّر العلاقات.
ثيو: (آآآخخ) أنتم كلكم مجانين.
لينا: (شهقة درامية) نحن! الحين القروب كله يصارخ لأن جونا ما يبغى غير السحالي.
ثيو: (هاهاهاهاها) أفضل خبر سمعته ذا الأسبوع.
لينا: كابوس… كابوس زواحف.
ثيو: تبين حل؟
لينا: نعم! أنقذنا!
ثيو: (يكتب) يلا، أقول: ""خلا نصوّت"".
لينا: (اوووه) أنت عبقري.
ثيو: أعرف.
لينا:  والحين ننتظر…
(لحظة انتظار)
لينا:  الحين في 15 صوت، 10 منهم كوميديا.
ثيو: قلت لك. الديمقراطية تفوز.
لينا: (تنهد) ثيو… انت أنقذت العالم.
ثيو: (هاهاهاهها) مبروك لنا.
لينا: بصراحة، حياتنا مليانة دراما.
ثيو: حياتك أنت. أنا بس الشخصية اللي تصلح الفوضى حقتك.
لينا: (هيهيهي) وأنت تحب تصلحها.
ثيو: (هاهاهاهاهها) يمكن.
 
 
المشهد ٤ — كارثة المحفظة الضائعة
المكان: خارج السوبرماركت، آخر النهار.
مايا: (مذعورة) جوردان! جوردان! جوردان! محفظتي ضاعت! دورت في شنطتي مرتين ... لا ثلاث ... يمكن خمس... مو في! اختفت!
جوردان: (بهدوء يشرب) تمام… متى آخر مرة شفتيها؟
مايا: (تلوّح بيديها) ما أعرف! يمكن في المحل، في السيارة… لااا أدري! أنا بنجن!
جوردان: طيب… اهدي. وين كنتي لما عرفتي إنها مو معك؟
مايا: (تشير لمقعد) هنا! جلست، حاولت أخذ مفاتيحي، وفجأة… الدنيا قررت تعاقبني.
جوردان: يعني المحفظة تبخرت؟
مايا: يمكن! يمكن صارت لها أرجل! وهربت تعيش حياتها الخاصة.
جوردان: محفظتك هربت؟ هذا تفسيرك؟
مايا: لا تضحك علي في مصيبتي!
جوردان: (يضحك) ما اتريق عليك، بس الاحظ الدراما حقتك… طيب خلنا نرجع كم خطوة ونتأكد. دخلتِ السوبرماركت، وبعدين وين رحتي؟
مايا: رحت لقسم الخضار… أخذت تفاح… بعدها رجعته ما عجبني. بعدين…
جوردان: مايا. ركيزي. طلعتي المحفظة وقتها؟
مايا: يمكن؟ مسحت البطاقة وأنا طالعة، بس ما أدري إذا بالمحفظة ولا الجوال؟ لااا… ممكن تركتها عند الكاشير؟ ماذا لو واحد سرقها؟
جوردان: (يطبطب) هي محفظة، مو كنز وطني. نروح نسأل—
مايا: (تمسك ذراعه) لا دقيقة! فتش شنطتي! يمكن تلقاها لأني ما أشوف!
جوردان: تريديني أغوص في الثقب الأسود اللي تسميه شنطة؟
مايا: نعم! لأني ما أثق بنفسي
جوردان: (هممم) خلنا نفتش ... فواتير… أقلام؟ ليه 17 قلم؟ و… سناكات. وأكيد ما في محفظتك.
مايا: (تجلس منهارة) انتهيت. بطاقاتي… هويتي… بطاقة المكتبة! يا ربيي، وش بيصير لو واحد استعار كتب باسمي!
جوردان: نعم، أكيد ذي المشكلة! مو فلوسك أو بطاقة البنك ... المشكلة الحقيقية هي غرامات تأخير الكتب.
مايا: لا تتريق! ترا الوضع جد!
جوردان: طيب… وين كنت قبل قسم الخضار؟
مايا: قسم اللحوم…  أخذت شرايح تركي ، والبنت الشغالة هناك طولت إلى ما تقطعهم… حسيت أني كبرت عشرين سنة!
جوردان: واستخدمتِ المحفظة؟
مايا: لا ... ما ادري الصدق. إلا لو استخدمتها! أو لا. يا الله! أنا عديمة المسؤولية.
جوردان: (يضحك). أول خطوة: الاعتراف أنك غير موثوقة.
مايا: (آآآه) انتظر ... يمكن تركتها في السيارة!
جوردان:  ما فتشتيها؟ 
مايا: بعيوني بس! يمكن كانت متخبية عن عيني.
جوردان: محفظتك ما هي كائن حي يتحرك ويتخبى لحاله.
مايا: أنت ما تدري! يلا نروح السيارة.
(يذهبون للسيارة)
جوردان: (يفتش) همم، يلا! وقت التفتيش الصح. جانب الكرسي ... درج الراكب ... الدرج بين الكرسين ... تحت السيارة ... لا، ما في شيء.
مايا:  اوووف، خلاص بس… كذا بأتصل بالشرطة.
جوردان: يعيني وش بتقولي؟. ""هلا، نحتاج حملة تفتيش عن محفظة عليها ورود.""
مايا:  ها وش أسوي؟
(رجعوا للمتجر)
مايا: (متوترة عند الكاشير) اممم السلام عليكم، \ لو سمحتي في أحد سلّم محفظة ضايعة؟ عليها ورد وشكلها حلو، فيها حياتي كلها؟
الموظف:  (تتأكد الموظفة) لا، للاسف.
مايا: (تهمس) ما حطلع من البيت مرة ثانية.
جوردان: سؤال!… جربتي جيوب الجاكيت حقك؟
مايا: مستحيل. أنا ما أحط شيء فيها. صغيرة مرة.
جوردان: مايا. تأكدي.
مايا: اااخ طيب (تحط يدها بجيبها)… انتظر… لحظة…
جوردان:  ااخ ... لا تقولي…
مايا: (تسحب المحفظة من الكم) مستحييييل!!
جوردان: (ينهار ضاحكًا) في جيبك… طول ذا الوقت في جيبك
مايا:  ماني فاهمة! ما قادرة استوعب الموضوع! 
جوردان: مبروك. القضية تقفلت. المحفظة ما هربت.
مايا: مستحيل. في واحد حطها في جيبي.
جوردان: إيييه صح، عميل سري دسها في جيبك.
مايا: وقف لا تِنَكِت علي!
جوردان: يا عالم… أكثر إنسانة درامية.
مايا: أكرهك.
جوردان: لا. ما تقدرين.
مايا: …يمكن. بس لا تقول لأحد عن الحصل.
جوردان: حكلم الكل.
مايا: جوردااان!!!!
جوردان: (يضحك) محققة المحافظ، يلا نرجع البيت قبل تضيعي الجاكيت حقك.
 
 
 
 
 
 
 
 
 
 
 
 
 
 
 
 
 
المشهد ٥ — انهيار نهاية الأسبوع
المكان: غرفة ريا، مساء الجمعة. السناكات على الطاولة والجوال يرن كل فترة.
ريا: (تدخل الغرفة) نوح! عندنا كارثة حتنهي العالم.
نوح: (من دون يطالع فيها) خليني أخمّن… وقفوا إنتاج شبسكك التحبيه؟
ريا: أسوأ! حجزت لنفسي… أربع مناسبات مختلفة… بيوم واحد!
نوح: أربعة؟
ريا: نعم! السبت بيقتلني!
نوح: طيب وش هي؟
ريا: أول وحدة: فطور عيد ميلاد بنت خالتي… لو ما حضرت بتبكي. 
نوح: يعني مناسبة أهل إجبارية.
ريا: الثانية: صديقتي تارا تنقل من بيتها وقالت ""أنت الوحيدة اللي ما تكسرين الأشياء"". ضغط كبييير علي.
نوح: غلطانة المسكينة.
ريا: الثالثة: ورشة الفخار اللي أنتظرها من سنة. دفعت فلوسها وما بترجع، روحي الإبداعية تبكي.
نوح: هممم هممم وش الرابعة؟
ريا: الرابعة: رحلة تسلق، مع فريق الشغل.
نوح: يعني إفطار… نقل… فخار… تسلق. في يوم واحد؟
ريا: إيه! ليه سويت بنفسي كذا؟
نوح: صراحة… إنجاز. تراكم عدى خيالي.
ريا: نوح! ما أقدر أكون في أربع أماكن مرة وحدة! أنا مو سوبر مان!
نوح: طيب، خلينا نشوف توقيت كل حدث.
ريا: الفطور الساعة 10. النقل الساعة 9 لكنها قالت ""تعالي وقت ما تبين"". الفخار الساعة 1. التسلق ""العصر"".
نوح: وتبين تحضري لكل ذي المواعيد؟
ريا: بالضبط! وهذه هي المشكلة!
نوح: هااهاهاه تقدرين على اثنين… يمكن ثلاثة لو عندك الانتقال السريع زي الانمي.
ريا:   اوووف يا ليتني أقدر انتقل بسرعة.
نوح: طيب… وش المناسبة الما تقدري تتأخري فيها؟
ريا:  همممم الفخار حدث لمرة وحدة ومحجوز من أول.
نوح: طيب كذا ثابت ... ووش بعد؟
ريا: الفطور، مشاعر قريبتي في خطر لو ما جيت. وكيكة مجانية.
نوح: الاهل الأقرب. كذا الفطور والفخار هي الثابتة. 
ريا: كمان حبكي لو ما رحت للفخار.
نوح: تمام. التسلق والنقل، و ... وين ناقلة صديقتك؟
ريا: بالاتجاه الثاني من المدينة. حرفياً.
نوح: والتسلق؟
ريا: طريق ما سمعته من قبل. والكثير من الحشرات.
نوح: يعني ما تبي تروحي؟
ريا: لا، بس لازم اروح. تلاحم الفريق، ونقاط توظيف حلوة. أنت تعرف، الوظيفة وانك تكون مسؤول.
نوح: هيهيهي. مشاكل موظفين.
ريا: للأسف.
نوح: طيب، عندك مناسبتين وبالكثير ثلاث وكنسلي الباقي.
ريا: أكنسل! أكنسل!! تستهبل! كلهم حيظنوا اني عديمة مسؤلية! حيقصوني من المجتمع وأصير منبوذة.
نوح: انتِ مو حتنطردي من المجتمع لانك ما رحتي لرحلة تسلق!
ريا: أنت ما تدري.
نوح: ههاهاهاها. طيب، وش رأيك لو كلتمي صديقتك أنك بتساعديها  في اليوم البعده؟
ريا: هممم قالت انها حتفك أغراضها نهاية الأسبوع كله.
نوح: بالضبط، ساعديها اليوم كله.
ريا: ذا ممكن ينفع ...
نوح: حلو، كذا باقي التسلق.
ريا: اااااخ التسلق!
نوح: ودك تروحين؟
ريا: ولا دقيقة.
نوح:  طيب لا تروحي.
ريا: لكن!
نوح:  ما في لا. قولي عندك الحق تكون عندك حياة برا الشغل.
ريا: وش أقول؟ ""اسفة، ما حاسة بالطاقة والدراما معاكم""
نوح: هاهاها. بدون دراما، ارسلي لهم ""عندي إلتزام أكثر أهمية"".
ريا: مَلَلَ.
نوح: احترافي.
ريا: اوكي، لكن على الأقل أقدر أقولهم مشغولة بشيء مهم؟
نوح:انت تسوي شيء مهم. مناسبة فطور، وورشة فخار إبداعية.
ريا: كذا السبت عبارة عن إفطار وفخار. 
نوح: مناسبتين تقدري عليها مو جدولة زفت.
ريا: نوح أحس اني منتعشة!
نوح: هيهي. قلت لك. كان باقي لك شوي وتخشي في مصيبة.
ريا: قربت ارسل لهم رسالة طويلة مليانة أعذار وايموجيز.
نوح: هاهاها. كويس وقفتك. ما في أحد يحتاج يقرأ تقرير من الاعذار.
ريا: كذا اقدر ارتاح. يومي ما اخترب.
نوح: بالضبط، عديتي مصيبة الجدولة.
ريا: لا تخلي الوضع درامي.
نوح: تعلمت منك.
ريا: هييي
نوح: امزح معك. بس كويس عرفتي أولياتك، واخترتي اثنين منهم.
ريا: هيهي. شكرا نوح. حتى لو أنت تتريق علي طول الوقت.
نوح: بس شوي. ولو صار فيني كذا متأكد أنك حتضحكي علي.
ريا: أكيد. 
نوح: بالضبط، خلنا نرتاح الحين. انقذت يومك.
ريا: انا المستقبلية لازم توقف تقول نعم لأي شيء.
نوح: تكفى اكتبيها في ورقة صغيرة وعلقيها عندك.
ريا: أن شاء الله بسويها.
(الاثنين جالسين على الكنبة مرتاحين.)
ريا: والحين ... وش نسوي اليوم؟
نوح: أي شيء إلا زيادة مواعيد بكرة.
ريا: اتفق.





المشهد ٦ — الصوت الغامض عند منتصف الليل
المكان: شقتهما، منتصف الليل. سكون… أو ما يقاربه 
(يسمع صوت خبطة)
سام: (هاااع) ليلا! اصحي! اصحي الحين!
ليلا: (نصف نائمة) لا. مو صاحية. إلا لو الشقة تحترق. غير كذا، لا.
سام: أحس في أحد بالبيت.
ليلا: (بعينين مغلقتين) هذي الثلاجة. كل ليلة تسوي كذا. من زمان.
سام: لااا هذا ما كان صوت شيء اعرفه من البيت.
ليلا: سام، ترا كل الأصوات تخوف آخر الليل وكمان إذا انتِ خايفة. 
سام: تكفين! قومي. يمكن حرامي. أو حيوان. أو ... يا ساتر ...قطو معصب!
ليلا: قطو معصب؟ هذا اللي مخك فكر فيه؟
سام: القطاوا تتهاوش آخر الليل. حرامية صغار عندهم أظافر!
ليلا: آآآخ منك ... طيب، طيب. كيف كان الصوت.
سام: كان زيي… بووم. بس مو أي بووم. بووم من اللي تجيك وتقول ""الوضع خطير"".
ليلا: وصف مفهوم جداً يا عبقرية!
سام: ترا الوضع جد!
ليلا: (اووااه) بوقف لما ما توقفي عن الصرخة البخفيف ذي. 
سام: أهمس كذا عشااان ما ننسمع من الحرامي.
ليلا: لو فيه حرامي، كان سمع دقات قلبك. دقات طبول اعراس.
سام: طيب، طيب اسمع ... هذا هو مرة ثانية!
(صوت خفيف ثاني)

ليلا: سام… هذا كيس الشيبس اللي تركتيه على الطاولة. توه طاح. من قال ""بأكل بس ثلاث حبات"" وآخر شيء أكلت نص الكيس
سام: ذا قبل ساعات ليش يطيح الحين؟ ليش مو قبل؟
ليلا: الجاذبية؟ الوقت؟ حركاتك حقت كل يوم المضرة بصحتك؟ اختَر واحد فيهم.
سام: لا تنكتي! نحتاج نتأكد.
ليلا: لا، أنت تحتاج تنام.
سام: ليلااا تكفى. بس شوي تعالي معاي لو في غدرة.
ليلا: (تسك آآآخ) طيب! لو ما في شيء بتسوي بكرة بان كيك.
سام: تم.
(يتسللان في الممر)
سام: (يهمس) تحركي بشويش، وخليكِ وراي.
ليلا: ليه وراك؟ مو أنت اللي خايف. ومفروض تخليني درع لك.
سام: أنتِ أشجع.
ليلا: (اييه) أنا مو شجاعة… أنا تعبانة. ما يهمني لو نموت.
(يصمتان للحظات)
سام: هششش.
ليلا:  ما في شيء. ممكن نرجع الحيـــ
سام: انتظري! سمعت صوت!
ليلا: (اووف) ذا بطنك.
(يدخلون المطبخ)
سام: (يطالع من طرف الزاوية) (هممم) مصيبة أكبر مما توقعت.
ليلا: وش فيه؟
سام: باب الدولاب مفتوح شوي.
ليلا: يعني تركته مفتوح، زي كل مرة.
سام: لااا! والله إني سكّرته!
ليلا: (اوووف) سام… أنت تحلف كثير. وكل شيء أنت تسويه أصلا عكس!
سام: أنتِ ما تفهمين! لو في واحد فتحه؟
ليلا: زي وش؟ جني يدور على ملح؟
سام: ممكن.
ليلا: (ااااخ) جني دخل المطبخ ... في نص الليل ... بس يفتح الدولاب ويطلع؟
سام: لما قلتيها كذا ... حسيتها عبيطة.
ليلا: لأنها عباطة!

(صوت خفيف وكأنه كيس)
سام: شفت؟! أكيد في شيء في المطبخ
ليلا: (تنحني وتشوف) ايييه ... خلنا نشوف مسرح الجريمة. ... شوف! كيس الشيبس على الأرض.
سام: في واحد طيحه!
ليلا: شيء في الفيزياء اسمه الجاذبية وأنك حطيته مطرف على الرف.
سام: مستحييل! حطيته كويس على الرف.
ليلا: ... اووه صحييح. واضحة من عاداتك الكويسة.
سام: (اووف) خلنا نفتش في الصالة.
ليلا:سااام.ساااام. ترا نص الليل، ما حسوي تفتيش كامل للشقة!
سام: ما عليك، كلها دقيقتين.
ليلا: حتأخذ 10 دقايق! لانك تفتش زي العساكر.
سام: اسمه اتقان العمل.
ليلا: ذا اسمه الوسوسة.
(وصلوا الصالة)
سام: الستارة تحركت!
ليلا: لأنك مشيت. والهواء حركها.
سام: متأكدة؟ ممكن يكون ...
ليلا: لا تقول جني.
سام: طيب، حقول الهوا
ليلا: شفت! شيء معقول.
سام: لكن… ما فيه شباك مفتوح.
ليلا: طيب ... هذا غريب.
سام: قلت لك!
ليلا: لحظة… سكّرت باب البلكونة؟
سام: أظن؟
ليلا: تظن؟ سام! كذا تبدأ أفلام الرعب!
(يتفحصا الباب)
سام: (مرتاح)(اااه) مقفل.
ليلا: الحمد لله. يعني ما فيه شيء يخوف ...
(صوت حركة خفيفة)
سام: وش هذا؟!
ليلا: (خافت بس تتدعي الثبات) وكانه شيء يجلس.
سام: وش الي شيء يجلس؟؟
ليلا: مدري!!
سام:  سلة الغسيل طاحت!
ليلا: (شافت السلة) حطيت جزمتك الثقيلة فوق علشان كذا طاحت السلة.
سام:  الجاذبية مسوية شغلها الليلة.
ليلا: (هاهاهها) أنت اسمج انسان خايف قابلته.
سام:  سعيد أنه خوفي ضحكك.
ليلا: لآخر درجة، الحين أنا مصحصة.
سام: يعني تقتنعين إنه فيه شيء؟
ليلا: لا. مقتنعة أنك أنت المحتوى.
سام: لكن—
ليلا: سام… الأبواب مقفلة. ما فيه أشياء مكسورة. لا قطو. لا جني. كل شيء كويس.
سام: أكيد؟
ليلا:  يب أكيد.
سام: يمكن… بالغت شوي.
ليلا: شوي؟
سام:  اوكي ممكن كثير.
ليلا: بس عادي. أنت تخاف بالليل. سام الليل شخص ثاني.
سام: الظلمة والهدوء تخوفني.
ليلا: الخبر الحلو هنا انه خيالك هو الجني.
سام: (هاهاها) صحيح صحيح.
ليلا: يلا نرجع ننام… قبل ما يخوفك صوت الثلاجة.
سام: بس متأكد انه الشيبس ما طاح لحاله.
ليلا: (أييييه) أكييد ... طاح الشيبس لحاله لأنك ما تعرف تحطه زي الاوادم.
سام:  (هاهاهاها) ما ودك توقفي تريقة؟
ليلا: أبد ما بوقف.
(رجعوا للغرفة)
سام: شكرًا لأنك قمتي.
ليلا: عندي بانكيك. وقهوة.
سام: تم.
ليلا: وإذا سمعت صوت بعدين؟
سام: بأخذ نفس… قبل ما أتهم قطو شرير.
ليلا:  حلو التطور.







المشهد ٧ — كارثة الرسالة الخاطئة
المكان: غرفة مايا. عصر. مايا تمشي ذهابًا وإيابًا وهي تهتز من التوتر. جوردان يشرب شاي.
مايا: (مرتبكة) جوردان! جوردان! جبت العييد!
جوردان: (هادئ جدًا) خذي نفس… وش صار؟
مايا:  ما في وقت للهداوة ... أرسلت الرسالة.
جوردان: أي رسالة؟ أنت ترسلين ألف رسالة يوميًا.
مايا: مو هذي! أرسلت رسالة غلط وفي وقت غلط لشخص غلط!
جوردان: لمن؟
مايا: لمديري.
جوردان: …العييد ... وش ارسلتي فيها؟
مايا: تتذكر كلامي لك قبل شوي… لما قلت إنه ""يشغل الفريق مثل GPS خربان""؟
جوردان: لا تقولي—
مايا: أرسلته له! على رقمه الخاص! ومع إيموجيز!
جوردان: (اوووف) هذه… (هسسس) مصيبة والله.
مايا: أخيراً استوعبت المصيبة!
جوردان: هذي مصيبة بس كمان تحسها جرأة منك.
مايا: جرأة! أنا بنطرد، يحاكموني ويضيع مستقبلي، وحتى انخطف من ال HR
جوردان: ال HR ترا ما يخطفون الناس.
مايا: (اييييه) صدق؟ شكلك ما شفت ايميلاتهم. مليانة لهجة وعيد وتهديد تقول بيقتلوك.
جوردان: (هي هي) اوكي اسف.
مايا: وش اسوي الحين؟
جوردان: أول شيء اهدي. حفرتي الأرض من حركتك.
مايا: ما اقدر، لو وقفت بنفجر من التوتر والخوف.
جوردان: اوكي، انفجري بالراحة.
مايا: ما ابغى انفجر بالراحة. ابغى الغي الرسالة.
جوردان: جربتي تحذفيها؟
مايا:اكيد. بس الدنيا تكرهني. بس في زر حذف لدي، وما في حذف للجميع.
جوردان: ذا الزر الغبي ما منه اي فايدة.
مايا: بالضبط. وش اسوي الحين؟
جوردان: انتظري بس.
مايا: أنتظر! أنتظر!! جوردان أنا روحي ما تتحمل الانتظار.
جوردان: ما عندك حل، إلا لو تهكري جواله بطريقة الأفلام.
مايا: لا تغريني! ترا شوي واسويها.
جوردان: طيب طيب. خلنا نفكر بواقعية.
مايا: واقعية؟ يا جوردان، ما عندي غير أفكار سلبية.
جوردان: طيب، انت فكري بدرامتك وانا بفكر بعقلانية لنا الاثنين.
مايا: تم.
جوردان: اسوء شيء بصير أنه يقرأها ويطلب يكلمك علشان يعرف وش السالفة. 
مايا: يكلمني؟؟ هذه لغة ال HR علشان تجهز آخر كلامك
جوردان: لا، مرات يكون نقاش بسيط.
مايا: آخر ""نقاش"" خلوني فيه المسؤولة عن حفلات الميلاد.
جوردان: (آآخ) مثال زفت. نشوف شيء ثاني.
مايا: (ايييه) قاعدين يقروها. كنت أدري. ليه ما علقوا على الرسالة؟ ليه صارت صحين ازرق بدون رد؟ ليه ""يكتب الآن""
جوردان: علامة واحد يكتب؟
مايا: ايه. تظهر وتختفي. قاعد يكتب نهايتي. ويمسحني من الوجود.
جوردان: أو قاعد يكتب لستة السوق، وفتح شاتك بالغلط.
مايا: لا. يقصد يسوي كذا. هذه غلطتي لأني غلطت عليهم.
جوردان: كانت تضحك على الأقل.
مايا: جوردان. بالله وقف مدح تريقتي.
جوردان: اسف. طيب. خلنا ندور طريقة نخفف بها المصيبة الجاية.
مايا: ايييه بالله عليك. عطنا الكلمات للاعتذار المثالي.
جوردان: تمام. وش رأيك في ""هلا. انا اسفة، الرسالة ذي جاتك بالغلط"".
مايا: قصيرة، وتبين أني مو مهتمة.
جوردان: طيب. وش رأيك ""متأسفة جدا، في سوء فهم ...""
مايا: لا! كذا يصير كأني الغلطانة. ابغى شيء عادي بس محبطُ.
جوردان: نبرة عادية بس محبطة ... طيب وش رايك ""اعتذر عن الرسالة الغلط. اترسلت برا سياق السالفة""
مايا: برا السياق؟ ما في مبرر اني اذب على رئيسي برا السياق.
جوردان: ممكن تصير.
مايا: كيف؟ الا لو الدنيا اهتزت!
جوردان: تدرين! ممكن تصير كذا!
مايا: انا ما اطقطق يا جوردان! 
جوردان: صحيح، معليش. طيب، اعتذري وخلاص، من كل قلبك.
مايا: أضيف ايموجيز؟
جوردان: لا. أكيد لا. بدون ولا واحد.
مايا: ولا حتى وجه حزين؟
جوردان: لا. هذا بزيد المصيبة. الكبار ما يحطو ايموجيز في رسالة اعتذار.
مايا: اوكي. تمام. كتبت الرسالة.
جوردان: اقريها.
مايا: (تقرأ) ""السلام عليكم، انا اعتذر بصدق عن الرسالة الوصلتك سابقا، كانت لصديقتي. كنت افرغ توتري واحباطي لصديقتي، لكن المفروض اتعامل معه باحترافية. اعتذر لك بصدق"".
جوردان: ممتاز جدا.
مايا: أرسلها؟
جوردان: ارسليها.
(أرسلتها وندمت على مباشرة)
مايا: يا الله، يا الله! ليه سويت كذا؟ ليه خليتني أرسلها؟
جوردان: لأنه ذا الأصح. وأنت كبيرة ووقفي لعب العيال.
مايا: يكتب مرة ثانية!
جوردان: ممتاز. كذا تفاعل مع الرسالة.
مايا: أو ... أو قاعد يكتب رسالة طردي.
جوردان: انا متأكد انها ما تنكتب بجوال.
مايا: يسوها لو معصبين.
جوردان: اهدي. خلنا ننتظر.
مايا: طيب ... جوردان، مو قادرة اتنفس.
جوردان: تنفسي عادي، ما في مشكلة يا بنت!
(الجوال يهتز)
مايا: يا الله! رد.
جوردان: اقريها.
مايا: (تقرأ بشويش) امممم ""السلام عليكم، شكرا على صدقك. كلنا بنمر بلحظات احباط احيانا. بكرة خلنا نتكلم عن ستراتجيات تواصل افضل"".
جوردان: شفتي؟ ما طردك ولا دمرك ولا خطفك.
مايا: (آآآآآآه) يا الله، انا عايشة ... أنا عايشاااااة.
جوردان: مبارك عليك. نجيتي من حادث رسالة عظيم.
مايا: ما بسويها ثاني. من اليوم بتأكد ثلاث مرات قبل اراسل أي أحد.
جوردان: حلو
مايا: وببلكك وقت الشغل.
جوردان: هييي، وليه أنا الياخذ بلوك؟
مايا: لأنك تخليني اروح اشتكي بدراما كثيرة.
جوردان: ما تحتاجي حتى دفة مني.
مايا: اتفق معك ...
(ضحكوا سوا)
جوردان: ها ... تبين شاي؟
مايا: اييه، خله رايق ومظبوط. كأنه حضن.
جوردان: ابشري.
مايا: جوردان؟
جوردان: هلا؟
مايا: شكرا لك لانك انقذتني.
جوردان: بأي وقت. 















المشهد 8 – السر خرج للعلن.
المكان: اراف وريا يتشاركوا شقة. المساء. مطر برا. صوت المطر على الشباك. ريا تجلس على الكنبة، متوترة تقلب بجوالها. اراف تدخل ومعاها كوبين شاي.

اراف:  (يحط الشاهي بهدوء فوق الطاولة) سويت لك بابونج… النوع اللي يهدّيك، اللي تحبينه. حسّيت يمكن تحتاجينه اليوم. من الصبح وأنت ساكته… واضح إن في شي بخاطرك ما قلتيه.
ريا:  (تبتسم غصب وهي تطالع الكوب) يعطيك العافية… صدق. بس أنا تمام. بس… تعبانة شوي، تعرف؟ الشغل طويل… وأشياء تتراكم… يعني شي طبيعي.
اراف:  (يجلس جنبها شوي) ريا، الله يهدّيك. إحنا عايشين مع بعض من زمان وأعرف “تمامك” يوم يكون صِدق… ويوم تحاولين بقوة تسوين إنه ما في شي. واللي عندك الحين… مو ضغط شغل عادي.
ريا:  (تتنفّس بشوي رجّة) مدري يا أراَف… أحسني متلخبطة من الحياة يمكن. كل شي أحسه واجد الفترة ذي. وما أبي أسحبك معي للنكد.
اراف: بس أنا أبي تسحبيني إذا هذا بساعدك. مو لازم تشيلين كل شي بروحك. أنتِ تعرفين هالشي، صح؟
ريا: (نبرتها تلين) إي… أدري. بس ما كنت أبي أزيد عليك هم فوق همومك. أنت تتحمّل واجد.
اراف: ريا… قلقي يزيد لما تقفلي علي كذا. لما أشوفك شوي وتنهاري وتقولين لي “أنا تمام”… ذيك اللحظة تخوّف. والحين… أنا خايف، لأني حاس إن في شي غلط.
ريا:  (تطالع بعيد) مو إني ودي أخبيه… بس… ما كنت أعرف كيف أقوله بدون ما يكبر الموضوع… أو بدون ما تطالعني بنظرة ثانية.
اراف:  (يميل قدّام شوي) أطالعك بنظرة ثانية؟ وش يعني؟ وش ممكن تقولينه يخلي نظرتي لك تتغيّر؟ أنتِ ريا. انت الكون كله لي. ابَدّي من هالنقطة… وقولي لي.
ريا:  (يديها ترتجف شوي) اوكي… أوكي تمام. بس اوعدني ما تقاطعني… ولا تفترض شي قبل أكمل. تكفى. ما أبيك تستعجل.
اراف:  (يومّي براسه ببطء) أوعدك. بدون مقاطعة… بدون افتراضات. كلميني، يلا.
ريا:  (تاخذ نفس عميق) حاضر… من أسابيع صار لي شي، ما كنت متوقعة… ولا مستعدة له. جتني إيميلات… من مكتب المدير… عن فرصة نقل. كبيرة. بغير مدينة… وفعليًا بغير ولاية بعد. وما قلت لك لأني ما كنت متأكدة أصلاً أبغاها ولا لا. وبالأمس أرسلوا العرض الأخير… وأنا توترت وقفل مخي.
اراف:  (ساكت شوي، يستوعب) أنت… جاك عرض نقل؟ وعرض كبير بعد؟
ريا: إي. هو نفس الشي اللي كنت دايما أتمنى يصير… قبل أنا وإنت نبدأ نسوي حياة مع بعض. قبل كل شي يصير ثابت… وبيت… وطُمأنينة. أنا ما خبيته لأني بنقل. خبيته لأني ما أدري… أقدر أو لا؟  والمفروض إذا اختياري للوظية اخسرك ...
اراف:  (يتكي وراه، يتنفس ببطء) واو… أوكي. هذي صدق كبيرة. وما بكذب… جزء مني تمنى انك قلتِ لي من بدري، علشان لا تضغطي على نفسك. بس أنا موجود الحين. وبفهمك. وش تحسين بالضبط؟ متحمسة؟ خايفة؟ مترددة؟
ريا: صدق؟ كلهم. متحمسة لأنها خطوة كبيرة. وخايفة لأن ما أعرف وش يعني لنا. وحاسة بالذنب لأني كتمته. ومتلخبطة بين شي كنت أركض وراه… وبين شخص صار جزء من نفسي.
اراف:  (صوته ناعم وثابت) اسمعي… ما تحتاجين تختارين بيني وبين شغلك. هذا مو حب، هذا ضغط. وأنا ما أبغا أكون السبب اللي يوقفك. بس بسمع منك وش تبغين أنتِ. مو اللي تحسين لازم ومو اللي تحسين ما يزعّلني ... أنت… وش تبين؟
ريا:  (عيونها تلمع) أنا أبغى… أبغى الوظيفة.إي. بس بعد أبغاك… وما أعرف كيف نجمعهم بصورة وحدة. والي يقهرني إني ما وثقت فيك من البداية.
اراف:  (يمسك يدها بلطف) ريا… رغبتك في الوظيفة ما تعني رغبتك فيني أقل. وتمنيت تقولين لي من بدري، صحيح. ... بس بعد ودي أفهم ليه ما قلتي. يوم يطيح عليك قرار ضخم فجأة… يهدّ توازنك. أنا فاهم انك تبين الوظيفة… بدعمك بشكل كامل. بس لازم نتكلم عن وش يعني ذا على المدى الطويل… مع بعض.
ريا: يعني… مو زعلان؟
اراف: زعلان إنك شلتي الحمل لوحدك. بس مو زعلان من أحلامك.
ولا من طموحك. ولا من فرصة كبيرة جاتك. أنا بس أتمنى… أكون واقف جمبك وأنت تمرّين بهاللحظة.
ريا:  (تدمع وتبكي خفيف) ما أبي أخسرك.
اراف: ما بتخسريني بالمَسافة. تخسريني بس لو وقفتي تكلمينّي.
إذا قررتي قراراتك من خوف، مو من محبة ووضوح. بس اللي نسويه الحين… عكس ذا كله. الحين إحنا نتكلم. وهذا اللي ينقذ كل شي.
ريا: طيب وش نسوي؟ يعني عمليا؟
اراف: أول شي… نتنفّس. وبعدين نشوف التفاصيل. كم مدة النقل؟ دائم؟ مؤقت؟ ممكن يصير شغل عن بعد بعدين؟ نخطط للزيارات؟
وممكن أنا أنتقل بعدين لو الظروف سمحت؟ في مليون احتمال غير ننفصل.
ريا: أنا… حتى ما فكرت بكل ذا. شفت العرض وانفجعت وفكرت كل شي بينهار.
اراف: أنتِ تشوفين الانهيار. وأنا أشوف الحلول. وهذا اللي يخلّينا نمشي سوا.
ريا:  (تضحك وهي تبكي) تسوّي كل شي بسيط.
اراف: مو بسيط. بس نقدر نتعامل معه. وأنتِ مو لحالك خلاص.
ريا: شكراً…لأنك ما تركتني. ولأنك ما عصبت. ولأنك أنت.
اراف: أنا ما أروح مكان. إلا لو قلتِ لي… وبعد حتى لو قلتِ… بعاندك.
ريا: لا لا… لا تروح. ولا أفكر أقولك تروح.
اراف: تمام. كذا إحنا متفقين. الحين اشربي شايك قبل يبرد…
وبعدها نفتّح الإيميل سوا… ونقرأ التفاصيل مثل الناس العاقلين.
ريا:  تبتسم أخيرًا ... صدق أحِبّ ذا الشاي… مرّة.
اراف: وووو .... ريا؟
ريا: هلا؟
اراف: مرّة ثانية… لو شي كبير صار… كلّميني قبل ما تبدأ مرحلة “أنا بضيع”.
ريا: اتفقنا
(يجلسون سوا… والمطر من برا يخفّ شوي… وهم يميلون على اللابتوب).









المشهد 9 الزائر المفاجئ.
المكا: ليلة هادئة بالمنزل. نورا تجهز العشاء في المطبخ. ليو دخل البيت ومعه مقاضي البيت. دقة مفاجئة على الباب اربكة الجميع.

ليو:  (يحط الأكياس على الطاولة وهو يتمطّى) مو عرفتك كذا صراحة. كل مرة تكونين تركضين مع الوقت وتسبّين أكواب القياس كأنهم سرقوك. بصراحة أحترم روحك القتالية بالمطبخ.
نورا:  (تبتسم ابتسامة بسيطة) إي والله… اليوم غريب شوي. ودي يكون يوم هادي… لو الدنيا بس تتعاون مرّة وحدة. (يجي طَرق قوي على الباب. نورا تجمّد بمكانها).
نورا: وش ذا؟ ... قول لي إنه مو بابنا.
ليو: يعني… إلا لو جانا جني يعرف طق أبواب… أكيد أحد عند الباب. بس لا تشيلين هم، يمكن توصيله.
نورا: أنا ما طلبت شي. أنت طلبت شي؟
ليو: لا، بس إحنا بالقرن الواحد والعشرين. مرات توصل بكجات بدون ما أحد يعرف ليش. يمكن واحد من هالهدايا التجريبية اللي تسجلين فيها بالغلط دائماً.
(طرق ثاني… أقوى شوي).
نورا: أوكي… هذا أكيد مو توصيل. هذا شخص واقف ينتظر… وواضح مستعجل. ليو… بالله لا تقول إنك عزمت أحد بدون ما تخبرني.
ليو: والله ما عزمت أحد. أعرف وضعك مع الضيوف اللي يجون فجأة. تصيرين تعطين ذيك النظرة اللي كأنه آخر يوم لي بالدنيا.
نورا: ما أسوي كذا!
ليو:  (يبتسم بخبث) سويتيها قبل نص ثانية بس.
نورا:  (تتنفّس بعمق) خلاص… نشوف مين. بس لو واحد من ناس اشتراكات المكنسة، بدخل وراك وأتخبا.
(تفتح نورا الباب. واقفة بنت… شايلة شنطة سفر).
نورا: ...أوه. أوه لا.أوه لا لا لا.
ليو:  (يطل من فوق كتف نورا) لحظة— ذي… ميا؟
ميا: هلا نورا. هلا ليو. أدري جيتي مفاجِئة… وأدري المفروض أتصل قبل… بس… الأمور تعقدت شوي، وما كان عندي مكان أروح له.
نورا:  (مصدومة بصوت واطي) ميا… إنتِ هنا؟ ليش… مع شنطة سفر؟
ليو:  (يتقدم بقلق) إنتِ كويسة؟ شكلك كأنك جريتي طول الطريق لهنا!
ميا:  (تتنفس بنبرة مهزوزة) صراحة وصفك دقيق. شقتي صار فيها… خلنا نقول “كارثة سباكة"". السقف بدأ ينقط بعدها صار فيضان مجاري من فوق على البيت. أخذت اللي قدرت عليه وطلعت قبل أنجن.
نورا: يا ربي… شي يخوّف. بس ميا… المفروض كلمتينا! رسالة… فويس… حمام زاجل… أي شي!
ميا: أدري… أدري كان لازم. بس توترت. وإذا توترت… المنطق يختفي. جيت هنا على طول… حسيت هالمكان هو الأمان الوحيد اللي طرى على بالي.
ليو:  (بلطف) مو لازم تتعذري بسبت التوتر. أهم شي إنك هنا وكويسة.
نورا: إي… وإنتِ تمام؟ بس ميا… كم ناوية تجلسين؟
ميا:  (بتردد، صوتها صغير) أنا… بصراحة مدري. يمكن ليلة… يمكن ليلتين. الفنيين قالوا يمكن أسبوع لين الشقة تصلح. بس والله ما أتوقع منكم تستضيفوني كل هالوقت.
ليو: هااا، لا تقولي كلام ما صار. إنتِ مثل الأهل. ولو احتجتي مكان، بنلقى حل سوا.
نورا: إي… بس تمنيت نعرف قبل. أنا أحتاج أجهز نفسي إذا تغيرت الخطة فجأة. مو إني مو ودي فيك… بس عقلي يحتاج وقت يستوعب ضيف في البيت.
ميا:  (تهز راسها سريع) فاهمة، فاهمة يا نورا. وبصراحة آسفة إني فجأة نطّيت عليكم. وإذا يريحك… أنام بالصالة… وما ألمس أي شي. أصير مثل الابجورة بالزاوية.
ليو:  (يضحك بخفة) ما نبيك تصيرين ابجورة. بس خذي نفس، يومك كان طويل وصعب.
(ميا تدخل. نورا تسكّر الباب ببطء وهي لسا تستوعب).
نورا: طيب… أوكي. خلّونا نجلس شوي. ميا، تبين شاهي؟ أظن الغلاية لسا دافية.
ميا: الشاهي ممتاز. أي شي دافي ممتاز. جسمي كامل حاس إنه قطعة ثلج ترجف توتر.
ليو: تبين تتكلمين عن اللي صار؟ ولا تبين تجلسين ساكته وتطالعي بالجدار لين مخك يشغل نفسه؟
ميا: يمكن مكس؟ لأن لو بديت أشرح كل شي، بنخنق بكاء… وودي أحافظ على كرامتي خمس دقايق زيادة.
نورا:  (ترجع معا شاهي، صوتها أرق) تفضلي… بابونج.
يمكن ما يصلّح سقفك الخربان… بس يمكن يهديك شوي.
ميا:  (تمسك الكوب ويدها ترجف) شكراً. صدق… شكراً لأنكم فتحتوا لي الباب بدون ما تحسون إني حمل زيادة. أنا جيت بأسوأ توقيت.
ليو: أسوأ توقيت كان لو جيتي يوم نورا رتّبت دولاب البهار. إنتِ جيتي قبل الكارثة.
نورا: ليووو— لا تفضحني.
ليو:  (يبتسم) مو فضيحة… هذا تذكير إنك تصيري تضحكين لما تتوترين.
نورا: مو… أوكي شوي.
ميا:  (تبتسم ابتسامة حقيقية أخيراً) حلو أضحك لأول مرّة اليوم.
ما توقعت كيف كنت مشدودة إلا الحين. وجودكم يخفف رهبة الأشياء دائمًا.
نورا: شوفي… أنا ما أحب المفاجآت، صحيح. بس أحبّك. وفرحت إنك جيتي هنا بدل تقعدين لحالك في شقتك اللي تحولت لحوض سمك.
ميا: شكراً… يعنيها لي كثير.
(لحظة هدوء. كلّهم يتنفسون).
ليو: طيب… وش الخطة؟ نلقى سكن مؤقت بكرة؟ ولا تبين تقعدين معنا لين نعرف وش الخطوة الجاية؟
ميا: إذا… إذا فعلاً ما يضايقكم… أبغى أجلس ليلتين. لين أعرف التأمين وش وضعه… وين أعيش وهُم يصلحوا سقفي.
نورا: تمام. بنرتّب المكان. بس… عطيني فرصة أتهيأ نفسيًا قبل نحرّك الأثاث، أوكي؟
ميا: أكيد. أنام حتى بالزاوية جنب الرف، أصغّر نفسي وأختفي.
ليو: لا تقولين كذا. لا إنتِ صغيرة، ولا ثقيلة علينا. إنتِ محتاجة مساعدة… وإحنا هنا أهلك ... خلاص.
نورا: بالضبط. بس مرّة ثانية… حتى لو حالة طارئة… أرسلي خمس ثواني رسالة، عشان ما أفتح الباب وأنا حاسة بكمين تصوير مفاجئ.
ميا:  (تضحك من قلب) تم.أوعدكم. لا مزيد مفاجآت بشنطة سفر… إلا إذا نبهتكم.
ليو: حلو. الحين نجلس، ناكل شيء، ونخطط لبكرة. بدون استعجال. بدون توتر. بس نهدى.
نورا: وبعد… حلا. حاسّه الليلة تحتاج حلا.
ميا: والله… هذا الكلام الصح.
(تنخفض الإضاءة… وهم يجلسون حول الطاولة، أخيراً مرتاحين).














المشهد 10





رايلي: (يدينها متشابكة، تطالع قدّام) يعني… شكله أخيراً بنسويها. بنجلس ونتكلم مثل الناس الكبار بدل ما نسوي إنه ما في شي. أنا لي أيّام أنتظر هالسالفة، تصدق؟
سام: (يتنفس ببطء وهو يلعب بسحاب الجاكيت) إي… أدري.
وأسف إنّي طولت لين أتكلم. أنا بس… كنت أحتاج وقت أفكّر كيف أشرح كل اللي صار بدون ما أطلع ملخبط أو درامي… مع إني غالباً بطلع كذا.
رايلي: أنا أحب الصراحة الملخبطة على السكوت اللي عطيتني إياه بصراحة. سام، حسّيتك اختفيت من الكوكب. حتى ميمز ما ترسل! أنت دايما ترسل لي ميمز!
سام: هذي أكبر علامة إنه في شي غلط. إذا ما قدرت أرسل حتى ميم بسس غبي… معناته عقلي مو في أحسن حالاته.
رايلي: (تلتفت له شوي بنبرة ألين) انت صادق. بس تقدر تشرح لي وش صار؟ لأنه من جهتي حسّيت كل شي طبيعي… وفجأة اختفيت كأنك تهرب مني.
سام: ما كنت أهرب منك. كنت أهرب… من السالفة نفسها. اللي أدري إنها تقريباً نفس الشي… بس النية غير، والله.
رايلي: سام… أنت تلف وتدور. وش السالفة؟
سام: (ياخذ نفس طويل) الرسالة اللي رسلتيها الأسبوع الماضي.
لما قلتي: “نحتاج نتكلم بأقرب وقت.” أدري الحين الموضوع يضحك… بس ذيك الكلمة دخلتني في حالة خوف.
حسّيتك بتواجهيني بشي قوي… أو بتقولين ما تبين صداقتنا… أو مدري… شي كبير.
رايلي: (ترمش، مصدومة) سام… كنت أقصد نتكلم عن تخطيط رحلتنا! رحلة القروب! اللي قلت تبغى تنسقها معي! حطّيت بعد ابتسامة!
سام: (اووهمم اممم) أدري… أدري. طوّلت أتأمل الابتسامة ذيك… وبرضو أقنعت نفسي إنها ابتسامة خبث لطيفة. الابتسامة اللي الناس يحطونها قبل ما يقولوا لك الخبر السيء.
رايلي: أنت فسّرت ابتسامة على إنها تهديد؟
سام: واضح إيه. عقلي يحب يتخيل… بس بدون فايدة.
رايلي: (تهز راسها وتبتسم رغم عصبيتها) يا الله يا سام… والله لو في جائزة لاستخراج دراما من الهوا… تفوز فيها بسهولة.
سام: قولي والله. تراني اليوم الثاني قعدت أحلل الرسالة كأنها شفرة من الـ FBI.
رايلي: كان بس تسألني وش أقصد!
سام: أبغى… بس تجمّدت. وكل ما طولت، صار أصعب أرجع أرسل. وبعدين أقنعت نفسي يمكن المسافة أحسن… مع إن ما كان له معنى… وبعدها دخلت بالدوامة— والحين إحنا هنا.
رايلي: إيه… هنا. شخصين كبار قاعدين بحديقة بالليل… لأن واحد منهم خاف من ابتسامة.
سام: إذا تقولينها كذا… الوضع يصير أسوأ.
رايلي: مو قصدي أحسسك بالذنب. أحاول أفهمك. لأن بصراحة… اشتقت أكلمك كل يوم. اشتقت لفضفضتك الغريبة… وآرائك الغريبة بالأكل… وطريقتك الدرامية بكل شي. المكان فاضي بدونك.
سام: (عيونه تلين) تشتاقين؟ ... كنت أحسب إني غالباً أزعجك نص الوقت.
رايلي: إيه تزعجني أحيان… بس مو بطريقة سيئة. أنت تجيب… مدري… حياة. حركة. فلما اختفيت فجأة… أنا بعد صرت أفكر كثير.
قلت يمكن قلت شي غلط… أو يمكن صداقتي لك ما كانت كفاية…
أو يمكن إني ما عاد صرت مهمّة له.
سام: رايلي… لا. بالله لا. أنت من أهم الناس بحياتي. وفكرة إنك ظنيتي ما يهمني… هذي توجع أكثر من كل شي ثاني.
رايلي: طيب ليه ما قلت لي؟ ليه ما قلت: “أنا خايف من الابتسامة”؟
سام: استحيت. أنا أعرف انه ما هو منطقي. وأعرف إنه اخترع مشاكل من ولا شي. واعترف لك بهالشي ... لشخص أهتم فيه… يحسّسني إني أكشف أضعف جزء فيني.
رايلي: بس هذا هو الموضوع يا سام. مو لازم تخبي الضعف حقك.
أحب أعرف وش تمرّ فيه… بدل ما أجلس أتخيل إني أنا السبب.
سام: (صوته أهدى) بحاول… صدق بحاول أتكلم قبل ما مخي يقلب كل شي لفيلم كارثي.
رايلي: تمام. لأني ما أبيك تختفي عني مرّة ثانية. وإذا أرسلت لك ابتسامة خبث صدقني بتعرف… بتكون ذيك الابتسامة اللي لها شكل مرعب واضح.
سام: (يضحك أخيراً) أوكي… ذي حقيقة تخوّف.
رايلي: شفت؟ كلام واضح.
سام: بس من جد… أسف. أني سكّرت الباب. وأنا خليتك تحسين إنه سحبت عليك. وأني تخيلت الأسوأ بدل ما أسأل.
رايلي: سامحتك. بس لا تعيدها. ولا تخلي الإيموجيز تتحكم بحياتك النفسية.
سام: ذي ما أقدر أضمنها… بس بحاول.
(لحظة هدوء مريحة بينهم).
رايلي: طيب… دام صفينا الجو… نرجع نخطط الرحلة؟ القروب يسألوني كل يوم مين يحجز الأكواخ… وأنا مخليّة الوضع كأنه كله تحت السيطرة.
سام: إي بالله… خلّينا نتكلم عن شي ما له علاقة بقلقي بسبب علامات الترقيم.
رايلي: تمام. لقيت كوخ عند بحيرة… له منصة كبيرة تطل عاليها. توقعت يعجبك لانك كل مرة تقول إن منظر الموية يهدي مخك.
سام: تذكرين ذا؟!
رايلي: أكيد. يمكن تشوفني سيدا… بس أنتبه. خصوصاً لك.
سام: شكراً…من جد. ...على صبرك… رغم إنك أكيد ودك تخنقيني.
رايلي: إي، ودي أخنقك. بس ودي أفهمك أكثر بعد.
سام: قدّرت هالشي. وأوعدك… المرة الجاية إذا خوّفني شي… بقول قبل ما أدخل في دوامة “إيموجي يدمّر حياتي”.
رايلي: ممتاز. لأني مو مستعدة أخسر أسبوع ميمز ثاني بسبب قلقك.
سام: تم. على فكرة… شكراً إنك جيتي اليوم… أعرف الوقت متأخر.
رايلي: عشانك؟ أجي لو الوقت أكثر من كذا بعد.
(يتبادلون ابتسامة دافية… والجو يتصفّى أخيراً).






المشهد الأول
المكان: صديقين، مايا وجون ويتشاركوا صباح بطيء في شقتهم. يسو قهوة سوا، يسو طقوسهم اليومية من الاسترخاء، ويشوفوا الرسائل الوصلتهم.

مايا: (تشد ذراعيها وتطالع قدّام وهي","هههه مبروك لنا.
{صمت}

حياتك أنت. أنا بس الشخصية اللي تصلح الفوضى حقتك.
{صمت}

ههههه يمكن.
{صمت}

 جوردان جوردان جوردان.","هههه مبروك لنا.
[صمت]

حياتك أنت. أنا بس الشخصية اللي تصلح الفوضى حقتك.
[صمت]

ههههه يمكن.
[صمت]

جوردان جوردان جوردان.","[ثيو:] هههه مبروك لنا.

[ثيو:] حياتك أنت. أنا بس الشخصية اللي تصلح الفوضى حقتك.

[ثيو:] ههههه يمكن.

[مايا:] جوردان جوردان جوردان.","هههه مبروك لنا.
{صمت}

حياتك أنت. أنا بس الشخصية اللي تصلح الفوضى حقتك.
{صمت}

ههههه يمكن.
{صمت}

جوردان جوردان جوردان.",3,2,False,0.0,0.261867,0.261867,0.214399,0.261867
4,Arabic_SA,https://d2r5sftrozu18z.cloudfront.net/uploads/audio-segmentation/1095/2_hours/2_hours_Segment_014.wav,"يمكن. يمكن صارت لها أرجل وهربت تعيش حياتها الخاصة.
[صمت]

لا تضحك علي في مصيبتي.
[صمت]

رحت لقسم الخضار. أخذت تفاح بعدها رجعته ما عجبني. بعديييين.
[صمت]

يمكن. مسحت البطاقة وأنا طالعة.","المشهد ١ — دراما رسالة الجوال الغامضة
المكان: غرفة جلوس هادئة، آخر النهار. الجوال يهتز بلا توقف.
لينا: (تتنهد بضيق) ثيو! يا الله!، لازم تشوف ذا. الحين.
ثيو: (يتثاءب) وش فيه الحين؟ نهاية العالم خلاص؟ أو برجك الغبي حذرك؟
لينا: لا! أخَسْ. شوف… (تمد له الهاتف) ليه أليكس أرسل لي: ""أَبِيكِ بكلمة"".
ثيو: (شهقة) أخطر أربع كلمات في اللغة العربية.
لينا: بالضبط! صح؟ وش يقصد بها؟ ""أَبِيكِ بكلمة"". عن وش؟ وليه؟ متى؟ ووين؟ وعن وش؟
ثيو: (آآه تنهد) لينا، اهدي. ممكن بس يبي رأيك.
لينا: (تهز رأسها)  ممم ما في واحد يقول ""أَبِيكِ بكلمة"" لشيء عادي يا ثيو. هذه لغة جادة. لغة المواجهات. لغة ال…
ثيو: (يقاطعها) لغة الدراما اللي اخترعتيها بنفسك.
لينا: (تتأوه) كنت أعرف. حياتي صارت مسلسل. وأنا ما أدري.
ثيو: (يضحك) أنت السببتيها. أنت تحبين الدراما. تتنفسينها.
لينا: (منزعجة) هممف كييف؟ ما أحب الدراما أبد.
ثيو: (مستمتع بضحكة خفيفة) لينا، الأسبوع الماضي بكيتِ على إعلان… عن كورن فليكس.
لينا: (تدافع) كان يحزن! الأب اعتذر لأنه أكل آخر صحن!
ثيو: (يضحك) اييييه ببكي من الأحاسيس.
لينا: (تتمشى بقلق) طيب، ركّز اممم    وش اسوي؟ أرد؟ أسحب عليه؟ أقوله إن الواي فاي خرب ثلاثة أيام؟
ثيو: (آآآه تنهد) اسأليه بس وش يقصد.
لينا: (تصدم) بس كذا؟! ثيو، ترا ذا وضع حساس. ما تقدر تسأله كذا وش يبي. هذا… هذا يخرب الاحاسيس!
ثيو: (يضحك) أنت غبية. هي كلها شوية كلمات.
لينا: نعم! كلمات تخرب باقي اسبوعي!
ثيو: (يبتسم) دراما ما تخلص.
لينا: (بقلق خفيف) طيب، بأكتب: ""أوكي، وش فيه؟"" كذا تمام؟ رزين؟ غريب؟ لطيفة؟
ثيو: (هممممم) لينا… حلو. رد طبيعي. زي سويسرا ... محايدة.
لينا: (تكتب بسرعة) طيب. أرسلت. الحين نتوتر.
ثيو: (يضحك) أنت متوترة أصلًا.
لينا: والحين عندي سبب رسمي.
(الجوال يهتز)
لينا: ياااااااه! رد. ما أقدر اشوف. ثيو، اقرااه.
ثيو: (ينظر للهاتف) هممم.
لينا: (متجمدة) ""هممم""؟ وش تقصد بـ ""هممم""؟ ثيو، لا تعلقني!
ثيو: (يبتسم) اهدي. يقول إنه يبي يساعدك في جدولة حفل مفاجئة لصديقتك نورا.
لينا: (تفقد توترها فجأة) …آهاااا.
ثيو: (ينفجر ضاحكًا) سويتي دراما كبيرة علشان ذا بس؟ 
لينا: (بحرج) أكرهكم كلكم.
ثيو: لا، لا تكرهين. أنتِ تحبين الدراما… والدراما تحبك.
 
 
 
المشهد ٢ — أزمة القهوة في المقهى
المكان: مقهى مزدحم، وقت الصباح.
لينا: (متوترة) ثيو. حياتي انتهت. مرة ثانية.
ثيو: (يشرب القهوة) خليني أخمّن… خَلَص حليب الشوفان؟
لينا: نعم! كيف عرفت؟
ثيو: لينا… هذا المقهى يخلص فيه حليب الشوفان كل يومين. طبيعي.
لينا: (آآآه) بس هم يعرفون أني أحتاجه. أنا ما أتحمل اللاكتوز… عاطفيًا وجسديًا.
ثيو: (يضحك) لاكتوز عاطفي؟
لينا: نعم. الحليب يجرح روحي.
ثيو: خذي حليب لوز.
لينا: (هاااعع) لوز؟ طعمه زي النكد مخلوط بخشب.
ثيو: (يضحك) يا الله! أنت درامية.
لينا:  والباريستا أعطتني نبرة لما سألت عن حليب الشوفان الموجود عندهم في المخزن.
ثيو: وش قالت؟
لينا: قالت: ""نحن ما نخبي الحليب في مخزن سري.""
ثيو: (يضحك) معها حق.
لينا: لكن قالتها بدون نفس يا ثيو. بدون نفس.
ثيو: (هاها) بدون نفس؟ اتصلي بالشرطة طيب.
لينا: بالضبط! لازم أقدم شكوى.
ثيو: بسبب الحليب؟
لينا: بسبب المبدأ. كنت أبغى قهوة طبيعية. لكن لااا… لازم تكون حياتي درامية.
ثيو: (يبتسم) الدراما تلحقك زي الكلب الوفيّ.
لينا: أنا ما أبِيهَا!
ثيو:  أنت حرفيا تجذبيها.
لينا: (آآآه) ممكن أوقف عن القهوة.
ثيو: (يضحك) حاولت من قبل ... صمدتي سبع ساعات.
لينا: الدنيا ما تحبني.
ثيو: على وش ما تحبك؟
لينا: ما أدري… ممكن لأني الأفضل.
ثيو: (قهقه) أكييد.
 
 
 
 
 
 
 
 
 
 
 
المشهد ٣ — كارثة قروب الشات
المكان: نفس المقهى، بعد فترة في الصباح.
لينا: (تنظر لهاتفها) لااا… ثيو، شوف. شوف!
ثيو: (يميل نحوها) وش فيه الحين؟ خلص الحليب بَعَدْ؟
لينا: أخَس. القروب مولّع.
ثيو: (اوووف) يا ساتر. وش فيه؟
لينا: واحد سأل: ""أي فيلم نشوف الليلة؟"" والحين فيه… 42 رسالة في دقيقتين.
ثيو: (هاهاهاها) هذي فوضى، مو دراما.
لينا: لا، دراما حقيقية. شوف ... إيلا تبغى رعب. بن رافض لأنه ""ما يتحمّل الرعب"". ميرا تشوف بس رومانسي. وجونا يبغى وثائقي… عن السحالي.
ثيو: (هاهاهاهاه) سحالي؟!
لينا: نعم! والأدهى والأمر… واحد منهم كتب اسمك وقال: ""ثيو يحدد"".
ثيو: أنا؟ ليه أنا؟
لينا: لأنك المحايد. يعتبرونك وسيط سلام.
ثيو: (ساخر) مسؤولية كبيرة ذي.
لينا: ثيو، لازم تختار بحكمة. هذا مجلس أمم متحدة.
ثيو: لينا… هو بس فيلم.
لينا: (تهمس بانفعال) لا. هذه سياسة اجتماعية.
ثيو: طيب… اختار… كوميديا.
لينا: يا ربيي… خطأ. بِن يكره الكوميديا. إيلا تقول الكوميديا ""سطحية عاطفيًا"". وميرا تبكي على الكوميديا أكثر من الرومانس.
ثيو: كيف؟
لينا: ما في منطقية. القروب ذا يدمّر العلاقات.
ثيو: (آآآخخ) أنتم كلكم مجانين.
لينا: (شهقة درامية) نحن! الحين القروب كله يصارخ لأن جونا ما يبغى غير السحالي.
ثيو: (هاهاهاهاها) أفضل خبر سمعته ذا الأسبوع.
لينا: كابوس… كابوس زواحف.
ثيو: تبين حل؟
لينا: نعم! أنقذنا!
ثيو: (يكتب) يلا، أقول: ""خلا نصوّت"".
لينا: (اوووه) أنت عبقري.
ثيو: أعرف.
لينا:  والحين ننتظر…
(لحظة انتظار)
لينا:  الحين في 15 صوت، 10 منهم كوميديا.
ثيو: قلت لك. الديمقراطية تفوز.
لينا: (تنهد) ثيو… انت أنقذت العالم.
ثيو: (هاهاهاهها) مبروك لنا.
لينا: بصراحة، حياتنا مليانة دراما.
ثيو: حياتك أنت. أنا بس الشخصية اللي تصلح الفوضى حقتك.
لينا: (هيهيهي) وأنت تحب تصلحها.
ثيو: (هاهاهاهاهها) يمكن.
 
 
المشهد ٤ — كارثة المحفظة الضائعة
المكان: خارج السوبرماركت، آخر النهار.
مايا: (مذعورة) جوردان! جوردان! جوردان! محفظتي ضاعت! دورت في شنطتي مرتين ... لا ثلاث ... يمكن خمس... مو في! اختفت!
جوردان: (بهدوء يشرب) تمام… متى آخر مرة شفتيها؟
مايا: (تلوّح بيديها) ما أعرف! يمكن في المحل، في السيارة… لااا أدري! أنا بنجن!
جوردان: طيب… اهدي. وين كنتي لما عرفتي إنها مو معك؟
مايا: (تشير لمقعد) هنا! جلست، حاولت أخذ مفاتيحي، وفجأة… الدنيا قررت تعاقبني.
جوردان: يعني المحفظة تبخرت؟
مايا: يمكن! يمكن صارت لها أرجل! وهربت تعيش حياتها الخاصة.
جوردان: محفظتك هربت؟ هذا تفسيرك؟
مايا: لا تضحك علي في مصيبتي!
جوردان: (يضحك) ما اتريق عليك، بس الاحظ الدراما حقتك… طيب خلنا نرجع كم خطوة ونتأكد. دخلتِ السوبرماركت، وبعدين وين رحتي؟
مايا: رحت لقسم الخضار… أخذت تفاح… بعدها رجعته ما عجبني. بعدين…
جوردان: مايا. ركيزي. طلعتي المحفظة وقتها؟
مايا: يمكن؟ مسحت البطاقة وأنا طالعة، بس ما أدري إذا بالمحفظة ولا الجوال؟ لااا… ممكن تركتها عند الكاشير؟ ماذا لو واحد سرقها؟
جوردان: (يطبطب) هي محفظة، مو كنز وطني. نروح نسأل—
مايا: (تمسك ذراعه) لا دقيقة! فتش شنطتي! يمكن تلقاها لأني ما أشوف!
جوردان: تريديني أغوص في الثقب الأسود اللي تسميه شنطة؟
مايا: نعم! لأني ما أثق بنفسي
جوردان: (هممم) خلنا نفتش ... فواتير… أقلام؟ ليه 17 قلم؟ و… سناكات. وأكيد ما في محفظتك.
مايا: (تجلس منهارة) انتهيت. بطاقاتي… هويتي… بطاقة المكتبة! يا ربيي، وش بيصير لو واحد استعار كتب باسمي!
جوردان: نعم، أكيد ذي المشكلة! مو فلوسك أو بطاقة البنك ... المشكلة الحقيقية هي غرامات تأخير الكتب.
مايا: لا تتريق! ترا الوضع جد!
جوردان: طيب… وين كنت قبل قسم الخضار؟
مايا: قسم اللحوم…  أخذت شرايح تركي ، والبنت الشغالة هناك طولت إلى ما تقطعهم… حسيت أني كبرت عشرين سنة!
جوردان: واستخدمتِ المحفظة؟
مايا: لا ... ما ادري الصدق. إلا لو استخدمتها! أو لا. يا الله! أنا عديمة المسؤولية.
جوردان: (يضحك). أول خطوة: الاعتراف أنك غير موثوقة.
مايا: (آآآه) انتظر ... يمكن تركتها في السيارة!
جوردان:  ما فتشتيها؟ 
مايا: بعيوني بس! يمكن كانت متخبية عن عيني.
جوردان: محفظتك ما هي كائن حي يتحرك ويتخبى لحاله.
مايا: أنت ما تدري! يلا نروح السيارة.
(يذهبون للسيارة)
جوردان: (يفتش) همم، يلا! وقت التفتيش الصح. جانب الكرسي ... درج الراكب ... الدرج بين الكرسين ... تحت السيارة ... لا، ما في شيء.
مايا:  اوووف، خلاص بس… كذا بأتصل بالشرطة.
جوردان: يعيني وش بتقولي؟. ""هلا، نحتاج حملة تفتيش عن محفظة عليها ورود.""
مايا:  ها وش أسوي؟
(رجعوا للمتجر)
مايا: (متوترة عند الكاشير) اممم السلام عليكم، \ لو سمحتي في أحد سلّم محفظة ضايعة؟ عليها ورد وشكلها حلو، فيها حياتي كلها؟
الموظف:  (تتأكد الموظفة) لا، للاسف.
مايا: (تهمس) ما حطلع من البيت مرة ثانية.
جوردان: سؤال!… جربتي جيوب الجاكيت حقك؟
مايا: مستحيل. أنا ما أحط شيء فيها. صغيرة مرة.
جوردان: مايا. تأكدي.
مايا: اااخ طيب (تحط يدها بجيبها)… انتظر… لحظة…
جوردان:  ااخ ... لا تقولي…
مايا: (تسحب المحفظة من الكم) مستحييييل!!
جوردان: (ينهار ضاحكًا) في جيبك… طول ذا الوقت في جيبك
مايا:  ماني فاهمة! ما قادرة استوعب الموضوع! 
جوردان: مبروك. القضية تقفلت. المحفظة ما هربت.
مايا: مستحيل. في واحد حطها في جيبي.
جوردان: إيييه صح، عميل سري دسها في جيبك.
مايا: وقف لا تِنَكِت علي!
جوردان: يا عالم… أكثر إنسانة درامية.
مايا: أكرهك.
جوردان: لا. ما تقدرين.
مايا: …يمكن. بس لا تقول لأحد عن الحصل.
جوردان: حكلم الكل.
مايا: جوردااان!!!!
جوردان: (يضحك) محققة المحافظ، يلا نرجع البيت قبل تضيعي الجاكيت حقك.
 
 
 
 
 
 
 
 
 
 
 
 
 
 
 
 
 
المشهد ٥ — انهيار نهاية الأسبوع
المكان: غرفة ريا، مساء الجمعة. السناكات على الطاولة والجوال يرن كل فترة.
ريا: (تدخل الغرفة) نوح! عندنا كارثة حتنهي العالم.
نوح: (من دون يطالع فيها) خليني أخمّن… وقفوا إنتاج شبسكك التحبيه؟
ريا: أسوأ! حجزت لنفسي… أربع مناسبات مختلفة… بيوم واحد!
نوح: أربعة؟
ريا: نعم! السبت بيقتلني!
نوح: طيب وش هي؟
ريا: أول وحدة: فطور عيد ميلاد بنت خالتي… لو ما حضرت بتبكي. 
نوح: يعني مناسبة أهل إجبارية.
ريا: الثانية: صديقتي تارا تنقل من بيتها وقالت ""أنت الوحيدة اللي ما تكسرين الأشياء"". ضغط كبييير علي.
نوح: غلطانة المسكينة.
ريا: الثالثة: ورشة الفخار اللي أنتظرها من سنة. دفعت فلوسها وما بترجع، روحي الإبداعية تبكي.
نوح: هممم هممم وش الرابعة؟
ريا: الرابعة: رحلة تسلق، مع فريق الشغل.
نوح: يعني إفطار… نقل… فخار… تسلق. في يوم واحد؟
ريا: إيه! ليه سويت بنفسي كذا؟
نوح: صراحة… إنجاز. تراكم عدى خيالي.
ريا: نوح! ما أقدر أكون في أربع أماكن مرة وحدة! أنا مو سوبر مان!
نوح: طيب، خلينا نشوف توقيت كل حدث.
ريا: الفطور الساعة 10. النقل الساعة 9 لكنها قالت ""تعالي وقت ما تبين"". الفخار الساعة 1. التسلق ""العصر"".
نوح: وتبين تحضري لكل ذي المواعيد؟
ريا: بالضبط! وهذه هي المشكلة!
نوح: هااهاهاه تقدرين على اثنين… يمكن ثلاثة لو عندك الانتقال السريع زي الانمي.
ريا:   اوووف يا ليتني أقدر انتقل بسرعة.
نوح: طيب… وش المناسبة الما تقدري تتأخري فيها؟
ريا:  همممم الفخار حدث لمرة وحدة ومحجوز من أول.
نوح: طيب كذا ثابت ... ووش بعد؟
ريا: الفطور، مشاعر قريبتي في خطر لو ما جيت. وكيكة مجانية.
نوح: الاهل الأقرب. كذا الفطور والفخار هي الثابتة. 
ريا: كمان حبكي لو ما رحت للفخار.
نوح: تمام. التسلق والنقل، و ... وين ناقلة صديقتك؟
ريا: بالاتجاه الثاني من المدينة. حرفياً.
نوح: والتسلق؟
ريا: طريق ما سمعته من قبل. والكثير من الحشرات.
نوح: يعني ما تبي تروحي؟
ريا: لا، بس لازم اروح. تلاحم الفريق، ونقاط توظيف حلوة. أنت تعرف، الوظيفة وانك تكون مسؤول.
نوح: هيهيهي. مشاكل موظفين.
ريا: للأسف.
نوح: طيب، عندك مناسبتين وبالكثير ثلاث وكنسلي الباقي.
ريا: أكنسل! أكنسل!! تستهبل! كلهم حيظنوا اني عديمة مسؤلية! حيقصوني من المجتمع وأصير منبوذة.
نوح: انتِ مو حتنطردي من المجتمع لانك ما رحتي لرحلة تسلق!
ريا: أنت ما تدري.
نوح: ههاهاهاها. طيب، وش رأيك لو كلتمي صديقتك أنك بتساعديها  في اليوم البعده؟
ريا: هممم قالت انها حتفك أغراضها نهاية الأسبوع كله.
نوح: بالضبط، ساعديها اليوم كله.
ريا: ذا ممكن ينفع ...
نوح: حلو، كذا باقي التسلق.
ريا: اااااخ التسلق!
نوح: ودك تروحين؟
ريا: ولا دقيقة.
نوح:  طيب لا تروحي.
ريا: لكن!
نوح:  ما في لا. قولي عندك الحق تكون عندك حياة برا الشغل.
ريا: وش أقول؟ ""اسفة، ما حاسة بالطاقة والدراما معاكم""
نوح: هاهاها. بدون دراما، ارسلي لهم ""عندي إلتزام أكثر أهمية"".
ريا: مَلَلَ.
نوح: احترافي.
ريا: اوكي، لكن على الأقل أقدر أقولهم مشغولة بشيء مهم؟
نوح:انت تسوي شيء مهم. مناسبة فطور، وورشة فخار إبداعية.
ريا: كذا السبت عبارة عن إفطار وفخار. 
نوح: مناسبتين تقدري عليها مو جدولة زفت.
ريا: نوح أحس اني منتعشة!
نوح: هيهي. قلت لك. كان باقي لك شوي وتخشي في مصيبة.
ريا: قربت ارسل لهم رسالة طويلة مليانة أعذار وايموجيز.
نوح: هاهاها. كويس وقفتك. ما في أحد يحتاج يقرأ تقرير من الاعذار.
ريا: كذا اقدر ارتاح. يومي ما اخترب.
نوح: بالضبط، عديتي مصيبة الجدولة.
ريا: لا تخلي الوضع درامي.
نوح: تعلمت منك.
ريا: هييي
نوح: امزح معك. بس كويس عرفتي أولياتك، واخترتي اثنين منهم.
ريا: هيهي. شكرا نوح. حتى لو أنت تتريق علي طول الوقت.
نوح: بس شوي. ولو صار فيني كذا متأكد أنك حتضحكي علي.
ريا: أكيد. 
نوح: بالضبط، خلنا نرتاح الحين. انقذت يومك.
ريا: انا المستقبلية لازم توقف تقول نعم لأي شيء.
نوح: تكفى اكتبيها في ورقة صغيرة وعلقيها عندك.
ريا: أن شاء الله بسويها.
(الاثنين جالسين على الكنبة مرتاحين.)
ريا: والحين ... وش نسوي اليوم؟
نوح: أي شيء إلا زيادة مواعيد بكرة.
ريا: اتفق.





المشهد ٦ — الصوت الغامض عند منتصف الليل
المكان: شقتهما، منتصف الليل. سكون… أو ما يقاربه 
(يسمع صوت خبطة)
سام: (هاااع) ليلا! اصحي! اصحي الحين!
ليلا: (نصف نائمة) لا. مو صاحية. إلا لو الشقة تحترق. غير كذا، لا.
سام: أحس في أحد بالبيت.
ليلا: (بعينين مغلقتين) هذي الثلاجة. كل ليلة تسوي كذا. من زمان.
سام: لااا هذا ما كان صوت شيء اعرفه من البيت.
ليلا: سام، ترا كل الأصوات تخوف آخر الليل وكمان إذا انتِ خايفة. 
سام: تكفين! قومي. يمكن حرامي. أو حيوان. أو ... يا ساتر ...قطو معصب!
ليلا: قطو معصب؟ هذا اللي مخك فكر فيه؟
سام: القطاوا تتهاوش آخر الليل. حرامية صغار عندهم أظافر!
ليلا: آآآخ منك ... طيب، طيب. كيف كان الصوت.
سام: كان زيي… بووم. بس مو أي بووم. بووم من اللي تجيك وتقول ""الوضع خطير"".
ليلا: وصف مفهوم جداً يا عبقرية!
سام: ترا الوضع جد!
ليلا: (اووااه) بوقف لما ما توقفي عن الصرخة البخفيف ذي. 
سام: أهمس كذا عشااان ما ننسمع من الحرامي.
ليلا: لو فيه حرامي، كان سمع دقات قلبك. دقات طبول اعراس.
سام: طيب، طيب اسمع ... هذا هو مرة ثانية!
(صوت خفيف ثاني)

ليلا: سام… هذا كيس الشيبس اللي تركتيه على الطاولة. توه طاح. من قال ""بأكل بس ثلاث حبات"" وآخر شيء أكلت نص الكيس
سام: ذا قبل ساعات ليش يطيح الحين؟ ليش مو قبل؟
ليلا: الجاذبية؟ الوقت؟ حركاتك حقت كل يوم المضرة بصحتك؟ اختَر واحد فيهم.
سام: لا تنكتي! نحتاج نتأكد.
ليلا: لا، أنت تحتاج تنام.
سام: ليلااا تكفى. بس شوي تعالي معاي لو في غدرة.
ليلا: (تسك آآآخ) طيب! لو ما في شيء بتسوي بكرة بان كيك.
سام: تم.
(يتسللان في الممر)
سام: (يهمس) تحركي بشويش، وخليكِ وراي.
ليلا: ليه وراك؟ مو أنت اللي خايف. ومفروض تخليني درع لك.
سام: أنتِ أشجع.
ليلا: (اييه) أنا مو شجاعة… أنا تعبانة. ما يهمني لو نموت.
(يصمتان للحظات)
سام: هششش.
ليلا:  ما في شيء. ممكن نرجع الحيـــ
سام: انتظري! سمعت صوت!
ليلا: (اووف) ذا بطنك.
(يدخلون المطبخ)
سام: (يطالع من طرف الزاوية) (هممم) مصيبة أكبر مما توقعت.
ليلا: وش فيه؟
سام: باب الدولاب مفتوح شوي.
ليلا: يعني تركته مفتوح، زي كل مرة.
سام: لااا! والله إني سكّرته!
ليلا: (اوووف) سام… أنت تحلف كثير. وكل شيء أنت تسويه أصلا عكس!
سام: أنتِ ما تفهمين! لو في واحد فتحه؟
ليلا: زي وش؟ جني يدور على ملح؟
سام: ممكن.
ليلا: (ااااخ) جني دخل المطبخ ... في نص الليل ... بس يفتح الدولاب ويطلع؟
سام: لما قلتيها كذا ... حسيتها عبيطة.
ليلا: لأنها عباطة!

(صوت خفيف وكأنه كيس)
سام: شفت؟! أكيد في شيء في المطبخ
ليلا: (تنحني وتشوف) ايييه ... خلنا نشوف مسرح الجريمة. ... شوف! كيس الشيبس على الأرض.
سام: في واحد طيحه!
ليلا: شيء في الفيزياء اسمه الجاذبية وأنك حطيته مطرف على الرف.
سام: مستحييل! حطيته كويس على الرف.
ليلا: ... اووه صحييح. واضحة من عاداتك الكويسة.
سام: (اووف) خلنا نفتش في الصالة.
ليلا:سااام.ساااام. ترا نص الليل، ما حسوي تفتيش كامل للشقة!
سام: ما عليك، كلها دقيقتين.
ليلا: حتأخذ 10 دقايق! لانك تفتش زي العساكر.
سام: اسمه اتقان العمل.
ليلا: ذا اسمه الوسوسة.
(وصلوا الصالة)
سام: الستارة تحركت!
ليلا: لأنك مشيت. والهواء حركها.
سام: متأكدة؟ ممكن يكون ...
ليلا: لا تقول جني.
سام: طيب، حقول الهوا
ليلا: شفت! شيء معقول.
سام: لكن… ما فيه شباك مفتوح.
ليلا: طيب ... هذا غريب.
سام: قلت لك!
ليلا: لحظة… سكّرت باب البلكونة؟
سام: أظن؟
ليلا: تظن؟ سام! كذا تبدأ أفلام الرعب!
(يتفحصا الباب)
سام: (مرتاح)(اااه) مقفل.
ليلا: الحمد لله. يعني ما فيه شيء يخوف ...
(صوت حركة خفيفة)
سام: وش هذا؟!
ليلا: (خافت بس تتدعي الثبات) وكانه شيء يجلس.
سام: وش الي شيء يجلس؟؟
ليلا: مدري!!
سام:  سلة الغسيل طاحت!
ليلا: (شافت السلة) حطيت جزمتك الثقيلة فوق علشان كذا طاحت السلة.
سام:  الجاذبية مسوية شغلها الليلة.
ليلا: (هاهاهها) أنت اسمج انسان خايف قابلته.
سام:  سعيد أنه خوفي ضحكك.
ليلا: لآخر درجة، الحين أنا مصحصة.
سام: يعني تقتنعين إنه فيه شيء؟
ليلا: لا. مقتنعة أنك أنت المحتوى.
سام: لكن—
ليلا: سام… الأبواب مقفلة. ما فيه أشياء مكسورة. لا قطو. لا جني. كل شيء كويس.
سام: أكيد؟
ليلا:  يب أكيد.
سام: يمكن… بالغت شوي.
ليلا: شوي؟
سام:  اوكي ممكن كثير.
ليلا: بس عادي. أنت تخاف بالليل. سام الليل شخص ثاني.
سام: الظلمة والهدوء تخوفني.
ليلا: الخبر الحلو هنا انه خيالك هو الجني.
سام: (هاهاها) صحيح صحيح.
ليلا: يلا نرجع ننام… قبل ما يخوفك صوت الثلاجة.
سام: بس متأكد انه الشيبس ما طاح لحاله.
ليلا: (أييييه) أكييد ... طاح الشيبس لحاله لأنك ما تعرف تحطه زي الاوادم.
سام:  (هاهاهاها) ما ودك توقفي تريقة؟
ليلا: أبد ما بوقف.
(رجعوا للغرفة)
سام: شكرًا لأنك قمتي.
ليلا: عندي بانكيك. وقهوة.
سام: تم.
ليلا: وإذا سمعت صوت بعدين؟
سام: بأخذ نفس… قبل ما أتهم قطو شرير.
ليلا:  حلو التطور.







المشهد ٧ — كارثة الرسالة الخاطئة
المكان: غرفة مايا. عصر. مايا تمشي ذهابًا وإيابًا وهي تهتز من التوتر. جوردان يشرب شاي.
مايا: (مرتبكة) جوردان! جوردان! جبت العييد!
جوردان: (هادئ جدًا) خذي نفس… وش صار؟
مايا:  ما في وقت للهداوة ... أرسلت الرسالة.
جوردان: أي رسالة؟ أنت ترسلين ألف رسالة يوميًا.
مايا: مو هذي! أرسلت رسالة غلط وفي وقت غلط لشخص غلط!
جوردان: لمن؟
مايا: لمديري.
جوردان: …العييد ... وش ارسلتي فيها؟
مايا: تتذكر كلامي لك قبل شوي… لما قلت إنه ""يشغل الفريق مثل GPS خربان""؟
جوردان: لا تقولي—
مايا: أرسلته له! على رقمه الخاص! ومع إيموجيز!
جوردان: (اوووف) هذه… (هسسس) مصيبة والله.
مايا: أخيراً استوعبت المصيبة!
جوردان: هذي مصيبة بس كمان تحسها جرأة منك.
مايا: جرأة! أنا بنطرد، يحاكموني ويضيع مستقبلي، وحتى انخطف من ال HR
جوردان: ال HR ترا ما يخطفون الناس.
مايا: (اييييه) صدق؟ شكلك ما شفت ايميلاتهم. مليانة لهجة وعيد وتهديد تقول بيقتلوك.
جوردان: (هي هي) اوكي اسف.
مايا: وش اسوي الحين؟
جوردان: أول شيء اهدي. حفرتي الأرض من حركتك.
مايا: ما اقدر، لو وقفت بنفجر من التوتر والخوف.
جوردان: اوكي، انفجري بالراحة.
مايا: ما ابغى انفجر بالراحة. ابغى الغي الرسالة.
جوردان: جربتي تحذفيها؟
مايا:اكيد. بس الدنيا تكرهني. بس في زر حذف لدي، وما في حذف للجميع.
جوردان: ذا الزر الغبي ما منه اي فايدة.
مايا: بالضبط. وش اسوي الحين؟
جوردان: انتظري بس.
مايا: أنتظر! أنتظر!! جوردان أنا روحي ما تتحمل الانتظار.
جوردان: ما عندك حل، إلا لو تهكري جواله بطريقة الأفلام.
مايا: لا تغريني! ترا شوي واسويها.
جوردان: طيب طيب. خلنا نفكر بواقعية.
مايا: واقعية؟ يا جوردان، ما عندي غير أفكار سلبية.
جوردان: طيب، انت فكري بدرامتك وانا بفكر بعقلانية لنا الاثنين.
مايا: تم.
جوردان: اسوء شيء بصير أنه يقرأها ويطلب يكلمك علشان يعرف وش السالفة. 
مايا: يكلمني؟؟ هذه لغة ال HR علشان تجهز آخر كلامك
جوردان: لا، مرات يكون نقاش بسيط.
مايا: آخر ""نقاش"" خلوني فيه المسؤولة عن حفلات الميلاد.
جوردان: (آآخ) مثال زفت. نشوف شيء ثاني.
مايا: (ايييه) قاعدين يقروها. كنت أدري. ليه ما علقوا على الرسالة؟ ليه صارت صحين ازرق بدون رد؟ ليه ""يكتب الآن""
جوردان: علامة واحد يكتب؟
مايا: ايه. تظهر وتختفي. قاعد يكتب نهايتي. ويمسحني من الوجود.
جوردان: أو قاعد يكتب لستة السوق، وفتح شاتك بالغلط.
مايا: لا. يقصد يسوي كذا. هذه غلطتي لأني غلطت عليهم.
جوردان: كانت تضحك على الأقل.
مايا: جوردان. بالله وقف مدح تريقتي.
جوردان: اسف. طيب. خلنا ندور طريقة نخفف بها المصيبة الجاية.
مايا: ايييه بالله عليك. عطنا الكلمات للاعتذار المثالي.
جوردان: تمام. وش رأيك في ""هلا. انا اسفة، الرسالة ذي جاتك بالغلط"".
مايا: قصيرة، وتبين أني مو مهتمة.
جوردان: طيب. وش رأيك ""متأسفة جدا، في سوء فهم ...""
مايا: لا! كذا يصير كأني الغلطانة. ابغى شيء عادي بس محبطُ.
جوردان: نبرة عادية بس محبطة ... طيب وش رايك ""اعتذر عن الرسالة الغلط. اترسلت برا سياق السالفة""
مايا: برا السياق؟ ما في مبرر اني اذب على رئيسي برا السياق.
جوردان: ممكن تصير.
مايا: كيف؟ الا لو الدنيا اهتزت!
جوردان: تدرين! ممكن تصير كذا!
مايا: انا ما اطقطق يا جوردان! 
جوردان: صحيح، معليش. طيب، اعتذري وخلاص، من كل قلبك.
مايا: أضيف ايموجيز؟
جوردان: لا. أكيد لا. بدون ولا واحد.
مايا: ولا حتى وجه حزين؟
جوردان: لا. هذا بزيد المصيبة. الكبار ما يحطو ايموجيز في رسالة اعتذار.
مايا: اوكي. تمام. كتبت الرسالة.
جوردان: اقريها.
مايا: (تقرأ) ""السلام عليكم، انا اعتذر بصدق عن الرسالة الوصلتك سابقا، كانت لصديقتي. كنت افرغ توتري واحباطي لصديقتي، لكن المفروض اتعامل معه باحترافية. اعتذر لك بصدق"".
جوردان: ممتاز جدا.
مايا: أرسلها؟
جوردان: ارسليها.
(أرسلتها وندمت على مباشرة)
مايا: يا الله، يا الله! ليه سويت كذا؟ ليه خليتني أرسلها؟
جوردان: لأنه ذا الأصح. وأنت كبيرة ووقفي لعب العيال.
مايا: يكتب مرة ثانية!
جوردان: ممتاز. كذا تفاعل مع الرسالة.
مايا: أو ... أو قاعد يكتب رسالة طردي.
جوردان: انا متأكد انها ما تنكتب بجوال.
مايا: يسوها لو معصبين.
جوردان: اهدي. خلنا ننتظر.
مايا: طيب ... جوردان، مو قادرة اتنفس.
جوردان: تنفسي عادي، ما في مشكلة يا بنت!
(الجوال يهتز)
مايا: يا الله! رد.
جوردان: اقريها.
مايا: (تقرأ بشويش) امممم ""السلام عليكم، شكرا على صدقك. كلنا بنمر بلحظات احباط احيانا. بكرة خلنا نتكلم عن ستراتجيات تواصل افضل"".
جوردان: شفتي؟ ما طردك ولا دمرك ولا خطفك.
مايا: (آآآآآآه) يا الله، انا عايشة ... أنا عايشاااااة.
جوردان: مبارك عليك. نجيتي من حادث رسالة عظيم.
مايا: ما بسويها ثاني. من اليوم بتأكد ثلاث مرات قبل اراسل أي أحد.
جوردان: حلو
مايا: وببلكك وقت الشغل.
جوردان: هييي، وليه أنا الياخذ بلوك؟
مايا: لأنك تخليني اروح اشتكي بدراما كثيرة.
جوردان: ما تحتاجي حتى دفة مني.
مايا: اتفق معك ...
(ضحكوا سوا)
جوردان: ها ... تبين شاي؟
مايا: اييه، خله رايق ومظبوط. كأنه حضن.
جوردان: ابشري.
مايا: جوردان؟
جوردان: هلا؟
مايا: شكرا لك لانك انقذتني.
جوردان: بأي وقت. 















المشهد 8 – السر خرج للعلن.
المكان: اراف وريا يتشاركوا شقة. المساء. مطر برا. صوت المطر على الشباك. ريا تجلس على الكنبة، متوترة تقلب بجوالها. اراف تدخل ومعاها كوبين شاي.

اراف:  (يحط الشاهي بهدوء فوق الطاولة) سويت لك بابونج… النوع اللي يهدّيك، اللي تحبينه. حسّيت يمكن تحتاجينه اليوم. من الصبح وأنت ساكته… واضح إن في شي بخاطرك ما قلتيه.
ريا:  (تبتسم غصب وهي تطالع الكوب) يعطيك العافية… صدق. بس أنا تمام. بس… تعبانة شوي، تعرف؟ الشغل طويل… وأشياء تتراكم… يعني شي طبيعي.
اراف:  (يجلس جنبها شوي) ريا، الله يهدّيك. إحنا عايشين مع بعض من زمان وأعرف “تمامك” يوم يكون صِدق… ويوم تحاولين بقوة تسوين إنه ما في شي. واللي عندك الحين… مو ضغط شغل عادي.
ريا:  (تتنفّس بشوي رجّة) مدري يا أراَف… أحسني متلخبطة من الحياة يمكن. كل شي أحسه واجد الفترة ذي. وما أبي أسحبك معي للنكد.
اراف: بس أنا أبي تسحبيني إذا هذا بساعدك. مو لازم تشيلين كل شي بروحك. أنتِ تعرفين هالشي، صح؟
ريا: (نبرتها تلين) إي… أدري. بس ما كنت أبي أزيد عليك هم فوق همومك. أنت تتحمّل واجد.
اراف: ريا… قلقي يزيد لما تقفلي علي كذا. لما أشوفك شوي وتنهاري وتقولين لي “أنا تمام”… ذيك اللحظة تخوّف. والحين… أنا خايف، لأني حاس إن في شي غلط.
ريا:  (تطالع بعيد) مو إني ودي أخبيه… بس… ما كنت أعرف كيف أقوله بدون ما يكبر الموضوع… أو بدون ما تطالعني بنظرة ثانية.
اراف:  (يميل قدّام شوي) أطالعك بنظرة ثانية؟ وش يعني؟ وش ممكن تقولينه يخلي نظرتي لك تتغيّر؟ أنتِ ريا. انت الكون كله لي. ابَدّي من هالنقطة… وقولي لي.
ريا:  (يديها ترتجف شوي) اوكي… أوكي تمام. بس اوعدني ما تقاطعني… ولا تفترض شي قبل أكمل. تكفى. ما أبيك تستعجل.
اراف:  (يومّي براسه ببطء) أوعدك. بدون مقاطعة… بدون افتراضات. كلميني، يلا.
ريا:  (تاخذ نفس عميق) حاضر… من أسابيع صار لي شي، ما كنت متوقعة… ولا مستعدة له. جتني إيميلات… من مكتب المدير… عن فرصة نقل. كبيرة. بغير مدينة… وفعليًا بغير ولاية بعد. وما قلت لك لأني ما كنت متأكدة أصلاً أبغاها ولا لا. وبالأمس أرسلوا العرض الأخير… وأنا توترت وقفل مخي.
اراف:  (ساكت شوي، يستوعب) أنت… جاك عرض نقل؟ وعرض كبير بعد؟
ريا: إي. هو نفس الشي اللي كنت دايما أتمنى يصير… قبل أنا وإنت نبدأ نسوي حياة مع بعض. قبل كل شي يصير ثابت… وبيت… وطُمأنينة. أنا ما خبيته لأني بنقل. خبيته لأني ما أدري… أقدر أو لا؟  والمفروض إذا اختياري للوظية اخسرك ...
اراف:  (يتكي وراه، يتنفس ببطء) واو… أوكي. هذي صدق كبيرة. وما بكذب… جزء مني تمنى انك قلتِ لي من بدري، علشان لا تضغطي على نفسك. بس أنا موجود الحين. وبفهمك. وش تحسين بالضبط؟ متحمسة؟ خايفة؟ مترددة؟
ريا: صدق؟ كلهم. متحمسة لأنها خطوة كبيرة. وخايفة لأن ما أعرف وش يعني لنا. وحاسة بالذنب لأني كتمته. ومتلخبطة بين شي كنت أركض وراه… وبين شخص صار جزء من نفسي.
اراف:  (صوته ناعم وثابت) اسمعي… ما تحتاجين تختارين بيني وبين شغلك. هذا مو حب، هذا ضغط. وأنا ما أبغا أكون السبب اللي يوقفك. بس بسمع منك وش تبغين أنتِ. مو اللي تحسين لازم ومو اللي تحسين ما يزعّلني ... أنت… وش تبين؟
ريا:  (عيونها تلمع) أنا أبغى… أبغى الوظيفة.إي. بس بعد أبغاك… وما أعرف كيف نجمعهم بصورة وحدة. والي يقهرني إني ما وثقت فيك من البداية.
اراف:  (يمسك يدها بلطف) ريا… رغبتك في الوظيفة ما تعني رغبتك فيني أقل. وتمنيت تقولين لي من بدري، صحيح. ... بس بعد ودي أفهم ليه ما قلتي. يوم يطيح عليك قرار ضخم فجأة… يهدّ توازنك. أنا فاهم انك تبين الوظيفة… بدعمك بشكل كامل. بس لازم نتكلم عن وش يعني ذا على المدى الطويل… مع بعض.
ريا: يعني… مو زعلان؟
اراف: زعلان إنك شلتي الحمل لوحدك. بس مو زعلان من أحلامك.
ولا من طموحك. ولا من فرصة كبيرة جاتك. أنا بس أتمنى… أكون واقف جمبك وأنت تمرّين بهاللحظة.
ريا:  (تدمع وتبكي خفيف) ما أبي أخسرك.
اراف: ما بتخسريني بالمَسافة. تخسريني بس لو وقفتي تكلمينّي.
إذا قررتي قراراتك من خوف، مو من محبة ووضوح. بس اللي نسويه الحين… عكس ذا كله. الحين إحنا نتكلم. وهذا اللي ينقذ كل شي.
ريا: طيب وش نسوي؟ يعني عمليا؟
اراف: أول شي… نتنفّس. وبعدين نشوف التفاصيل. كم مدة النقل؟ دائم؟ مؤقت؟ ممكن يصير شغل عن بعد بعدين؟ نخطط للزيارات؟
وممكن أنا أنتقل بعدين لو الظروف سمحت؟ في مليون احتمال غير ننفصل.
ريا: أنا… حتى ما فكرت بكل ذا. شفت العرض وانفجعت وفكرت كل شي بينهار.
اراف: أنتِ تشوفين الانهيار. وأنا أشوف الحلول. وهذا اللي يخلّينا نمشي سوا.
ريا:  (تضحك وهي تبكي) تسوّي كل شي بسيط.
اراف: مو بسيط. بس نقدر نتعامل معه. وأنتِ مو لحالك خلاص.
ريا: شكراً…لأنك ما تركتني. ولأنك ما عصبت. ولأنك أنت.
اراف: أنا ما أروح مكان. إلا لو قلتِ لي… وبعد حتى لو قلتِ… بعاندك.
ريا: لا لا… لا تروح. ولا أفكر أقولك تروح.
اراف: تمام. كذا إحنا متفقين. الحين اشربي شايك قبل يبرد…
وبعدها نفتّح الإيميل سوا… ونقرأ التفاصيل مثل الناس العاقلين.
ريا:  تبتسم أخيرًا ... صدق أحِبّ ذا الشاي… مرّة.
اراف: وووو .... ريا؟
ريا: هلا؟
اراف: مرّة ثانية… لو شي كبير صار… كلّميني قبل ما تبدأ مرحلة “أنا بضيع”.
ريا: اتفقنا
(يجلسون سوا… والمطر من برا يخفّ شوي… وهم يميلون على اللابتوب).









المشهد 9 الزائر المفاجئ.
المكا: ليلة هادئة بالمنزل. نورا تجهز العشاء في المطبخ. ليو دخل البيت ومعه مقاضي البيت. دقة مفاجئة على الباب اربكة الجميع.

ليو:  (يحط الأكياس على الطاولة وهو يتمطّى) مو عرفتك كذا صراحة. كل مرة تكونين تركضين مع الوقت وتسبّين أكواب القياس كأنهم سرقوك. بصراحة أحترم روحك القتالية بالمطبخ.
نورا:  (تبتسم ابتسامة بسيطة) إي والله… اليوم غريب شوي. ودي يكون يوم هادي… لو الدنيا بس تتعاون مرّة وحدة. (يجي طَرق قوي على الباب. نورا تجمّد بمكانها).
نورا: وش ذا؟ ... قول لي إنه مو بابنا.
ليو: يعني… إلا لو جانا جني يعرف طق أبواب… أكيد أحد عند الباب. بس لا تشيلين هم، يمكن توصيله.
نورا: أنا ما طلبت شي. أنت طلبت شي؟
ليو: لا، بس إحنا بالقرن الواحد والعشرين. مرات توصل بكجات بدون ما أحد يعرف ليش. يمكن واحد من هالهدايا التجريبية اللي تسجلين فيها بالغلط دائماً.
(طرق ثاني… أقوى شوي).
نورا: أوكي… هذا أكيد مو توصيل. هذا شخص واقف ينتظر… وواضح مستعجل. ليو… بالله لا تقول إنك عزمت أحد بدون ما تخبرني.
ليو: والله ما عزمت أحد. أعرف وضعك مع الضيوف اللي يجون فجأة. تصيرين تعطين ذيك النظرة اللي كأنه آخر يوم لي بالدنيا.
نورا: ما أسوي كذا!
ليو:  (يبتسم بخبث) سويتيها قبل نص ثانية بس.
نورا:  (تتنفّس بعمق) خلاص… نشوف مين. بس لو واحد من ناس اشتراكات المكنسة، بدخل وراك وأتخبا.
(تفتح نورا الباب. واقفة بنت… شايلة شنطة سفر).
نورا: ...أوه. أوه لا.أوه لا لا لا.
ليو:  (يطل من فوق كتف نورا) لحظة— ذي… ميا؟
ميا: هلا نورا. هلا ليو. أدري جيتي مفاجِئة… وأدري المفروض أتصل قبل… بس… الأمور تعقدت شوي، وما كان عندي مكان أروح له.
نورا:  (مصدومة بصوت واطي) ميا… إنتِ هنا؟ ليش… مع شنطة سفر؟
ليو:  (يتقدم بقلق) إنتِ كويسة؟ شكلك كأنك جريتي طول الطريق لهنا!
ميا:  (تتنفس بنبرة مهزوزة) صراحة وصفك دقيق. شقتي صار فيها… خلنا نقول “كارثة سباكة"". السقف بدأ ينقط بعدها صار فيضان مجاري من فوق على البيت. أخذت اللي قدرت عليه وطلعت قبل أنجن.
نورا: يا ربي… شي يخوّف. بس ميا… المفروض كلمتينا! رسالة… فويس… حمام زاجل… أي شي!
ميا: أدري… أدري كان لازم. بس توترت. وإذا توترت… المنطق يختفي. جيت هنا على طول… حسيت هالمكان هو الأمان الوحيد اللي طرى على بالي.
ليو:  (بلطف) مو لازم تتعذري بسبت التوتر. أهم شي إنك هنا وكويسة.
نورا: إي… وإنتِ تمام؟ بس ميا… كم ناوية تجلسين؟
ميا:  (بتردد، صوتها صغير) أنا… بصراحة مدري. يمكن ليلة… يمكن ليلتين. الفنيين قالوا يمكن أسبوع لين الشقة تصلح. بس والله ما أتوقع منكم تستضيفوني كل هالوقت.
ليو: هااا، لا تقولي كلام ما صار. إنتِ مثل الأهل. ولو احتجتي مكان، بنلقى حل سوا.
نورا: إي… بس تمنيت نعرف قبل. أنا أحتاج أجهز نفسي إذا تغيرت الخطة فجأة. مو إني مو ودي فيك… بس عقلي يحتاج وقت يستوعب ضيف في البيت.
ميا:  (تهز راسها سريع) فاهمة، فاهمة يا نورا. وبصراحة آسفة إني فجأة نطّيت عليكم. وإذا يريحك… أنام بالصالة… وما ألمس أي شي. أصير مثل الابجورة بالزاوية.
ليو:  (يضحك بخفة) ما نبيك تصيرين ابجورة. بس خذي نفس، يومك كان طويل وصعب.
(ميا تدخل. نورا تسكّر الباب ببطء وهي لسا تستوعب).
نورا: طيب… أوكي. خلّونا نجلس شوي. ميا، تبين شاهي؟ أظن الغلاية لسا دافية.
ميا: الشاهي ممتاز. أي شي دافي ممتاز. جسمي كامل حاس إنه قطعة ثلج ترجف توتر.
ليو: تبين تتكلمين عن اللي صار؟ ولا تبين تجلسين ساكته وتطالعي بالجدار لين مخك يشغل نفسه؟
ميا: يمكن مكس؟ لأن لو بديت أشرح كل شي، بنخنق بكاء… وودي أحافظ على كرامتي خمس دقايق زيادة.
نورا:  (ترجع معا شاهي، صوتها أرق) تفضلي… بابونج.
يمكن ما يصلّح سقفك الخربان… بس يمكن يهديك شوي.
ميا:  (تمسك الكوب ويدها ترجف) شكراً. صدق… شكراً لأنكم فتحتوا لي الباب بدون ما تحسون إني حمل زيادة. أنا جيت بأسوأ توقيت.
ليو: أسوأ توقيت كان لو جيتي يوم نورا رتّبت دولاب البهار. إنتِ جيتي قبل الكارثة.
نورا: ليووو— لا تفضحني.
ليو:  (يبتسم) مو فضيحة… هذا تذكير إنك تصيري تضحكين لما تتوترين.
نورا: مو… أوكي شوي.
ميا:  (تبتسم ابتسامة حقيقية أخيراً) حلو أضحك لأول مرّة اليوم.
ما توقعت كيف كنت مشدودة إلا الحين. وجودكم يخفف رهبة الأشياء دائمًا.
نورا: شوفي… أنا ما أحب المفاجآت، صحيح. بس أحبّك. وفرحت إنك جيتي هنا بدل تقعدين لحالك في شقتك اللي تحولت لحوض سمك.
ميا: شكراً… يعنيها لي كثير.
(لحظة هدوء. كلّهم يتنفسون).
ليو: طيب… وش الخطة؟ نلقى سكن مؤقت بكرة؟ ولا تبين تقعدين معنا لين نعرف وش الخطوة الجاية؟
ميا: إذا… إذا فعلاً ما يضايقكم… أبغى أجلس ليلتين. لين أعرف التأمين وش وضعه… وين أعيش وهُم يصلحوا سقفي.
نورا: تمام. بنرتّب المكان. بس… عطيني فرصة أتهيأ نفسيًا قبل نحرّك الأثاث، أوكي؟
ميا: أكيد. أنام حتى بالزاوية جنب الرف، أصغّر نفسي وأختفي.
ليو: لا تقولين كذا. لا إنتِ صغيرة، ولا ثقيلة علينا. إنتِ محتاجة مساعدة… وإحنا هنا أهلك ... خلاص.
نورا: بالضبط. بس مرّة ثانية… حتى لو حالة طارئة… أرسلي خمس ثواني رسالة، عشان ما أفتح الباب وأنا حاسة بكمين تصوير مفاجئ.
ميا:  (تضحك من قلب) تم.أوعدكم. لا مزيد مفاجآت بشنطة سفر… إلا إذا نبهتكم.
ليو: حلو. الحين نجلس، ناكل شيء، ونخطط لبكرة. بدون استعجال. بدون توتر. بس نهدى.
نورا: وبعد… حلا. حاسّه الليلة تحتاج حلا.
ميا: والله… هذا الكلام الصح.
(تنخفض الإضاءة… وهم يجلسون حول الطاولة، أخيراً مرتاحين).














المشهد 10





رايلي: (يدينها متشابكة، تطالع قدّام) يعني… شكله أخيراً بنسويها. بنجلس ونتكلم مثل الناس الكبار بدل ما نسوي إنه ما في شي. أنا لي أيّام أنتظر هالسالفة، تصدق؟
سام: (يتنفس ببطء وهو يلعب بسحاب الجاكيت) إي… أدري.
وأسف إنّي طولت لين أتكلم. أنا بس… كنت أحتاج وقت أفكّر كيف أشرح كل اللي صار بدون ما أطلع ملخبط أو درامي… مع إني غالباً بطلع كذا.
رايلي: أنا أحب الصراحة الملخبطة على السكوت اللي عطيتني إياه بصراحة. سام، حسّيتك اختفيت من الكوكب. حتى ميمز ما ترسل! أنت دايما ترسل لي ميمز!
سام: هذي أكبر علامة إنه في شي غلط. إذا ما قدرت أرسل حتى ميم بسس غبي… معناته عقلي مو في أحسن حالاته.
رايلي: (تلتفت له شوي بنبرة ألين) انت صادق. بس تقدر تشرح لي وش صار؟ لأنه من جهتي حسّيت كل شي طبيعي… وفجأة اختفيت كأنك تهرب مني.
سام: ما كنت أهرب منك. كنت أهرب… من السالفة نفسها. اللي أدري إنها تقريباً نفس الشي… بس النية غير، والله.
رايلي: سام… أنت تلف وتدور. وش السالفة؟
سام: (ياخذ نفس طويل) الرسالة اللي رسلتيها الأسبوع الماضي.
لما قلتي: “نحتاج نتكلم بأقرب وقت.” أدري الحين الموضوع يضحك… بس ذيك الكلمة دخلتني في حالة خوف.
حسّيتك بتواجهيني بشي قوي… أو بتقولين ما تبين صداقتنا… أو مدري… شي كبير.
رايلي: (ترمش، مصدومة) سام… كنت أقصد نتكلم عن تخطيط رحلتنا! رحلة القروب! اللي قلت تبغى تنسقها معي! حطّيت بعد ابتسامة!
سام: (اووهمم اممم) أدري… أدري. طوّلت أتأمل الابتسامة ذيك… وبرضو أقنعت نفسي إنها ابتسامة خبث لطيفة. الابتسامة اللي الناس يحطونها قبل ما يقولوا لك الخبر السيء.
رايلي: أنت فسّرت ابتسامة على إنها تهديد؟
سام: واضح إيه. عقلي يحب يتخيل… بس بدون فايدة.
رايلي: (تهز راسها وتبتسم رغم عصبيتها) يا الله يا سام… والله لو في جائزة لاستخراج دراما من الهوا… تفوز فيها بسهولة.
سام: قولي والله. تراني اليوم الثاني قعدت أحلل الرسالة كأنها شفرة من الـ FBI.
رايلي: كان بس تسألني وش أقصد!
سام: أبغى… بس تجمّدت. وكل ما طولت، صار أصعب أرجع أرسل. وبعدين أقنعت نفسي يمكن المسافة أحسن… مع إن ما كان له معنى… وبعدها دخلت بالدوامة— والحين إحنا هنا.
رايلي: إيه… هنا. شخصين كبار قاعدين بحديقة بالليل… لأن واحد منهم خاف من ابتسامة.
سام: إذا تقولينها كذا… الوضع يصير أسوأ.
رايلي: مو قصدي أحسسك بالذنب. أحاول أفهمك. لأن بصراحة… اشتقت أكلمك كل يوم. اشتقت لفضفضتك الغريبة… وآرائك الغريبة بالأكل… وطريقتك الدرامية بكل شي. المكان فاضي بدونك.
سام: (عيونه تلين) تشتاقين؟ ... كنت أحسب إني غالباً أزعجك نص الوقت.
رايلي: إيه تزعجني أحيان… بس مو بطريقة سيئة. أنت تجيب… مدري… حياة. حركة. فلما اختفيت فجأة… أنا بعد صرت أفكر كثير.
قلت يمكن قلت شي غلط… أو يمكن صداقتي لك ما كانت كفاية…
أو يمكن إني ما عاد صرت مهمّة له.
سام: رايلي… لا. بالله لا. أنت من أهم الناس بحياتي. وفكرة إنك ظنيتي ما يهمني… هذي توجع أكثر من كل شي ثاني.
رايلي: طيب ليه ما قلت لي؟ ليه ما قلت: “أنا خايف من الابتسامة”؟
سام: استحيت. أنا أعرف انه ما هو منطقي. وأعرف إنه اخترع مشاكل من ولا شي. واعترف لك بهالشي ... لشخص أهتم فيه… يحسّسني إني أكشف أضعف جزء فيني.
رايلي: بس هذا هو الموضوع يا سام. مو لازم تخبي الضعف حقك.
أحب أعرف وش تمرّ فيه… بدل ما أجلس أتخيل إني أنا السبب.
سام: (صوته أهدى) بحاول… صدق بحاول أتكلم قبل ما مخي يقلب كل شي لفيلم كارثي.
رايلي: تمام. لأني ما أبيك تختفي عني مرّة ثانية. وإذا أرسلت لك ابتسامة خبث صدقني بتعرف… بتكون ذيك الابتسامة اللي لها شكل مرعب واضح.
سام: (يضحك أخيراً) أوكي… ذي حقيقة تخوّف.
رايلي: شفت؟ كلام واضح.
سام: بس من جد… أسف. أني سكّرت الباب. وأنا خليتك تحسين إنه سحبت عليك. وأني تخيلت الأسوأ بدل ما أسأل.
رايلي: سامحتك. بس لا تعيدها. ولا تخلي الإيموجيز تتحكم بحياتك النفسية.
سام: ذي ما أقدر أضمنها… بس بحاول.
(لحظة هدوء مريحة بينهم).
رايلي: طيب… دام صفينا الجو… نرجع نخطط الرحلة؟ القروب يسألوني كل يوم مين يحجز الأكواخ… وأنا مخليّة الوضع كأنه كله تحت السيطرة.
سام: إي بالله… خلّينا نتكلم عن شي ما له علاقة بقلقي بسبب علامات الترقيم.
رايلي: تمام. لقيت كوخ عند بحيرة… له منصة كبيرة تطل عاليها. توقعت يعجبك لانك كل مرة تقول إن منظر الموية يهدي مخك.
سام: تذكرين ذا؟!
رايلي: أكيد. يمكن تشوفني سيدا… بس أنتبه. خصوصاً لك.
سام: شكراً…من جد. ...على صبرك… رغم إنك أكيد ودك تخنقيني.
رايلي: إي، ودي أخنقك. بس ودي أفهمك أكثر بعد.
سام: قدّرت هالشي. وأوعدك… المرة الجاية إذا خوّفني شي… بقول قبل ما أدخل في دوامة “إيموجي يدمّر حياتي”.
رايلي: ممتاز. لأني مو مستعدة أخسر أسبوع ميمز ثاني بسبب قلقك.
سام: تم. على فكرة… شكراً إنك جيتي اليوم… أعرف الوقت متأخر.
رايلي: عشانك؟ أجي لو الوقت أكثر من كذا بعد.
(يتبادلون ابتسامة دافية… والجو يتصفّى أخيراً).






المشهد الأول
المكان: صديقين، مايا وجون ويتشاركوا صباح بطيء في شقتهم. يسو قهوة سوا، يسو طقوسهم اليومية من الاسترخاء، ويشوفوا الرسائل الوصلتهم.

مايا: (تشد ذراعيها وتطالع قدّام وهي","[مايا:] يمكن. يمكن صارت لها أرجل وهربت تعيش حياتها الخاصة.

[مايا:] لا تضحك علي في مصيبتي.

[مايا:] رحت لقسم الخضار. أخذت تفاح بعدها رجعته ما عجبني. بعدين.

[مايا:] يمكن. مسحت البطاقة وأنا طالعة.","يمكن. يمكن صارت لها أرجل وهربت تعيش حياتها الخاصة.
{صمت}

لا تضحك علي في مصيبتي.
{صمت}

رحت لقسم الخضار. أخذت تفاح بعدها رجعته ما عجبني. بعديييين.
{صمت}

يمكن. مسحت البطاقة وأنا طالعة.","يمكن. يمكن صارت لها أرجل وهربت تعيش حياتها الخاصة.
{صمت}

 لا تضحك علي في مصيبتي.
{صمت}

 رحت لقسم الخضار. أخذت تفاح بعدها رجعته ما عجبني. بعديييين.
{صمت}

 يمكن. مسحت البطاقة وأنا طالعة.",1,1,True,0.259377,0.0,0.221868,0.259377,0.259377
5,Arabic_SA,https://d2r5sftrozu18z.cloudfront.net/uploads/audio-segmentation/1095/2_hours/2_hours_Segment_016.wav,"انتهيت. بطاقاتي… هويتي… بطاقة المكتبة! يا ربيي، وش بيصير لو واحد استعار كتب باسمي
{صمت}
لا تتريق! ترا الوضع جد!
{صمت}
 قسم اللحوم… أخذت شرايح تركي ، والبنت الشغالة هناك طوولت إلى ما تقطعهم… حسيت أني كبرت عشرين سنة","انتهيت. بطاقاتي. هويتي. بطاقة المكتبة. يا ربيي، وش بيصير لو واحد استعار كتب باسمي
{صمت}
لا تتريق. ترا الوضع جد.
{صمت}
قسم اللحوم. أخذت شرايح تركي ، والبنت الشغالة هناك طوولت إلى ما تقطعهم. حسيت أني كبرت عشرين سنة","المشهد ١ — دراما رسالة الجوال الغامضة
المكان: غرفة جلوس هادئة، آخر النهار. الجوال يهتز بلا توقف.
لينا: (تتنهد بضيق) ثيو! يا الله!، لازم تشوف ذا. الحين.
ثيو: (يتثاءب) وش فيه الحين؟ نهاية العالم خلاص؟ أو برجك الغبي حذرك؟
لينا: لا! أخَسْ. شوف… (تمد له الهاتف) ليه أليكس أرسل لي: ""أَبِيكِ بكلمة"".
ثيو: (شهقة) أخطر أربع كلمات في اللغة العربية.
لينا: بالضبط! صح؟ وش يقصد بها؟ ""أَبِيكِ بكلمة"". عن وش؟ وليه؟ متى؟ ووين؟ وعن وش؟
ثيو: (آآه تنهد) لينا، اهدي. ممكن بس يبي رأيك.
لينا: (تهز رأسها)  ممم ما في واحد يقول ""أَبِيكِ بكلمة"" لشيء عادي يا ثيو. هذه لغة جادة. لغة المواجهات. لغة ال…
ثيو: (يقاطعها) لغة الدراما اللي اخترعتيها بنفسك.
لينا: (تتأوه) كنت أعرف. حياتي صارت مسلسل. وأنا ما أدري.
ثيو: (يضحك) أنت السببتيها. أنت تحبين الدراما. تتنفسينها.
لينا: (منزعجة) هممف كييف؟ ما أحب الدراما أبد.
ثيو: (مستمتع بضحكة خفيفة) لينا، الأسبوع الماضي بكيتِ على إعلان… عن كورن فليكس.
لينا: (تدافع) كان يحزن! الأب اعتذر لأنه أكل آخر صحن!
ثيو: (يضحك) اييييه ببكي من الأحاسيس.
لينا: (تتمشى بقلق) طيب، ركّز اممم    وش اسوي؟ أرد؟ أسحب عليه؟ أقوله إن الواي فاي خرب ثلاثة أيام؟
ثيو: (آآآه تنهد) اسأليه بس وش يقصد.
لينا: (تصدم) بس كذا؟! ثيو، ترا ذا وضع حساس. ما تقدر تسأله كذا وش يبي. هذا… هذا يخرب الاحاسيس!
ثيو: (يضحك) أنت غبية. هي كلها شوية كلمات.
لينا: نعم! كلمات تخرب باقي اسبوعي!
ثيو: (يبتسم) دراما ما تخلص.
لينا: (بقلق خفيف) طيب، بأكتب: ""أوكي، وش فيه؟"" كذا تمام؟ رزين؟ غريب؟ لطيفة؟
ثيو: (هممممم) لينا… حلو. رد طبيعي. زي سويسرا ... محايدة.
لينا: (تكتب بسرعة) طيب. أرسلت. الحين نتوتر.
ثيو: (يضحك) أنت متوترة أصلًا.
لينا: والحين عندي سبب رسمي.
(الجوال يهتز)
لينا: ياااااااه! رد. ما أقدر اشوف. ثيو، اقرااه.
ثيو: (ينظر للهاتف) هممم.
لينا: (متجمدة) ""هممم""؟ وش تقصد بـ ""هممم""؟ ثيو، لا تعلقني!
ثيو: (يبتسم) اهدي. يقول إنه يبي يساعدك في جدولة حفل مفاجئة لصديقتك نورا.
لينا: (تفقد توترها فجأة) …آهاااا.
ثيو: (ينفجر ضاحكًا) سويتي دراما كبيرة علشان ذا بس؟ 
لينا: (بحرج) أكرهكم كلكم.
ثيو: لا، لا تكرهين. أنتِ تحبين الدراما… والدراما تحبك.
 
 
 
المشهد ٢ — أزمة القهوة في المقهى
المكان: مقهى مزدحم، وقت الصباح.
لينا: (متوترة) ثيو. حياتي انتهت. مرة ثانية.
ثيو: (يشرب القهوة) خليني أخمّن… خَلَص حليب الشوفان؟
لينا: نعم! كيف عرفت؟
ثيو: لينا… هذا المقهى يخلص فيه حليب الشوفان كل يومين. طبيعي.
لينا: (آآآه) بس هم يعرفون أني أحتاجه. أنا ما أتحمل اللاكتوز… عاطفيًا وجسديًا.
ثيو: (يضحك) لاكتوز عاطفي؟
لينا: نعم. الحليب يجرح روحي.
ثيو: خذي حليب لوز.
لينا: (هاااعع) لوز؟ طعمه زي النكد مخلوط بخشب.
ثيو: (يضحك) يا الله! أنت درامية.
لينا:  والباريستا أعطتني نبرة لما سألت عن حليب الشوفان الموجود عندهم في المخزن.
ثيو: وش قالت؟
لينا: قالت: ""نحن ما نخبي الحليب في مخزن سري.""
ثيو: (يضحك) معها حق.
لينا: لكن قالتها بدون نفس يا ثيو. بدون نفس.
ثيو: (هاها) بدون نفس؟ اتصلي بالشرطة طيب.
لينا: بالضبط! لازم أقدم شكوى.
ثيو: بسبب الحليب؟
لينا: بسبب المبدأ. كنت أبغى قهوة طبيعية. لكن لااا… لازم تكون حياتي درامية.
ثيو: (يبتسم) الدراما تلحقك زي الكلب الوفيّ.
لينا: أنا ما أبِيهَا!
ثيو:  أنت حرفيا تجذبيها.
لينا: (آآآه) ممكن أوقف عن القهوة.
ثيو: (يضحك) حاولت من قبل ... صمدتي سبع ساعات.
لينا: الدنيا ما تحبني.
ثيو: على وش ما تحبك؟
لينا: ما أدري… ممكن لأني الأفضل.
ثيو: (قهقه) أكييد.
 
 
 
 
 
 
 
 
 
 
 
المشهد ٣ — كارثة قروب الشات
المكان: نفس المقهى، بعد فترة في الصباح.
لينا: (تنظر لهاتفها) لااا… ثيو، شوف. شوف!
ثيو: (يميل نحوها) وش فيه الحين؟ خلص الحليب بَعَدْ؟
لينا: أخَس. القروب مولّع.
ثيو: (اوووف) يا ساتر. وش فيه؟
لينا: واحد سأل: ""أي فيلم نشوف الليلة؟"" والحين فيه… 42 رسالة في دقيقتين.
ثيو: (هاهاهاها) هذي فوضى، مو دراما.
لينا: لا، دراما حقيقية. شوف ... إيلا تبغى رعب. بن رافض لأنه ""ما يتحمّل الرعب"". ميرا تشوف بس رومانسي. وجونا يبغى وثائقي… عن السحالي.
ثيو: (هاهاهاهاه) سحالي؟!
لينا: نعم! والأدهى والأمر… واحد منهم كتب اسمك وقال: ""ثيو يحدد"".
ثيو: أنا؟ ليه أنا؟
لينا: لأنك المحايد. يعتبرونك وسيط سلام.
ثيو: (ساخر) مسؤولية كبيرة ذي.
لينا: ثيو، لازم تختار بحكمة. هذا مجلس أمم متحدة.
ثيو: لينا… هو بس فيلم.
لينا: (تهمس بانفعال) لا. هذه سياسة اجتماعية.
ثيو: طيب… اختار… كوميديا.
لينا: يا ربيي… خطأ. بِن يكره الكوميديا. إيلا تقول الكوميديا ""سطحية عاطفيًا"". وميرا تبكي على الكوميديا أكثر من الرومانس.
ثيو: كيف؟
لينا: ما في منطقية. القروب ذا يدمّر العلاقات.
ثيو: (آآآخخ) أنتم كلكم مجانين.
لينا: (شهقة درامية) نحن! الحين القروب كله يصارخ لأن جونا ما يبغى غير السحالي.
ثيو: (هاهاهاهاها) أفضل خبر سمعته ذا الأسبوع.
لينا: كابوس… كابوس زواحف.
ثيو: تبين حل؟
لينا: نعم! أنقذنا!
ثيو: (يكتب) يلا، أقول: ""خلا نصوّت"".
لينا: (اوووه) أنت عبقري.
ثيو: أعرف.
لينا:  والحين ننتظر…
(لحظة انتظار)
لينا:  الحين في 15 صوت، 10 منهم كوميديا.
ثيو: قلت لك. الديمقراطية تفوز.
لينا: (تنهد) ثيو… انت أنقذت العالم.
ثيو: (هاهاهاهها) مبروك لنا.
لينا: بصراحة، حياتنا مليانة دراما.
ثيو: حياتك أنت. أنا بس الشخصية اللي تصلح الفوضى حقتك.
لينا: (هيهيهي) وأنت تحب تصلحها.
ثيو: (هاهاهاهاهها) يمكن.
 
 
المشهد ٤ — كارثة المحفظة الضائعة
المكان: خارج السوبرماركت، آخر النهار.
مايا: (مذعورة) جوردان! جوردان! جوردان! محفظتي ضاعت! دورت في شنطتي مرتين ... لا ثلاث ... يمكن خمس... مو في! اختفت!
جوردان: (بهدوء يشرب) تمام… متى آخر مرة شفتيها؟
مايا: (تلوّح بيديها) ما أعرف! يمكن في المحل، في السيارة… لااا أدري! أنا بنجن!
جوردان: طيب… اهدي. وين كنتي لما عرفتي إنها مو معك؟
مايا: (تشير لمقعد) هنا! جلست، حاولت أخذ مفاتيحي، وفجأة… الدنيا قررت تعاقبني.
جوردان: يعني المحفظة تبخرت؟
مايا: يمكن! يمكن صارت لها أرجل! وهربت تعيش حياتها الخاصة.
جوردان: محفظتك هربت؟ هذا تفسيرك؟
مايا: لا تضحك علي في مصيبتي!
جوردان: (يضحك) ما اتريق عليك، بس الاحظ الدراما حقتك… طيب خلنا نرجع كم خطوة ونتأكد. دخلتِ السوبرماركت، وبعدين وين رحتي؟
مايا: رحت لقسم الخضار… أخذت تفاح… بعدها رجعته ما عجبني. بعدين…
جوردان: مايا. ركيزي. طلعتي المحفظة وقتها؟
مايا: يمكن؟ مسحت البطاقة وأنا طالعة، بس ما أدري إذا بالمحفظة ولا الجوال؟ لااا… ممكن تركتها عند الكاشير؟ ماذا لو واحد سرقها؟
جوردان: (يطبطب) هي محفظة، مو كنز وطني. نروح نسأل—
مايا: (تمسك ذراعه) لا دقيقة! فتش شنطتي! يمكن تلقاها لأني ما أشوف!
جوردان: تريديني أغوص في الثقب الأسود اللي تسميه شنطة؟
مايا: نعم! لأني ما أثق بنفسي
جوردان: (هممم) خلنا نفتش ... فواتير… أقلام؟ ليه 17 قلم؟ و… سناكات. وأكيد ما في محفظتك.
مايا: (تجلس منهارة) انتهيت. بطاقاتي… هويتي… بطاقة المكتبة! يا ربيي، وش بيصير لو واحد استعار كتب باسمي!
جوردان: نعم، أكيد ذي المشكلة! مو فلوسك أو بطاقة البنك ... المشكلة الحقيقية هي غرامات تأخير الكتب.
مايا: لا تتريق! ترا الوضع جد!
جوردان: طيب… وين كنت قبل قسم الخضار؟
مايا: قسم اللحوم…  أخذت شرايح تركي ، والبنت الشغالة هناك طولت إلى ما تقطعهم… حسيت أني كبرت عشرين سنة!
جوردان: واستخدمتِ المحفظة؟
مايا: لا ... ما ادري الصدق. إلا لو استخدمتها! أو لا. يا الله! أنا عديمة المسؤولية.
جوردان: (يضحك). أول خطوة: الاعتراف أنك غير موثوقة.
مايا: (آآآه) انتظر ... يمكن تركتها في السيارة!
جوردان:  ما فتشتيها؟ 
مايا: بعيوني بس! يمكن كانت متخبية عن عيني.
جوردان: محفظتك ما هي كائن حي يتحرك ويتخبى لحاله.
مايا: أنت ما تدري! يلا نروح السيارة.
(يذهبون للسيارة)
جوردان: (يفتش) همم، يلا! وقت التفتيش الصح. جانب الكرسي ... درج الراكب ... الدرج بين الكرسين ... تحت السيارة ... لا، ما في شيء.
مايا:  اوووف، خلاص بس… كذا بأتصل بالشرطة.
جوردان: يعيني وش بتقولي؟. ""هلا، نحتاج حملة تفتيش عن محفظة عليها ورود.""
مايا:  ها وش أسوي؟
(رجعوا للمتجر)
مايا: (متوترة عند الكاشير) اممم السلام عليكم، \ لو سمحتي في أحد سلّم محفظة ضايعة؟ عليها ورد وشكلها حلو، فيها حياتي كلها؟
الموظف:  (تتأكد الموظفة) لا، للاسف.
مايا: (تهمس) ما حطلع من البيت مرة ثانية.
جوردان: سؤال!… جربتي جيوب الجاكيت حقك؟
مايا: مستحيل. أنا ما أحط شيء فيها. صغيرة مرة.
جوردان: مايا. تأكدي.
مايا: اااخ طيب (تحط يدها بجيبها)… انتظر… لحظة…
جوردان:  ااخ ... لا تقولي…
مايا: (تسحب المحفظة من الكم) مستحييييل!!
جوردان: (ينهار ضاحكًا) في جيبك… طول ذا الوقت في جيبك
مايا:  ماني فاهمة! ما قادرة استوعب الموضوع! 
جوردان: مبروك. القضية تقفلت. المحفظة ما هربت.
مايا: مستحيل. في واحد حطها في جيبي.
جوردان: إيييه صح، عميل سري دسها في جيبك.
مايا: وقف لا تِنَكِت علي!
جوردان: يا عالم… أكثر إنسانة درامية.
مايا: أكرهك.
جوردان: لا. ما تقدرين.
مايا: …يمكن. بس لا تقول لأحد عن الحصل.
جوردان: حكلم الكل.
مايا: جوردااان!!!!
جوردان: (يضحك) محققة المحافظ، يلا نرجع البيت قبل تضيعي الجاكيت حقك.
 
 
 
 
 
 
 
 
 
 
 
 
 
 
 
 
 
المشهد ٥ — انهيار نهاية الأسبوع
المكان: غرفة ريا، مساء الجمعة. السناكات على الطاولة والجوال يرن كل فترة.
ريا: (تدخل الغرفة) نوح! عندنا كارثة حتنهي العالم.
نوح: (من دون يطالع فيها) خليني أخمّن… وقفوا إنتاج شبسكك التحبيه؟
ريا: أسوأ! حجزت لنفسي… أربع مناسبات مختلفة… بيوم واحد!
نوح: أربعة؟
ريا: نعم! السبت بيقتلني!
نوح: طيب وش هي؟
ريا: أول وحدة: فطور عيد ميلاد بنت خالتي… لو ما حضرت بتبكي. 
نوح: يعني مناسبة أهل إجبارية.
ريا: الثانية: صديقتي تارا تنقل من بيتها وقالت ""أنت الوحيدة اللي ما تكسرين الأشياء"". ضغط كبييير علي.
نوح: غلطانة المسكينة.
ريا: الثالثة: ورشة الفخار اللي أنتظرها من سنة. دفعت فلوسها وما بترجع، روحي الإبداعية تبكي.
نوح: هممم هممم وش الرابعة؟
ريا: الرابعة: رحلة تسلق، مع فريق الشغل.
نوح: يعني إفطار… نقل… فخار… تسلق. في يوم واحد؟
ريا: إيه! ليه سويت بنفسي كذا؟
نوح: صراحة… إنجاز. تراكم عدى خيالي.
ريا: نوح! ما أقدر أكون في أربع أماكن مرة وحدة! أنا مو سوبر مان!
نوح: طيب، خلينا نشوف توقيت كل حدث.
ريا: الفطور الساعة 10. النقل الساعة 9 لكنها قالت ""تعالي وقت ما تبين"". الفخار الساعة 1. التسلق ""العصر"".
نوح: وتبين تحضري لكل ذي المواعيد؟
ريا: بالضبط! وهذه هي المشكلة!
نوح: هااهاهاه تقدرين على اثنين… يمكن ثلاثة لو عندك الانتقال السريع زي الانمي.
ريا:   اوووف يا ليتني أقدر انتقل بسرعة.
نوح: طيب… وش المناسبة الما تقدري تتأخري فيها؟
ريا:  همممم الفخار حدث لمرة وحدة ومحجوز من أول.
نوح: طيب كذا ثابت ... ووش بعد؟
ريا: الفطور، مشاعر قريبتي في خطر لو ما جيت. وكيكة مجانية.
نوح: الاهل الأقرب. كذا الفطور والفخار هي الثابتة. 
ريا: كمان حبكي لو ما رحت للفخار.
نوح: تمام. التسلق والنقل، و ... وين ناقلة صديقتك؟
ريا: بالاتجاه الثاني من المدينة. حرفياً.
نوح: والتسلق؟
ريا: طريق ما سمعته من قبل. والكثير من الحشرات.
نوح: يعني ما تبي تروحي؟
ريا: لا، بس لازم اروح. تلاحم الفريق، ونقاط توظيف حلوة. أنت تعرف، الوظيفة وانك تكون مسؤول.
نوح: هيهيهي. مشاكل موظفين.
ريا: للأسف.
نوح: طيب، عندك مناسبتين وبالكثير ثلاث وكنسلي الباقي.
ريا: أكنسل! أكنسل!! تستهبل! كلهم حيظنوا اني عديمة مسؤلية! حيقصوني من المجتمع وأصير منبوذة.
نوح: انتِ مو حتنطردي من المجتمع لانك ما رحتي لرحلة تسلق!
ريا: أنت ما تدري.
نوح: ههاهاهاها. طيب، وش رأيك لو كلتمي صديقتك أنك بتساعديها  في اليوم البعده؟
ريا: هممم قالت انها حتفك أغراضها نهاية الأسبوع كله.
نوح: بالضبط، ساعديها اليوم كله.
ريا: ذا ممكن ينفع ...
نوح: حلو، كذا باقي التسلق.
ريا: اااااخ التسلق!
نوح: ودك تروحين؟
ريا: ولا دقيقة.
نوح:  طيب لا تروحي.
ريا: لكن!
نوح:  ما في لا. قولي عندك الحق تكون عندك حياة برا الشغل.
ريا: وش أقول؟ ""اسفة، ما حاسة بالطاقة والدراما معاكم""
نوح: هاهاها. بدون دراما، ارسلي لهم ""عندي إلتزام أكثر أهمية"".
ريا: مَلَلَ.
نوح: احترافي.
ريا: اوكي، لكن على الأقل أقدر أقولهم مشغولة بشيء مهم؟
نوح:انت تسوي شيء مهم. مناسبة فطور، وورشة فخار إبداعية.
ريا: كذا السبت عبارة عن إفطار وفخار. 
نوح: مناسبتين تقدري عليها مو جدولة زفت.
ريا: نوح أحس اني منتعشة!
نوح: هيهي. قلت لك. كان باقي لك شوي وتخشي في مصيبة.
ريا: قربت ارسل لهم رسالة طويلة مليانة أعذار وايموجيز.
نوح: هاهاها. كويس وقفتك. ما في أحد يحتاج يقرأ تقرير من الاعذار.
ريا: كذا اقدر ارتاح. يومي ما اخترب.
نوح: بالضبط، عديتي مصيبة الجدولة.
ريا: لا تخلي الوضع درامي.
نوح: تعلمت منك.
ريا: هييي
نوح: امزح معك. بس كويس عرفتي أولياتك، واخترتي اثنين منهم.
ريا: هيهي. شكرا نوح. حتى لو أنت تتريق علي طول الوقت.
نوح: بس شوي. ولو صار فيني كذا متأكد أنك حتضحكي علي.
ريا: أكيد. 
نوح: بالضبط، خلنا نرتاح الحين. انقذت يومك.
ريا: انا المستقبلية لازم توقف تقول نعم لأي شيء.
نوح: تكفى اكتبيها في ورقة صغيرة وعلقيها عندك.
ريا: أن شاء الله بسويها.
(الاثنين جالسين على الكنبة مرتاحين.)
ريا: والحين ... وش نسوي اليوم؟
نوح: أي شيء إلا زيادة مواعيد بكرة.
ريا: اتفق.





المشهد ٦ — الصوت الغامض عند منتصف الليل
المكان: شقتهما، منتصف الليل. سكون… أو ما يقاربه 
(يسمع صوت خبطة)
سام: (هاااع) ليلا! اصحي! اصحي الحين!
ليلا: (نصف نائمة) لا. مو صاحية. إلا لو الشقة تحترق. غير كذا، لا.
سام: أحس في أحد بالبيت.
ليلا: (بعينين مغلقتين) هذي الثلاجة. كل ليلة تسوي كذا. من زمان.
سام: لااا هذا ما كان صوت شيء اعرفه من البيت.
ليلا: سام، ترا كل الأصوات تخوف آخر الليل وكمان إذا انتِ خايفة. 
سام: تكفين! قومي. يمكن حرامي. أو حيوان. أو ... يا ساتر ...قطو معصب!
ليلا: قطو معصب؟ هذا اللي مخك فكر فيه؟
سام: القطاوا تتهاوش آخر الليل. حرامية صغار عندهم أظافر!
ليلا: آآآخ منك ... طيب، طيب. كيف كان الصوت.
سام: كان زيي… بووم. بس مو أي بووم. بووم من اللي تجيك وتقول ""الوضع خطير"".
ليلا: وصف مفهوم جداً يا عبقرية!
سام: ترا الوضع جد!
ليلا: (اووااه) بوقف لما ما توقفي عن الصرخة البخفيف ذي. 
سام: أهمس كذا عشااان ما ننسمع من الحرامي.
ليلا: لو فيه حرامي، كان سمع دقات قلبك. دقات طبول اعراس.
سام: طيب، طيب اسمع ... هذا هو مرة ثانية!
(صوت خفيف ثاني)

ليلا: سام… هذا كيس الشيبس اللي تركتيه على الطاولة. توه طاح. من قال ""بأكل بس ثلاث حبات"" وآخر شيء أكلت نص الكيس
سام: ذا قبل ساعات ليش يطيح الحين؟ ليش مو قبل؟
ليلا: الجاذبية؟ الوقت؟ حركاتك حقت كل يوم المضرة بصحتك؟ اختَر واحد فيهم.
سام: لا تنكتي! نحتاج نتأكد.
ليلا: لا، أنت تحتاج تنام.
سام: ليلااا تكفى. بس شوي تعالي معاي لو في غدرة.
ليلا: (تسك آآآخ) طيب! لو ما في شيء بتسوي بكرة بان كيك.
سام: تم.
(يتسللان في الممر)
سام: (يهمس) تحركي بشويش، وخليكِ وراي.
ليلا: ليه وراك؟ مو أنت اللي خايف. ومفروض تخليني درع لك.
سام: أنتِ أشجع.
ليلا: (اييه) أنا مو شجاعة… أنا تعبانة. ما يهمني لو نموت.
(يصمتان للحظات)
سام: هششش.
ليلا:  ما في شيء. ممكن نرجع الحيـــ
سام: انتظري! سمعت صوت!
ليلا: (اووف) ذا بطنك.
(يدخلون المطبخ)
سام: (يطالع من طرف الزاوية) (هممم) مصيبة أكبر مما توقعت.
ليلا: وش فيه؟
سام: باب الدولاب مفتوح شوي.
ليلا: يعني تركته مفتوح، زي كل مرة.
سام: لااا! والله إني سكّرته!
ليلا: (اوووف) سام… أنت تحلف كثير. وكل شيء أنت تسويه أصلا عكس!
سام: أنتِ ما تفهمين! لو في واحد فتحه؟
ليلا: زي وش؟ جني يدور على ملح؟
سام: ممكن.
ليلا: (ااااخ) جني دخل المطبخ ... في نص الليل ... بس يفتح الدولاب ويطلع؟
سام: لما قلتيها كذا ... حسيتها عبيطة.
ليلا: لأنها عباطة!

(صوت خفيف وكأنه كيس)
سام: شفت؟! أكيد في شيء في المطبخ
ليلا: (تنحني وتشوف) ايييه ... خلنا نشوف مسرح الجريمة. ... شوف! كيس الشيبس على الأرض.
سام: في واحد طيحه!
ليلا: شيء في الفيزياء اسمه الجاذبية وأنك حطيته مطرف على الرف.
سام: مستحييل! حطيته كويس على الرف.
ليلا: ... اووه صحييح. واضحة من عاداتك الكويسة.
سام: (اووف) خلنا نفتش في الصالة.
ليلا:سااام.ساااام. ترا نص الليل، ما حسوي تفتيش كامل للشقة!
سام: ما عليك، كلها دقيقتين.
ليلا: حتأخذ 10 دقايق! لانك تفتش زي العساكر.
سام: اسمه اتقان العمل.
ليلا: ذا اسمه الوسوسة.
(وصلوا الصالة)
سام: الستارة تحركت!
ليلا: لأنك مشيت. والهواء حركها.
سام: متأكدة؟ ممكن يكون ...
ليلا: لا تقول جني.
سام: طيب، حقول الهوا
ليلا: شفت! شيء معقول.
سام: لكن… ما فيه شباك مفتوح.
ليلا: طيب ... هذا غريب.
سام: قلت لك!
ليلا: لحظة… سكّرت باب البلكونة؟
سام: أظن؟
ليلا: تظن؟ سام! كذا تبدأ أفلام الرعب!
(يتفحصا الباب)
سام: (مرتاح)(اااه) مقفل.
ليلا: الحمد لله. يعني ما فيه شيء يخوف ...
(صوت حركة خفيفة)
سام: وش هذا؟!
ليلا: (خافت بس تتدعي الثبات) وكانه شيء يجلس.
سام: وش الي شيء يجلس؟؟
ليلا: مدري!!
سام:  سلة الغسيل طاحت!
ليلا: (شافت السلة) حطيت جزمتك الثقيلة فوق علشان كذا طاحت السلة.
سام:  الجاذبية مسوية شغلها الليلة.
ليلا: (هاهاهها) أنت اسمج انسان خايف قابلته.
سام:  سعيد أنه خوفي ضحكك.
ليلا: لآخر درجة، الحين أنا مصحصة.
سام: يعني تقتنعين إنه فيه شيء؟
ليلا: لا. مقتنعة أنك أنت المحتوى.
سام: لكن—
ليلا: سام… الأبواب مقفلة. ما فيه أشياء مكسورة. لا قطو. لا جني. كل شيء كويس.
سام: أكيد؟
ليلا:  يب أكيد.
سام: يمكن… بالغت شوي.
ليلا: شوي؟
سام:  اوكي ممكن كثير.
ليلا: بس عادي. أنت تخاف بالليل. سام الليل شخص ثاني.
سام: الظلمة والهدوء تخوفني.
ليلا: الخبر الحلو هنا انه خيالك هو الجني.
سام: (هاهاها) صحيح صحيح.
ليلا: يلا نرجع ننام… قبل ما يخوفك صوت الثلاجة.
سام: بس متأكد انه الشيبس ما طاح لحاله.
ليلا: (أييييه) أكييد ... طاح الشيبس لحاله لأنك ما تعرف تحطه زي الاوادم.
سام:  (هاهاهاها) ما ودك توقفي تريقة؟
ليلا: أبد ما بوقف.
(رجعوا للغرفة)
سام: شكرًا لأنك قمتي.
ليلا: عندي بانكيك. وقهوة.
سام: تم.
ليلا: وإذا سمعت صوت بعدين؟
سام: بأخذ نفس… قبل ما أتهم قطو شرير.
ليلا:  حلو التطور.







المشهد ٧ — كارثة الرسالة الخاطئة
المكان: غرفة مايا. عصر. مايا تمشي ذهابًا وإيابًا وهي تهتز من التوتر. جوردان يشرب شاي.
مايا: (مرتبكة) جوردان! جوردان! جبت العييد!
جوردان: (هادئ جدًا) خذي نفس… وش صار؟
مايا:  ما في وقت للهداوة ... أرسلت الرسالة.
جوردان: أي رسالة؟ أنت ترسلين ألف رسالة يوميًا.
مايا: مو هذي! أرسلت رسالة غلط وفي وقت غلط لشخص غلط!
جوردان: لمن؟
مايا: لمديري.
جوردان: …العييد ... وش ارسلتي فيها؟
مايا: تتذكر كلامي لك قبل شوي… لما قلت إنه ""يشغل الفريق مثل GPS خربان""؟
جوردان: لا تقولي—
مايا: أرسلته له! على رقمه الخاص! ومع إيموجيز!
جوردان: (اوووف) هذه… (هسسس) مصيبة والله.
مايا: أخيراً استوعبت المصيبة!
جوردان: هذي مصيبة بس كمان تحسها جرأة منك.
مايا: جرأة! أنا بنطرد، يحاكموني ويضيع مستقبلي، وحتى انخطف من ال HR
جوردان: ال HR ترا ما يخطفون الناس.
مايا: (اييييه) صدق؟ شكلك ما شفت ايميلاتهم. مليانة لهجة وعيد وتهديد تقول بيقتلوك.
جوردان: (هي هي) اوكي اسف.
مايا: وش اسوي الحين؟
جوردان: أول شيء اهدي. حفرتي الأرض من حركتك.
مايا: ما اقدر، لو وقفت بنفجر من التوتر والخوف.
جوردان: اوكي، انفجري بالراحة.
مايا: ما ابغى انفجر بالراحة. ابغى الغي الرسالة.
جوردان: جربتي تحذفيها؟
مايا:اكيد. بس الدنيا تكرهني. بس في زر حذف لدي، وما في حذف للجميع.
جوردان: ذا الزر الغبي ما منه اي فايدة.
مايا: بالضبط. وش اسوي الحين؟
جوردان: انتظري بس.
مايا: أنتظر! أنتظر!! جوردان أنا روحي ما تتحمل الانتظار.
جوردان: ما عندك حل، إلا لو تهكري جواله بطريقة الأفلام.
مايا: لا تغريني! ترا شوي واسويها.
جوردان: طيب طيب. خلنا نفكر بواقعية.
مايا: واقعية؟ يا جوردان، ما عندي غير أفكار سلبية.
جوردان: طيب، انت فكري بدرامتك وانا بفكر بعقلانية لنا الاثنين.
مايا: تم.
جوردان: اسوء شيء بصير أنه يقرأها ويطلب يكلمك علشان يعرف وش السالفة. 
مايا: يكلمني؟؟ هذه لغة ال HR علشان تجهز آخر كلامك
جوردان: لا، مرات يكون نقاش بسيط.
مايا: آخر ""نقاش"" خلوني فيه المسؤولة عن حفلات الميلاد.
جوردان: (آآخ) مثال زفت. نشوف شيء ثاني.
مايا: (ايييه) قاعدين يقروها. كنت أدري. ليه ما علقوا على الرسالة؟ ليه صارت صحين ازرق بدون رد؟ ليه ""يكتب الآن""
جوردان: علامة واحد يكتب؟
مايا: ايه. تظهر وتختفي. قاعد يكتب نهايتي. ويمسحني من الوجود.
جوردان: أو قاعد يكتب لستة السوق، وفتح شاتك بالغلط.
مايا: لا. يقصد يسوي كذا. هذه غلطتي لأني غلطت عليهم.
جوردان: كانت تضحك على الأقل.
مايا: جوردان. بالله وقف مدح تريقتي.
جوردان: اسف. طيب. خلنا ندور طريقة نخفف بها المصيبة الجاية.
مايا: ايييه بالله عليك. عطنا الكلمات للاعتذار المثالي.
جوردان: تمام. وش رأيك في ""هلا. انا اسفة، الرسالة ذي جاتك بالغلط"".
مايا: قصيرة، وتبين أني مو مهتمة.
جوردان: طيب. وش رأيك ""متأسفة جدا، في سوء فهم ...""
مايا: لا! كذا يصير كأني الغلطانة. ابغى شيء عادي بس محبطُ.
جوردان: نبرة عادية بس محبطة ... طيب وش رايك ""اعتذر عن الرسالة الغلط. اترسلت برا سياق السالفة""
مايا: برا السياق؟ ما في مبرر اني اذب على رئيسي برا السياق.
جوردان: ممكن تصير.
مايا: كيف؟ الا لو الدنيا اهتزت!
جوردان: تدرين! ممكن تصير كذا!
مايا: انا ما اطقطق يا جوردان! 
جوردان: صحيح، معليش. طيب، اعتذري وخلاص، من كل قلبك.
مايا: أضيف ايموجيز؟
جوردان: لا. أكيد لا. بدون ولا واحد.
مايا: ولا حتى وجه حزين؟
جوردان: لا. هذا بزيد المصيبة. الكبار ما يحطو ايموجيز في رسالة اعتذار.
مايا: اوكي. تمام. كتبت الرسالة.
جوردان: اقريها.
مايا: (تقرأ) ""السلام عليكم، انا اعتذر بصدق عن الرسالة الوصلتك سابقا، كانت لصديقتي. كنت افرغ توتري واحباطي لصديقتي، لكن المفروض اتعامل معه باحترافية. اعتذر لك بصدق"".
جوردان: ممتاز جدا.
مايا: أرسلها؟
جوردان: ارسليها.
(أرسلتها وندمت على مباشرة)
مايا: يا الله، يا الله! ليه سويت كذا؟ ليه خليتني أرسلها؟
جوردان: لأنه ذا الأصح. وأنت كبيرة ووقفي لعب العيال.
مايا: يكتب مرة ثانية!
جوردان: ممتاز. كذا تفاعل مع الرسالة.
مايا: أو ... أو قاعد يكتب رسالة طردي.
جوردان: انا متأكد انها ما تنكتب بجوال.
مايا: يسوها لو معصبين.
جوردان: اهدي. خلنا ننتظر.
مايا: طيب ... جوردان، مو قادرة اتنفس.
جوردان: تنفسي عادي، ما في مشكلة يا بنت!
(الجوال يهتز)
مايا: يا الله! رد.
جوردان: اقريها.
مايا: (تقرأ بشويش) امممم ""السلام عليكم، شكرا على صدقك. كلنا بنمر بلحظات احباط احيانا. بكرة خلنا نتكلم عن ستراتجيات تواصل افضل"".
جوردان: شفتي؟ ما طردك ولا دمرك ولا خطفك.
مايا: (آآآآآآه) يا الله، انا عايشة ... أنا عايشاااااة.
جوردان: مبارك عليك. نجيتي من حادث رسالة عظيم.
مايا: ما بسويها ثاني. من اليوم بتأكد ثلاث مرات قبل اراسل أي أحد.
جوردان: حلو
مايا: وببلكك وقت الشغل.
جوردان: هييي، وليه أنا الياخذ بلوك؟
مايا: لأنك تخليني اروح اشتكي بدراما كثيرة.
جوردان: ما تحتاجي حتى دفة مني.
مايا: اتفق معك ...
(ضحكوا سوا)
جوردان: ها ... تبين شاي؟
مايا: اييه، خله رايق ومظبوط. كأنه حضن.
جوردان: ابشري.
مايا: جوردان؟
جوردان: هلا؟
مايا: شكرا لك لانك انقذتني.
جوردان: بأي وقت. 















المشهد 8 – السر خرج للعلن.
المكان: اراف وريا يتشاركوا شقة. المساء. مطر برا. صوت المطر على الشباك. ريا تجلس على الكنبة، متوترة تقلب بجوالها. اراف تدخل ومعاها كوبين شاي.

اراف:  (يحط الشاهي بهدوء فوق الطاولة) سويت لك بابونج… النوع اللي يهدّيك، اللي تحبينه. حسّيت يمكن تحتاجينه اليوم. من الصبح وأنت ساكته… واضح إن في شي بخاطرك ما قلتيه.
ريا:  (تبتسم غصب وهي تطالع الكوب) يعطيك العافية… صدق. بس أنا تمام. بس… تعبانة شوي، تعرف؟ الشغل طويل… وأشياء تتراكم… يعني شي طبيعي.
اراف:  (يجلس جنبها شوي) ريا، الله يهدّيك. إحنا عايشين مع بعض من زمان وأعرف “تمامك” يوم يكون صِدق… ويوم تحاولين بقوة تسوين إنه ما في شي. واللي عندك الحين… مو ضغط شغل عادي.
ريا:  (تتنفّس بشوي رجّة) مدري يا أراَف… أحسني متلخبطة من الحياة يمكن. كل شي أحسه واجد الفترة ذي. وما أبي أسحبك معي للنكد.
اراف: بس أنا أبي تسحبيني إذا هذا بساعدك. مو لازم تشيلين كل شي بروحك. أنتِ تعرفين هالشي، صح؟
ريا: (نبرتها تلين) إي… أدري. بس ما كنت أبي أزيد عليك هم فوق همومك. أنت تتحمّل واجد.
اراف: ريا… قلقي يزيد لما تقفلي علي كذا. لما أشوفك شوي وتنهاري وتقولين لي “أنا تمام”… ذيك اللحظة تخوّف. والحين… أنا خايف، لأني حاس إن في شي غلط.
ريا:  (تطالع بعيد) مو إني ودي أخبيه… بس… ما كنت أعرف كيف أقوله بدون ما يكبر الموضوع… أو بدون ما تطالعني بنظرة ثانية.
اراف:  (يميل قدّام شوي) أطالعك بنظرة ثانية؟ وش يعني؟ وش ممكن تقولينه يخلي نظرتي لك تتغيّر؟ أنتِ ريا. انت الكون كله لي. ابَدّي من هالنقطة… وقولي لي.
ريا:  (يديها ترتجف شوي) اوكي… أوكي تمام. بس اوعدني ما تقاطعني… ولا تفترض شي قبل أكمل. تكفى. ما أبيك تستعجل.
اراف:  (يومّي براسه ببطء) أوعدك. بدون مقاطعة… بدون افتراضات. كلميني، يلا.
ريا:  (تاخذ نفس عميق) حاضر… من أسابيع صار لي شي، ما كنت متوقعة… ولا مستعدة له. جتني إيميلات… من مكتب المدير… عن فرصة نقل. كبيرة. بغير مدينة… وفعليًا بغير ولاية بعد. وما قلت لك لأني ما كنت متأكدة أصلاً أبغاها ولا لا. وبالأمس أرسلوا العرض الأخير… وأنا توترت وقفل مخي.
اراف:  (ساكت شوي، يستوعب) أنت… جاك عرض نقل؟ وعرض كبير بعد؟
ريا: إي. هو نفس الشي اللي كنت دايما أتمنى يصير… قبل أنا وإنت نبدأ نسوي حياة مع بعض. قبل كل شي يصير ثابت… وبيت… وطُمأنينة. أنا ما خبيته لأني بنقل. خبيته لأني ما أدري… أقدر أو لا؟  والمفروض إذا اختياري للوظية اخسرك ...
اراف:  (يتكي وراه، يتنفس ببطء) واو… أوكي. هذي صدق كبيرة. وما بكذب… جزء مني تمنى انك قلتِ لي من بدري، علشان لا تضغطي على نفسك. بس أنا موجود الحين. وبفهمك. وش تحسين بالضبط؟ متحمسة؟ خايفة؟ مترددة؟
ريا: صدق؟ كلهم. متحمسة لأنها خطوة كبيرة. وخايفة لأن ما أعرف وش يعني لنا. وحاسة بالذنب لأني كتمته. ومتلخبطة بين شي كنت أركض وراه… وبين شخص صار جزء من نفسي.
اراف:  (صوته ناعم وثابت) اسمعي… ما تحتاجين تختارين بيني وبين شغلك. هذا مو حب، هذا ضغط. وأنا ما أبغا أكون السبب اللي يوقفك. بس بسمع منك وش تبغين أنتِ. مو اللي تحسين لازم ومو اللي تحسين ما يزعّلني ... أنت… وش تبين؟
ريا:  (عيونها تلمع) أنا أبغى… أبغى الوظيفة.إي. بس بعد أبغاك… وما أعرف كيف نجمعهم بصورة وحدة. والي يقهرني إني ما وثقت فيك من البداية.
اراف:  (يمسك يدها بلطف) ريا… رغبتك في الوظيفة ما تعني رغبتك فيني أقل. وتمنيت تقولين لي من بدري، صحيح. ... بس بعد ودي أفهم ليه ما قلتي. يوم يطيح عليك قرار ضخم فجأة… يهدّ توازنك. أنا فاهم انك تبين الوظيفة… بدعمك بشكل كامل. بس لازم نتكلم عن وش يعني ذا على المدى الطويل… مع بعض.
ريا: يعني… مو زعلان؟
اراف: زعلان إنك شلتي الحمل لوحدك. بس مو زعلان من أحلامك.
ولا من طموحك. ولا من فرصة كبيرة جاتك. أنا بس أتمنى… أكون واقف جمبك وأنت تمرّين بهاللحظة.
ريا:  (تدمع وتبكي خفيف) ما أبي أخسرك.
اراف: ما بتخسريني بالمَسافة. تخسريني بس لو وقفتي تكلمينّي.
إذا قررتي قراراتك من خوف، مو من محبة ووضوح. بس اللي نسويه الحين… عكس ذا كله. الحين إحنا نتكلم. وهذا اللي ينقذ كل شي.
ريا: طيب وش نسوي؟ يعني عمليا؟
اراف: أول شي… نتنفّس. وبعدين نشوف التفاصيل. كم مدة النقل؟ دائم؟ مؤقت؟ ممكن يصير شغل عن بعد بعدين؟ نخطط للزيارات؟
وممكن أنا أنتقل بعدين لو الظروف سمحت؟ في مليون احتمال غير ننفصل.
ريا: أنا… حتى ما فكرت بكل ذا. شفت العرض وانفجعت وفكرت كل شي بينهار.
اراف: أنتِ تشوفين الانهيار. وأنا أشوف الحلول. وهذا اللي يخلّينا نمشي سوا.
ريا:  (تضحك وهي تبكي) تسوّي كل شي بسيط.
اراف: مو بسيط. بس نقدر نتعامل معه. وأنتِ مو لحالك خلاص.
ريا: شكراً…لأنك ما تركتني. ولأنك ما عصبت. ولأنك أنت.
اراف: أنا ما أروح مكان. إلا لو قلتِ لي… وبعد حتى لو قلتِ… بعاندك.
ريا: لا لا… لا تروح. ولا أفكر أقولك تروح.
اراف: تمام. كذا إحنا متفقين. الحين اشربي شايك قبل يبرد…
وبعدها نفتّح الإيميل سوا… ونقرأ التفاصيل مثل الناس العاقلين.
ريا:  تبتسم أخيرًا ... صدق أحِبّ ذا الشاي… مرّة.
اراف: وووو .... ريا؟
ريا: هلا؟
اراف: مرّة ثانية… لو شي كبير صار… كلّميني قبل ما تبدأ مرحلة “أنا بضيع”.
ريا: اتفقنا
(يجلسون سوا… والمطر من برا يخفّ شوي… وهم يميلون على اللابتوب).









المشهد 9 الزائر المفاجئ.
المكا: ليلة هادئة بالمنزل. نورا تجهز العشاء في المطبخ. ليو دخل البيت ومعه مقاضي البيت. دقة مفاجئة على الباب اربكة الجميع.

ليو:  (يحط الأكياس على الطاولة وهو يتمطّى) مو عرفتك كذا صراحة. كل مرة تكونين تركضين مع الوقت وتسبّين أكواب القياس كأنهم سرقوك. بصراحة أحترم روحك القتالية بالمطبخ.
نورا:  (تبتسم ابتسامة بسيطة) إي والله… اليوم غريب شوي. ودي يكون يوم هادي… لو الدنيا بس تتعاون مرّة وحدة. (يجي طَرق قوي على الباب. نورا تجمّد بمكانها).
نورا: وش ذا؟ ... قول لي إنه مو بابنا.
ليو: يعني… إلا لو جانا جني يعرف طق أبواب… أكيد أحد عند الباب. بس لا تشيلين هم، يمكن توصيله.
نورا: أنا ما طلبت شي. أنت طلبت شي؟
ليو: لا، بس إحنا بالقرن الواحد والعشرين. مرات توصل بكجات بدون ما أحد يعرف ليش. يمكن واحد من هالهدايا التجريبية اللي تسجلين فيها بالغلط دائماً.
(طرق ثاني… أقوى شوي).
نورا: أوكي… هذا أكيد مو توصيل. هذا شخص واقف ينتظر… وواضح مستعجل. ليو… بالله لا تقول إنك عزمت أحد بدون ما تخبرني.
ليو: والله ما عزمت أحد. أعرف وضعك مع الضيوف اللي يجون فجأة. تصيرين تعطين ذيك النظرة اللي كأنه آخر يوم لي بالدنيا.
نورا: ما أسوي كذا!
ليو:  (يبتسم بخبث) سويتيها قبل نص ثانية بس.
نورا:  (تتنفّس بعمق) خلاص… نشوف مين. بس لو واحد من ناس اشتراكات المكنسة، بدخل وراك وأتخبا.
(تفتح نورا الباب. واقفة بنت… شايلة شنطة سفر).
نورا: ...أوه. أوه لا.أوه لا لا لا.
ليو:  (يطل من فوق كتف نورا) لحظة— ذي… ميا؟
ميا: هلا نورا. هلا ليو. أدري جيتي مفاجِئة… وأدري المفروض أتصل قبل… بس… الأمور تعقدت شوي، وما كان عندي مكان أروح له.
نورا:  (مصدومة بصوت واطي) ميا… إنتِ هنا؟ ليش… مع شنطة سفر؟
ليو:  (يتقدم بقلق) إنتِ كويسة؟ شكلك كأنك جريتي طول الطريق لهنا!
ميا:  (تتنفس بنبرة مهزوزة) صراحة وصفك دقيق. شقتي صار فيها… خلنا نقول “كارثة سباكة"". السقف بدأ ينقط بعدها صار فيضان مجاري من فوق على البيت. أخذت اللي قدرت عليه وطلعت قبل أنجن.
نورا: يا ربي… شي يخوّف. بس ميا… المفروض كلمتينا! رسالة… فويس… حمام زاجل… أي شي!
ميا: أدري… أدري كان لازم. بس توترت. وإذا توترت… المنطق يختفي. جيت هنا على طول… حسيت هالمكان هو الأمان الوحيد اللي طرى على بالي.
ليو:  (بلطف) مو لازم تتعذري بسبت التوتر. أهم شي إنك هنا وكويسة.
نورا: إي… وإنتِ تمام؟ بس ميا… كم ناوية تجلسين؟
ميا:  (بتردد، صوتها صغير) أنا… بصراحة مدري. يمكن ليلة… يمكن ليلتين. الفنيين قالوا يمكن أسبوع لين الشقة تصلح. بس والله ما أتوقع منكم تستضيفوني كل هالوقت.
ليو: هااا، لا تقولي كلام ما صار. إنتِ مثل الأهل. ولو احتجتي مكان، بنلقى حل سوا.
نورا: إي… بس تمنيت نعرف قبل. أنا أحتاج أجهز نفسي إذا تغيرت الخطة فجأة. مو إني مو ودي فيك… بس عقلي يحتاج وقت يستوعب ضيف في البيت.
ميا:  (تهز راسها سريع) فاهمة، فاهمة يا نورا. وبصراحة آسفة إني فجأة نطّيت عليكم. وإذا يريحك… أنام بالصالة… وما ألمس أي شي. أصير مثل الابجورة بالزاوية.
ليو:  (يضحك بخفة) ما نبيك تصيرين ابجورة. بس خذي نفس، يومك كان طويل وصعب.
(ميا تدخل. نورا تسكّر الباب ببطء وهي لسا تستوعب).
نورا: طيب… أوكي. خلّونا نجلس شوي. ميا، تبين شاهي؟ أظن الغلاية لسا دافية.
ميا: الشاهي ممتاز. أي شي دافي ممتاز. جسمي كامل حاس إنه قطعة ثلج ترجف توتر.
ليو: تبين تتكلمين عن اللي صار؟ ولا تبين تجلسين ساكته وتطالعي بالجدار لين مخك يشغل نفسه؟
ميا: يمكن مكس؟ لأن لو بديت أشرح كل شي، بنخنق بكاء… وودي أحافظ على كرامتي خمس دقايق زيادة.
نورا:  (ترجع معا شاهي، صوتها أرق) تفضلي… بابونج.
يمكن ما يصلّح سقفك الخربان… بس يمكن يهديك شوي.
ميا:  (تمسك الكوب ويدها ترجف) شكراً. صدق… شكراً لأنكم فتحتوا لي الباب بدون ما تحسون إني حمل زيادة. أنا جيت بأسوأ توقيت.
ليو: أسوأ توقيت كان لو جيتي يوم نورا رتّبت دولاب البهار. إنتِ جيتي قبل الكارثة.
نورا: ليووو— لا تفضحني.
ليو:  (يبتسم) مو فضيحة… هذا تذكير إنك تصيري تضحكين لما تتوترين.
نورا: مو… أوكي شوي.
ميا:  (تبتسم ابتسامة حقيقية أخيراً) حلو أضحك لأول مرّة اليوم.
ما توقعت كيف كنت مشدودة إلا الحين. وجودكم يخفف رهبة الأشياء دائمًا.
نورا: شوفي… أنا ما أحب المفاجآت، صحيح. بس أحبّك. وفرحت إنك جيتي هنا بدل تقعدين لحالك في شقتك اللي تحولت لحوض سمك.
ميا: شكراً… يعنيها لي كثير.
(لحظة هدوء. كلّهم يتنفسون).
ليو: طيب… وش الخطة؟ نلقى سكن مؤقت بكرة؟ ولا تبين تقعدين معنا لين نعرف وش الخطوة الجاية؟
ميا: إذا… إذا فعلاً ما يضايقكم… أبغى أجلس ليلتين. لين أعرف التأمين وش وضعه… وين أعيش وهُم يصلحوا سقفي.
نورا: تمام. بنرتّب المكان. بس… عطيني فرصة أتهيأ نفسيًا قبل نحرّك الأثاث، أوكي؟
ميا: أكيد. أنام حتى بالزاوية جنب الرف، أصغّر نفسي وأختفي.
ليو: لا تقولين كذا. لا إنتِ صغيرة، ولا ثقيلة علينا. إنتِ محتاجة مساعدة… وإحنا هنا أهلك ... خلاص.
نورا: بالضبط. بس مرّة ثانية… حتى لو حالة طارئة… أرسلي خمس ثواني رسالة، عشان ما أفتح الباب وأنا حاسة بكمين تصوير مفاجئ.
ميا:  (تضحك من قلب) تم.أوعدكم. لا مزيد مفاجآت بشنطة سفر… إلا إذا نبهتكم.
ليو: حلو. الحين نجلس، ناكل شيء، ونخطط لبكرة. بدون استعجال. بدون توتر. بس نهدى.
نورا: وبعد… حلا. حاسّه الليلة تحتاج حلا.
ميا: والله… هذا الكلام الصح.
(تنخفض الإضاءة… وهم يجلسون حول الطاولة، أخيراً مرتاحين).














المشهد 10





رايلي: (يدينها متشابكة، تطالع قدّام) يعني… شكله أخيراً بنسويها. بنجلس ونتكلم مثل الناس الكبار بدل ما نسوي إنه ما في شي. أنا لي أيّام أنتظر هالسالفة، تصدق؟
سام: (يتنفس ببطء وهو يلعب بسحاب الجاكيت) إي… أدري.
وأسف إنّي طولت لين أتكلم. أنا بس… كنت أحتاج وقت أفكّر كيف أشرح كل اللي صار بدون ما أطلع ملخبط أو درامي… مع إني غالباً بطلع كذا.
رايلي: أنا أحب الصراحة الملخبطة على السكوت اللي عطيتني إياه بصراحة. سام، حسّيتك اختفيت من الكوكب. حتى ميمز ما ترسل! أنت دايما ترسل لي ميمز!
سام: هذي أكبر علامة إنه في شي غلط. إذا ما قدرت أرسل حتى ميم بسس غبي… معناته عقلي مو في أحسن حالاته.
رايلي: (تلتفت له شوي بنبرة ألين) انت صادق. بس تقدر تشرح لي وش صار؟ لأنه من جهتي حسّيت كل شي طبيعي… وفجأة اختفيت كأنك تهرب مني.
سام: ما كنت أهرب منك. كنت أهرب… من السالفة نفسها. اللي أدري إنها تقريباً نفس الشي… بس النية غير، والله.
رايلي: سام… أنت تلف وتدور. وش السالفة؟
سام: (ياخذ نفس طويل) الرسالة اللي رسلتيها الأسبوع الماضي.
لما قلتي: “نحتاج نتكلم بأقرب وقت.” أدري الحين الموضوع يضحك… بس ذيك الكلمة دخلتني في حالة خوف.
حسّيتك بتواجهيني بشي قوي… أو بتقولين ما تبين صداقتنا… أو مدري… شي كبير.
رايلي: (ترمش، مصدومة) سام… كنت أقصد نتكلم عن تخطيط رحلتنا! رحلة القروب! اللي قلت تبغى تنسقها معي! حطّيت بعد ابتسامة!
سام: (اووهمم اممم) أدري… أدري. طوّلت أتأمل الابتسامة ذيك… وبرضو أقنعت نفسي إنها ابتسامة خبث لطيفة. الابتسامة اللي الناس يحطونها قبل ما يقولوا لك الخبر السيء.
رايلي: أنت فسّرت ابتسامة على إنها تهديد؟
سام: واضح إيه. عقلي يحب يتخيل… بس بدون فايدة.
رايلي: (تهز راسها وتبتسم رغم عصبيتها) يا الله يا سام… والله لو في جائزة لاستخراج دراما من الهوا… تفوز فيها بسهولة.
سام: قولي والله. تراني اليوم الثاني قعدت أحلل الرسالة كأنها شفرة من الـ FBI.
رايلي: كان بس تسألني وش أقصد!
سام: أبغى… بس تجمّدت. وكل ما طولت، صار أصعب أرجع أرسل. وبعدين أقنعت نفسي يمكن المسافة أحسن… مع إن ما كان له معنى… وبعدها دخلت بالدوامة— والحين إحنا هنا.
رايلي: إيه… هنا. شخصين كبار قاعدين بحديقة بالليل… لأن واحد منهم خاف من ابتسامة.
سام: إذا تقولينها كذا… الوضع يصير أسوأ.
رايلي: مو قصدي أحسسك بالذنب. أحاول أفهمك. لأن بصراحة… اشتقت أكلمك كل يوم. اشتقت لفضفضتك الغريبة… وآرائك الغريبة بالأكل… وطريقتك الدرامية بكل شي. المكان فاضي بدونك.
سام: (عيونه تلين) تشتاقين؟ ... كنت أحسب إني غالباً أزعجك نص الوقت.
رايلي: إيه تزعجني أحيان… بس مو بطريقة سيئة. أنت تجيب… مدري… حياة. حركة. فلما اختفيت فجأة… أنا بعد صرت أفكر كثير.
قلت يمكن قلت شي غلط… أو يمكن صداقتي لك ما كانت كفاية…
أو يمكن إني ما عاد صرت مهمّة له.
سام: رايلي… لا. بالله لا. أنت من أهم الناس بحياتي. وفكرة إنك ظنيتي ما يهمني… هذي توجع أكثر من كل شي ثاني.
رايلي: طيب ليه ما قلت لي؟ ليه ما قلت: “أنا خايف من الابتسامة”؟
سام: استحيت. أنا أعرف انه ما هو منطقي. وأعرف إنه اخترع مشاكل من ولا شي. واعترف لك بهالشي ... لشخص أهتم فيه… يحسّسني إني أكشف أضعف جزء فيني.
رايلي: بس هذا هو الموضوع يا سام. مو لازم تخبي الضعف حقك.
أحب أعرف وش تمرّ فيه… بدل ما أجلس أتخيل إني أنا السبب.
سام: (صوته أهدى) بحاول… صدق بحاول أتكلم قبل ما مخي يقلب كل شي لفيلم كارثي.
رايلي: تمام. لأني ما أبيك تختفي عني مرّة ثانية. وإذا أرسلت لك ابتسامة خبث صدقني بتعرف… بتكون ذيك الابتسامة اللي لها شكل مرعب واضح.
سام: (يضحك أخيراً) أوكي… ذي حقيقة تخوّف.
رايلي: شفت؟ كلام واضح.
سام: بس من جد… أسف. أني سكّرت الباب. وأنا خليتك تحسين إنه سحبت عليك. وأني تخيلت الأسوأ بدل ما أسأل.
رايلي: سامحتك. بس لا تعيدها. ولا تخلي الإيموجيز تتحكم بحياتك النفسية.
سام: ذي ما أقدر أضمنها… بس بحاول.
(لحظة هدوء مريحة بينهم).
رايلي: طيب… دام صفينا الجو… نرجع نخطط الرحلة؟ القروب يسألوني كل يوم مين يحجز الأكواخ… وأنا مخليّة الوضع كأنه كله تحت السيطرة.
سام: إي بالله… خلّينا نتكلم عن شي ما له علاقة بقلقي بسبب علامات الترقيم.
رايلي: تمام. لقيت كوخ عند بحيرة… له منصة كبيرة تطل عاليها. توقعت يعجبك لانك كل مرة تقول إن منظر الموية يهدي مخك.
سام: تذكرين ذا؟!
رايلي: أكيد. يمكن تشوفني سيدا… بس أنتبه. خصوصاً لك.
سام: شكراً…من جد. ...على صبرك… رغم إنك أكيد ودك تخنقيني.
رايلي: إي، ودي أخنقك. بس ودي أفهمك أكثر بعد.
سام: قدّرت هالشي. وأوعدك… المرة الجاية إذا خوّفني شي… بقول قبل ما أدخل في دوامة “إيموجي يدمّر حياتي”.
رايلي: ممتاز. لأني مو مستعدة أخسر أسبوع ميمز ثاني بسبب قلقك.
سام: تم. على فكرة… شكراً إنك جيتي اليوم… أعرف الوقت متأخر.
رايلي: عشانك؟ أجي لو الوقت أكثر من كذا بعد.
(يتبادلون ابتسامة دافية… والجو يتصفّى أخيراً).






المشهد الأول
المكان: صديقين، مايا وجون ويتشاركوا صباح بطيء في شقتهم. يسو قهوة سوا، يسو طقوسهم اليومية من الاسترخاء، ويشوفوا الرسائل الوصلتهم.

مايا: (تشد ذراعيها وتطالع قدّام وهي","بطاقاتي. هويتي. بطاقة المكتبة. يا ربيي، وش بيصير لو واحد استعار كتب باسمي
{صمت}
لا تتريق. ترا الوضع جد.
{صمت}
قسم اللحوم. أخذت شرايح تركي ، والبنت الشغالة هناك طوولت إلى ما تقطعهم. حسيت أني كبرت عشرين سنة","مايا: (تجلس منهارة) انتهيت. بطاقاتي… هويتي… بطاقة المكتبة! يا ربيي، وش بيصير لو واحد استعار كتب باسمي!
مايا: لا تتريق! ترا الوضع جد!
مايا: قسم اللحوم… أخذت شرايح تركي ، والبنت الشغالة هناك طولت إلى ما تقطعهم… حسيت أني كبرت عشرين سنة!",4,4,True,0.257889,0.257889,0.0,0.264947,0.219275
6,Arabic_SA,https://d2r5sftrozu18z.cloudfront.net/uploads/audio-segmentation/1095/2_hours/2_hours_Segment_005.wav,"لينا: ياااااااه! رد. ما أقدر اشوف. ثيو، اقرااه.
لينا: (متجمدة) ""هممم""؟ وش تقصد بـ ""هممم""؟ ثيو، لا تعلقني!
لينا: (تفقد توترها فجأة) …آهاااا.
لينا: (بحرج) أكرهكم كلكم.

ed,","لينا ياااااااه. رد. ما أقدر اشوف. ثيو، اقرااه.
لينا هممم؟ وش تقصد بـ هممم؟ ثيو، لا تعلقني.
لينا .آهاااا.
لينا أكرهكم كلكم.

ثيو،","ياااااااه. رد. ما أقدر اشوف. ثيو، اقرااه.
هممم؟ وش تقصد بـ هممم؟ ثيو، لا تعلقني.
.آهاااا.
أكرهكم كلكم.

ثيو،","لينا: ياااااااه! رد. ما أقدر اشوف. ثيو، اقرااه.
لينا: هممم؟ وش تقصد بـ هممم؟ ثيو، لا تعلقني!
لينا:  …آهاااا.
لينا:  أكرهكم كلكم.

ثيو,","المشهد ١ — دراما رسالة الجوال الغامضة
المكان: غرفة جلوس هادئة، آخر النهار. الجوال يهتز بلا توقف.
لينا: (تتنهد بضيق) ثيو! يا الله!، لازم تشوف ذا. الحين.
ثيو: (يتثاءب) وش فيه الحين؟ نهاية العالم خلاص؟ أو برجك الغبي حذرك؟
لينا: لا! أخَسْ. شوف… (تمد له الهاتف) ليه أليكس أرسل لي: ""أَبِيكِ بكلمة"".
ثيو: (شهقة) أخطر أربع كلمات في اللغة العربية.
لينا: بالضبط! صح؟ وش يقصد بها؟ ""أَبِيكِ بكلمة"". عن وش؟ وليه؟ متى؟ ووين؟ وعن وش؟
ثيو: (آآه تنهد) لينا، اهدي. ممكن بس يبي رأيك.
لينا: (تهز رأسها)  ممم ما في واحد يقول ""أَبِيكِ بكلمة"" لشيء عادي يا ثيو. هذه لغة جادة. لغة المواجهات. لغة ال…
ثيو: (يقاطعها) لغة الدراما اللي اخترعتيها بنفسك.
لينا: (تتأوه) كنت أعرف. حياتي صارت مسلسل. وأنا ما أدري.
ثيو: (يضحك) أنت السببتيها. أنت تحبين الدراما. تتنفسينها.
لينا: (منزعجة) هممف كييف؟ ما أحب الدراما أبد.
ثيو: (مستمتع بضحكة خفيفة) لينا، الأسبوع الماضي بكيتِ على إعلان… عن كورن فليكس.
لينا: (تدافع) كان يحزن! الأب اعتذر لأنه أكل آخر صحن!
ثيو: (يضحك) اييييه ببكي من الأحاسيس.
لينا: (تتمشى بقلق) طيب، ركّز اممم    وش اسوي؟ أرد؟ أسحب عليه؟ أقوله إن الواي فاي خرب ثلاثة أيام؟
ثيو: (آآآه تنهد) اسأليه بس وش يقصد.
لينا: (تصدم) بس كذا؟! ثيو، ترا ذا وضع حساس. ما تقدر تسأله كذا وش يبي. هذا… هذا يخرب الاحاسيس!
ثيو: (يضحك) أنت غبية. هي كلها شوية كلمات.
لينا: نعم! كلمات تخرب باقي اسبوعي!
ثيو: (يبتسم) دراما ما تخلص.
لينا: (بقلق خفيف) طيب، بأكتب: ""أوكي، وش فيه؟"" كذا تمام؟ رزين؟ غريب؟ لطيفة؟
ثيو: (هممممم) لينا… حلو. رد طبيعي. زي سويسرا ... محايدة.
لينا: (تكتب بسرعة) طيب. أرسلت. الحين نتوتر.
ثيو: (يضحك) أنت متوترة أصلًا.
لينا: والحين عندي سبب رسمي.
(الجوال يهتز)
لينا: ياااااااه! رد. ما أقدر اشوف. ثيو، اقرااه.
ثيو: (ينظر للهاتف) هممم.
لينا: (متجمدة) ""هممم""؟ وش تقصد بـ ""هممم""؟ ثيو، لا تعلقني!
ثيو: (يبتسم) اهدي. يقول إنه يبي يساعدك في جدولة حفل مفاجئة لصديقتك نورا.
لينا: (تفقد توترها فجأة) …آهاااا.
ثيو: (ينفجر ضاحكًا) سويتي دراما كبيرة علشان ذا بس؟ 
لينا: (بحرج) أكرهكم كلكم.
ثيو: لا، لا تكرهين. أنتِ تحبين الدراما… والدراما تحبك.
 
 
 
المشهد ٢ — أزمة القهوة في المقهى
المكان: مقهى مزدحم، وقت الصباح.
لينا: (متوترة) ثيو. حياتي انتهت. مرة ثانية.
ثيو: (يشرب القهوة) خليني أخمّن… خَلَص حليب الشوفان؟
لينا: نعم! كيف عرفت؟
ثيو: لينا… هذا المقهى يخلص فيه حليب الشوفان كل يومين. طبيعي.
لينا: (آآآه) بس هم يعرفون أني أحتاجه. أنا ما أتحمل اللاكتوز… عاطفيًا وجسديًا.
ثيو: (يضحك) لاكتوز عاطفي؟
لينا: نعم. الحليب يجرح روحي.
ثيو: خذي حليب لوز.
لينا: (هاااعع) لوز؟ طعمه زي النكد مخلوط بخشب.
ثيو: (يضحك) يا الله! أنت درامية.
لينا:  والباريستا أعطتني نبرة لما سألت عن حليب الشوفان الموجود عندهم في المخزن.
ثيو: وش قالت؟
لينا: قالت: ""نحن ما نخبي الحليب في مخزن سري.""
ثيو: (يضحك) معها حق.
لينا: لكن قالتها بدون نفس يا ثيو. بدون نفس.
ثيو: (هاها) بدون نفس؟ اتصلي بالشرطة طيب.
لينا: بالضبط! لازم أقدم شكوى.
ثيو: بسبب الحليب؟
لينا: بسبب المبدأ. كنت أبغى قهوة طبيعية. لكن لااا… لازم تكون حياتي درامية.
ثيو: (يبتسم) الدراما تلحقك زي الكلب الوفيّ.
لينا: أنا ما أبِيهَا!
ثيو:  أنت حرفيا تجذبيها.
لينا: (آآآه) ممكن أوقف عن القهوة.
ثيو: (يضحك) حاولت من قبل ... صمدتي سبع ساعات.
لينا: الدنيا ما تحبني.
ثيو: على وش ما تحبك؟
لينا: ما أدري… ممكن لأني الأفضل.
ثيو: (قهقه) أكييد.
 
 
 
 
 
 
 
 
 
 
 
المشهد ٣ — كارثة قروب الشات
المكان: نفس المقهى، بعد فترة في الصباح.
لينا: (تنظر لهاتفها) لااا… ثيو، شوف. شوف!
ثيو: (يميل نحوها) وش فيه الحين؟ خلص الحليب بَعَدْ؟
لينا: أخَس. القروب مولّع.
ثيو: (اوووف) يا ساتر. وش فيه؟
لينا: واحد سأل: ""أي فيلم نشوف الليلة؟"" والحين فيه… 42 رسالة في دقيقتين.
ثيو: (هاهاهاها) هذي فوضى، مو دراما.
لينا: لا، دراما حقيقية. شوف ... إيلا تبغى رعب. بن رافض لأنه ""ما يتحمّل الرعب"". ميرا تشوف بس رومانسي. وجونا يبغى وثائقي… عن السحالي.
ثيو: (هاهاهاهاه) سحالي؟!
لينا: نعم! والأدهى والأمر… واحد منهم كتب اسمك وقال: ""ثيو يحدد"".
ثيو: أنا؟ ليه أنا؟
لينا: لأنك المحايد. يعتبرونك وسيط سلام.
ثيو: (ساخر) مسؤولية كبيرة ذي.
لينا: ثيو، لازم تختار بحكمة. هذا مجلس أمم متحدة.
ثيو: لينا… هو بس فيلم.
لينا: (تهمس بانفعال) لا. هذه سياسة اجتماعية.
ثيو: طيب… اختار… كوميديا.
لينا: يا ربيي… خطأ. بِن يكره الكوميديا. إيلا تقول الكوميديا ""سطحية عاطفيًا"". وميرا تبكي على الكوميديا أكثر من الرومانس.
ثيو: كيف؟
لينا: ما في منطقية. القروب ذا يدمّر العلاقات.
ثيو: (آآآخخ) أنتم كلكم مجانين.
لينا: (شهقة درامية) نحن! الحين القروب كله يصارخ لأن جونا ما يبغى غير السحالي.
ثيو: (هاهاهاهاها) أفضل خبر سمعته ذا الأسبوع.
لينا: كابوس… كابوس زواحف.
ثيو: تبين حل؟
لينا: نعم! أنقذنا!
ثيو: (يكتب) يلا، أقول: ""خلا نصوّت"".
لينا: (اوووه) أنت عبقري.
ثيو: أعرف.
لينا:  والحين ننتظر…
(لحظة انتظار)
لينا:  الحين في 15 صوت، 10 منهم كوميديا.
ثيو: قلت لك. الديمقراطية تفوز.
لينا: (تنهد) ثيو… انت أنقذت العالم.
ثيو: (هاهاهاهها) مبروك لنا.
لينا: بصراحة، حياتنا مليانة دراما.
ثيو: حياتك أنت. أنا بس الشخصية اللي تصلح الفوضى حقتك.
لينا: (هيهيهي) وأنت تحب تصلحها.
ثيو: (هاهاهاهاهها) يمكن.
 
 
المشهد ٤ — كارثة المحفظة الضائعة
المكان: خارج السوبرماركت، آخر النهار.
مايا: (مذعورة) جوردان! جوردان! جوردان! محفظتي ضاعت! دورت في شنطتي مرتين ... لا ثلاث ... يمكن خمس... مو في! اختفت!
جوردان: (بهدوء يشرب) تمام… متى آخر مرة شفتيها؟
مايا: (تلوّح بيديها) ما أعرف! يمكن في المحل، في السيارة… لااا أدري! أنا بنجن!
جوردان: طيب… اهدي. وين كنتي لما عرفتي إنها مو معك؟
مايا: (تشير لمقعد) هنا! جلست، حاولت أخذ مفاتيحي، وفجأة… الدنيا قررت تعاقبني.
جوردان: يعني المحفظة تبخرت؟
مايا: يمكن! يمكن صارت لها أرجل! وهربت تعيش حياتها الخاصة.
جوردان: محفظتك هربت؟ هذا تفسيرك؟
مايا: لا تضحك علي في مصيبتي!
جوردان: (يضحك) ما اتريق عليك، بس الاحظ الدراما حقتك… طيب خلنا نرجع كم خطوة ونتأكد. دخلتِ السوبرماركت، وبعدين وين رحتي؟
مايا: رحت لقسم الخضار… أخذت تفاح… بعدها رجعته ما عجبني. بعدين…
جوردان: مايا. ركيزي. طلعتي المحفظة وقتها؟
مايا: يمكن؟ مسحت البطاقة وأنا طالعة، بس ما أدري إذا بالمحفظة ولا الجوال؟ لااا… ممكن تركتها عند الكاشير؟ ماذا لو واحد سرقها؟
جوردان: (يطبطب) هي محفظة، مو كنز وطني. نروح نسأل—
مايا: (تمسك ذراعه) لا دقيقة! فتش شنطتي! يمكن تلقاها لأني ما أشوف!
جوردان: تريديني أغوص في الثقب الأسود اللي تسميه شنطة؟
مايا: نعم! لأني ما أثق بنفسي
جوردان: (هممم) خلنا نفتش ... فواتير… أقلام؟ ليه 17 قلم؟ و… سناكات. وأكيد ما في محفظتك.
مايا: (تجلس منهارة) انتهيت. بطاقاتي… هويتي… بطاقة المكتبة! يا ربيي، وش بيصير لو واحد استعار كتب باسمي!
جوردان: نعم، أكيد ذي المشكلة! مو فلوسك أو بطاقة البنك ... المشكلة الحقيقية هي غرامات تأخير الكتب.
مايا: لا تتريق! ترا الوضع جد!
جوردان: طيب… وين كنت قبل قسم الخضار؟
مايا: قسم اللحوم…  أخذت شرايح تركي ، والبنت الشغالة هناك طولت إلى ما تقطعهم… حسيت أني كبرت عشرين سنة!
جوردان: واستخدمتِ المحفظة؟
مايا: لا ... ما ادري الصدق. إلا لو استخدمتها! أو لا. يا الله! أنا عديمة المسؤولية.
جوردان: (يضحك). أول خطوة: الاعتراف أنك غير موثوقة.
مايا: (آآآه) انتظر ... يمكن تركتها في السيارة!
جوردان:  ما فتشتيها؟ 
مايا: بعيوني بس! يمكن كانت متخبية عن عيني.
جوردان: محفظتك ما هي كائن حي يتحرك ويتخبى لحاله.
مايا: أنت ما تدري! يلا نروح السيارة.
(يذهبون للسيارة)
جوردان: (يفتش) همم، يلا! وقت التفتيش الصح. جانب الكرسي ... درج الراكب ... الدرج بين الكرسين ... تحت السيارة ... لا، ما في شيء.
مايا:  اوووف، خلاص بس… كذا بأتصل بالشرطة.
جوردان: يعيني وش بتقولي؟. ""هلا، نحتاج حملة تفتيش عن محفظة عليها ورود.""
مايا:  ها وش أسوي؟
(رجعوا للمتجر)
مايا: (متوترة عند الكاشير) اممم السلام عليكم، \ لو سمحتي في أحد سلّم محفظة ضايعة؟ عليها ورد وشكلها حلو، فيها حياتي كلها؟
الموظف:  (تتأكد الموظفة) لا، للاسف.
مايا: (تهمس) ما حطلع من البيت مرة ثانية.
جوردان: سؤال!… جربتي جيوب الجاكيت حقك؟
مايا: مستحيل. أنا ما أحط شيء فيها. صغيرة مرة.
جوردان: مايا. تأكدي.
مايا: اااخ طيب (تحط يدها بجيبها)… انتظر… لحظة…
جوردان:  ااخ ... لا تقولي…
مايا: (تسحب المحفظة من الكم) مستحييييل!!
جوردان: (ينهار ضاحكًا) في جيبك… طول ذا الوقت في جيبك
مايا:  ماني فاهمة! ما قادرة استوعب الموضوع! 
جوردان: مبروك. القضية تقفلت. المحفظة ما هربت.
مايا: مستحيل. في واحد حطها في جيبي.
جوردان: إيييه صح، عميل سري دسها في جيبك.
مايا: وقف لا تِنَكِت علي!
جوردان: يا عالم… أكثر إنسانة درامية.
مايا: أكرهك.
جوردان: لا. ما تقدرين.
مايا: …يمكن. بس لا تقول لأحد عن الحصل.
جوردان: حكلم الكل.
مايا: جوردااان!!!!
جوردان: (يضحك) محققة المحافظ، يلا نرجع البيت قبل تضيعي الجاكيت حقك.
 
 
 
 
 
 
 
 
 
 
 
 
 
 
 
 
 
المشهد ٥ — انهيار نهاية الأسبوع
المكان: غرفة ريا، مساء الجمعة. السناكات على الطاولة والجوال يرن كل فترة.
ريا: (تدخل الغرفة) نوح! عندنا كارثة حتنهي العالم.
نوح: (من دون يطالع فيها) خليني أخمّن… وقفوا إنتاج شبسكك التحبيه؟
ريا: أسوأ! حجزت لنفسي… أربع مناسبات مختلفة… بيوم واحد!
نوح: أربعة؟
ريا: نعم! السبت بيقتلني!
نوح: طيب وش هي؟
ريا: أول وحدة: فطور عيد ميلاد بنت خالتي… لو ما حضرت بتبكي. 
نوح: يعني مناسبة أهل إجبارية.
ريا: الثانية: صديقتي تارا تنقل من بيتها وقالت ""أنت الوحيدة اللي ما تكسرين الأشياء"". ضغط كبييير علي.
نوح: غلطانة المسكينة.
ريا: الثالثة: ورشة الفخار اللي أنتظرها من سنة. دفعت فلوسها وما بترجع، روحي الإبداعية تبكي.
نوح: هممم هممم وش الرابعة؟
ريا: الرابعة: رحلة تسلق، مع فريق الشغل.
نوح: يعني إفطار… نقل… فخار… تسلق. في يوم واحد؟
ريا: إيه! ليه سويت بنفسي كذا؟
نوح: صراحة… إنجاز. تراكم عدى خيالي.
ريا: نوح! ما أقدر أكون في أربع أماكن مرة وحدة! أنا مو سوبر مان!
نوح: طيب، خلينا نشوف توقيت كل حدث.
ريا: الفطور الساعة 10. النقل الساعة 9 لكنها قالت ""تعالي وقت ما تبين"". الفخار الساعة 1. التسلق ""العصر"".
نوح: وتبين تحضري لكل ذي المواعيد؟
ريا: بالضبط! وهذه هي المشكلة!
نوح: هااهاهاه تقدرين على اثنين… يمكن ثلاثة لو عندك الانتقال السريع زي الانمي.
ريا:   اوووف يا ليتني أقدر انتقل بسرعة.
نوح: طيب… وش المناسبة الما تقدري تتأخري فيها؟
ريا:  همممم الفخار حدث لمرة وحدة ومحجوز من أول.
نوح: طيب كذا ثابت ... ووش بعد؟
ريا: الفطور، مشاعر قريبتي في خطر لو ما جيت. وكيكة مجانية.
نوح: الاهل الأقرب. كذا الفطور والفخار هي الثابتة. 
ريا: كمان حبكي لو ما رحت للفخار.
نوح: تمام. التسلق والنقل، و ... وين ناقلة صديقتك؟
ريا: بالاتجاه الثاني من المدينة. حرفياً.
نوح: والتسلق؟
ريا: طريق ما سمعته من قبل. والكثير من الحشرات.
نوح: يعني ما تبي تروحي؟
ريا: لا، بس لازم اروح. تلاحم الفريق، ونقاط توظيف حلوة. أنت تعرف، الوظيفة وانك تكون مسؤول.
نوح: هيهيهي. مشاكل موظفين.
ريا: للأسف.
نوح: طيب، عندك مناسبتين وبالكثير ثلاث وكنسلي الباقي.
ريا: أكنسل! أكنسل!! تستهبل! كلهم حيظنوا اني عديمة مسؤلية! حيقصوني من المجتمع وأصير منبوذة.
نوح: انتِ مو حتنطردي من المجتمع لانك ما رحتي لرحلة تسلق!
ريا: أنت ما تدري.
نوح: ههاهاهاها. طيب، وش رأيك لو كلتمي صديقتك أنك بتساعديها  في اليوم البعده؟
ريا: هممم قالت انها حتفك أغراضها نهاية الأسبوع كله.
نوح: بالضبط، ساعديها اليوم كله.
ريا: ذا ممكن ينفع ...
نوح: حلو، كذا باقي التسلق.
ريا: اااااخ التسلق!
نوح: ودك تروحين؟
ريا: ولا دقيقة.
نوح:  طيب لا تروحي.
ريا: لكن!
نوح:  ما في لا. قولي عندك الحق تكون عندك حياة برا الشغل.
ريا: وش أقول؟ ""اسفة، ما حاسة بالطاقة والدراما معاكم""
نوح: هاهاها. بدون دراما، ارسلي لهم ""عندي إلتزام أكثر أهمية"".
ريا: مَلَلَ.
نوح: احترافي.
ريا: اوكي، لكن على الأقل أقدر أقولهم مشغولة بشيء مهم؟
نوح:انت تسوي شيء مهم. مناسبة فطور، وورشة فخار إبداعية.
ريا: كذا السبت عبارة عن إفطار وفخار. 
نوح: مناسبتين تقدري عليها مو جدولة زفت.
ريا: نوح أحس اني منتعشة!
نوح: هيهي. قلت لك. كان باقي لك شوي وتخشي في مصيبة.
ريا: قربت ارسل لهم رسالة طويلة مليانة أعذار وايموجيز.
نوح: هاهاها. كويس وقفتك. ما في أحد يحتاج يقرأ تقرير من الاعذار.
ريا: كذا اقدر ارتاح. يومي ما اخترب.
نوح: بالضبط، عديتي مصيبة الجدولة.
ريا: لا تخلي الوضع درامي.
نوح: تعلمت منك.
ريا: هييي
نوح: امزح معك. بس كويس عرفتي أولياتك، واخترتي اثنين منهم.
ريا: هيهي. شكرا نوح. حتى لو أنت تتريق علي طول الوقت.
نوح: بس شوي. ولو صار فيني كذا متأكد أنك حتضحكي علي.
ريا: أكيد. 
نوح: بالضبط، خلنا نرتاح الحين. انقذت يومك.
ريا: انا المستقبلية لازم توقف تقول نعم لأي شيء.
نوح: تكفى اكتبيها في ورقة صغيرة وعلقيها عندك.
ريا: أن شاء الله بسويها.
(الاثنين جالسين على الكنبة مرتاحين.)
ريا: والحين ... وش نسوي اليوم؟
نوح: أي شيء إلا زيادة مواعيد بكرة.
ريا: اتفق.





المشهد ٦ — الصوت الغامض عند منتصف الليل
المكان: شقتهما، منتصف الليل. سكون… أو ما يقاربه 
(يسمع صوت خبطة)
سام: (هاااع) ليلا! اصحي! اصحي الحين!
ليلا: (نصف نائمة) لا. مو صاحية. إلا لو الشقة تحترق. غير كذا، لا.
سام: أحس في أحد بالبيت.
ليلا: (بعينين مغلقتين) هذي الثلاجة. كل ليلة تسوي كذا. من زمان.
سام: لااا هذا ما كان صوت شيء اعرفه من البيت.
ليلا: سام، ترا كل الأصوات تخوف آخر الليل وكمان إذا انتِ خايفة. 
سام: تكفين! قومي. يمكن حرامي. أو حيوان. أو ... يا ساتر ...قطو معصب!
ليلا: قطو معصب؟ هذا اللي مخك فكر فيه؟
سام: القطاوا تتهاوش آخر الليل. حرامية صغار عندهم أظافر!
ليلا: آآآخ منك ... طيب، طيب. كيف كان الصوت.
سام: كان زيي… بووم. بس مو أي بووم. بووم من اللي تجيك وتقول ""الوضع خطير"".
ليلا: وصف مفهوم جداً يا عبقرية!
سام: ترا الوضع جد!
ليلا: (اووااه) بوقف لما ما توقفي عن الصرخة البخفيف ذي. 
سام: أهمس كذا عشااان ما ننسمع من الحرامي.
ليلا: لو فيه حرامي، كان سمع دقات قلبك. دقات طبول اعراس.
سام: طيب، طيب اسمع ... هذا هو مرة ثانية!
(صوت خفيف ثاني)

ليلا: سام… هذا كيس الشيبس اللي تركتيه على الطاولة. توه طاح. من قال ""بأكل بس ثلاث حبات"" وآخر شيء أكلت نص الكيس
سام: ذا قبل ساعات ليش يطيح الحين؟ ليش مو قبل؟
ليلا: الجاذبية؟ الوقت؟ حركاتك حقت كل يوم المضرة بصحتك؟ اختَر واحد فيهم.
سام: لا تنكتي! نحتاج نتأكد.
ليلا: لا، أنت تحتاج تنام.
سام: ليلااا تكفى. بس شوي تعالي معاي لو في غدرة.
ليلا: (تسك آآآخ) طيب! لو ما في شيء بتسوي بكرة بان كيك.
سام: تم.
(يتسللان في الممر)
سام: (يهمس) تحركي بشويش، وخليكِ وراي.
ليلا: ليه وراك؟ مو أنت اللي خايف. ومفروض تخليني درع لك.
سام: أنتِ أشجع.
ليلا: (اييه) أنا مو شجاعة… أنا تعبانة. ما يهمني لو نموت.
(يصمتان للحظات)
سام: هششش.
ليلا:  ما في شيء. ممكن نرجع الحيـــ
سام: انتظري! سمعت صوت!
ليلا: (اووف) ذا بطنك.
(يدخلون المطبخ)
سام: (يطالع من طرف الزاوية) (هممم) مصيبة أكبر مما توقعت.
ليلا: وش فيه؟
سام: باب الدولاب مفتوح شوي.
ليلا: يعني تركته مفتوح، زي كل مرة.
سام: لااا! والله إني سكّرته!
ليلا: (اوووف) سام… أنت تحلف كثير. وكل شيء أنت تسويه أصلا عكس!
سام: أنتِ ما تفهمين! لو في واحد فتحه؟
ليلا: زي وش؟ جني يدور على ملح؟
سام: ممكن.
ليلا: (ااااخ) جني دخل المطبخ ... في نص الليل ... بس يفتح الدولاب ويطلع؟
سام: لما قلتيها كذا ... حسيتها عبيطة.
ليلا: لأنها عباطة!

(صوت خفيف وكأنه كيس)
سام: شفت؟! أكيد في شيء في المطبخ
ليلا: (تنحني وتشوف) ايييه ... خلنا نشوف مسرح الجريمة. ... شوف! كيس الشيبس على الأرض.
سام: في واحد طيحه!
ليلا: شيء في الفيزياء اسمه الجاذبية وأنك حطيته مطرف على الرف.
سام: مستحييل! حطيته كويس على الرف.
ليلا: ... اووه صحييح. واضحة من عاداتك الكويسة.
سام: (اووف) خلنا نفتش في الصالة.
ليلا:سااام.ساااام. ترا نص الليل، ما حسوي تفتيش كامل للشقة!
سام: ما عليك، كلها دقيقتين.
ليلا: حتأخذ 10 دقايق! لانك تفتش زي العساكر.
سام: اسمه اتقان العمل.
ليلا: ذا اسمه الوسوسة.
(وصلوا الصالة)
سام: الستارة تحركت!
ليلا: لأنك مشيت. والهواء حركها.
سام: متأكدة؟ ممكن يكون ...
ليلا: لا تقول جني.
سام: طيب، حقول الهوا
ليلا: شفت! شيء معقول.
سام: لكن… ما فيه شباك مفتوح.
ليلا: طيب ... هذا غريب.
سام: قلت لك!
ليلا: لحظة… سكّرت باب البلكونة؟
سام: أظن؟
ليلا: تظن؟ سام! كذا تبدأ أفلام الرعب!
(يتفحصا الباب)
سام: (مرتاح)(اااه) مقفل.
ليلا: الحمد لله. يعني ما فيه شيء يخوف ...
(صوت حركة خفيفة)
سام: وش هذا؟!
ليلا: (خافت بس تتدعي الثبات) وكانه شيء يجلس.
سام: وش الي شيء يجلس؟؟
ليلا: مدري!!
سام:  سلة الغسيل طاحت!
ليلا: (شافت السلة) حطيت جزمتك الثقيلة فوق علشان كذا طاحت السلة.
سام:  الجاذبية مسوية شغلها الليلة.
ليلا: (هاهاهها) أنت اسمج انسان خايف قابلته.
سام:  سعيد أنه خوفي ضحكك.
ليلا: لآخر درجة، الحين أنا مصحصة.
سام: يعني تقتنعين إنه فيه شيء؟
ليلا: لا. مقتنعة أنك أنت المحتوى.
سام: لكن—
ليلا: سام… الأبواب مقفلة. ما فيه أشياء مكسورة. لا قطو. لا جني. كل شيء كويس.
سام: أكيد؟
ليلا:  يب أكيد.
سام: يمكن… بالغت شوي.
ليلا: شوي؟
سام:  اوكي ممكن كثير.
ليلا: بس عادي. أنت تخاف بالليل. سام الليل شخص ثاني.
سام: الظلمة والهدوء تخوفني.
ليلا: الخبر الحلو هنا انه خيالك هو الجني.
سام: (هاهاها) صحيح صحيح.
ليلا: يلا نرجع ننام… قبل ما يخوفك صوت الثلاجة.
سام: بس متأكد انه الشيبس ما طاح لحاله.
ليلا: (أييييه) أكييد ... طاح الشيبس لحاله لأنك ما تعرف تحطه زي الاوادم.
سام:  (هاهاهاها) ما ودك توقفي تريقة؟
ليلا: أبد ما بوقف.
(رجعوا للغرفة)
سام: شكرًا لأنك قمتي.
ليلا: عندي بانكيك. وقهوة.
سام: تم.
ليلا: وإذا سمعت صوت بعدين؟
سام: بأخذ نفس… قبل ما أتهم قطو شرير.
ليلا:  حلو التطور.







المشهد ٧ — كارثة الرسالة الخاطئة
المكان: غرفة مايا. عصر. مايا تمشي ذهابًا وإيابًا وهي تهتز من التوتر. جوردان يشرب شاي.
مايا: (مرتبكة) جوردان! جوردان! جبت العييد!
جوردان: (هادئ جدًا) خذي نفس… وش صار؟
مايا:  ما في وقت للهداوة ... أرسلت الرسالة.
جوردان: أي رسالة؟ أنت ترسلين ألف رسالة يوميًا.
مايا: مو هذي! أرسلت رسالة غلط وفي وقت غلط لشخص غلط!
جوردان: لمن؟
مايا: لمديري.
جوردان: …العييد ... وش ارسلتي فيها؟
مايا: تتذكر كلامي لك قبل شوي… لما قلت إنه ""يشغل الفريق مثل GPS خربان""؟
جوردان: لا تقولي—
مايا: أرسلته له! على رقمه الخاص! ومع إيموجيز!
جوردان: (اوووف) هذه… (هسسس) مصيبة والله.
مايا: أخيراً استوعبت المصيبة!
جوردان: هذي مصيبة بس كمان تحسها جرأة منك.
مايا: جرأة! أنا بنطرد، يحاكموني ويضيع مستقبلي، وحتى انخطف من ال HR
جوردان: ال HR ترا ما يخطفون الناس.
مايا: (اييييه) صدق؟ شكلك ما شفت ايميلاتهم. مليانة لهجة وعيد وتهديد تقول بيقتلوك.
جوردان: (هي هي) اوكي اسف.
مايا: وش اسوي الحين؟
جوردان: أول شيء اهدي. حفرتي الأرض من حركتك.
مايا: ما اقدر، لو وقفت بنفجر من التوتر والخوف.
جوردان: اوكي، انفجري بالراحة.
مايا: ما ابغى انفجر بالراحة. ابغى الغي الرسالة.
جوردان: جربتي تحذفيها؟
مايا:اكيد. بس الدنيا تكرهني. بس في زر حذف لدي، وما في حذف للجميع.
جوردان: ذا الزر الغبي ما منه اي فايدة.
مايا: بالضبط. وش اسوي الحين؟
جوردان: انتظري بس.
مايا: أنتظر! أنتظر!! جوردان أنا روحي ما تتحمل الانتظار.
جوردان: ما عندك حل، إلا لو تهكري جواله بطريقة الأفلام.
مايا: لا تغريني! ترا شوي واسويها.
جوردان: طيب طيب. خلنا نفكر بواقعية.
مايا: واقعية؟ يا جوردان، ما عندي غير أفكار سلبية.
جوردان: طيب، انت فكري بدرامتك وانا بفكر بعقلانية لنا الاثنين.
مايا: تم.
جوردان: اسوء شيء بصير أنه يقرأها ويطلب يكلمك علشان يعرف وش السالفة. 
مايا: يكلمني؟؟ هذه لغة ال HR علشان تجهز آخر كلامك
جوردان: لا، مرات يكون نقاش بسيط.
مايا: آخر ""نقاش"" خلوني فيه المسؤولة عن حفلات الميلاد.
جوردان: (آآخ) مثال زفت. نشوف شيء ثاني.
مايا: (ايييه) قاعدين يقروها. كنت أدري. ليه ما علقوا على الرسالة؟ ليه صارت صحين ازرق بدون رد؟ ليه ""يكتب الآن""
جوردان: علامة واحد يكتب؟
مايا: ايه. تظهر وتختفي. قاعد يكتب نهايتي. ويمسحني من الوجود.
جوردان: أو قاعد يكتب لستة السوق، وفتح شاتك بالغلط.
مايا: لا. يقصد يسوي كذا. هذه غلطتي لأني غلطت عليهم.
جوردان: كانت تضحك على الأقل.
مايا: جوردان. بالله وقف مدح تريقتي.
جوردان: اسف. طيب. خلنا ندور طريقة نخفف بها المصيبة الجاية.
مايا: ايييه بالله عليك. عطنا الكلمات للاعتذار المثالي.
جوردان: تمام. وش رأيك في ""هلا. انا اسفة، الرسالة ذي جاتك بالغلط"".
مايا: قصيرة، وتبين أني مو مهتمة.
جوردان: طيب. وش رأيك ""متأسفة جدا، في سوء فهم ...""
مايا: لا! كذا يصير كأني الغلطانة. ابغى شيء عادي بس محبطُ.
جوردان: نبرة عادية بس محبطة ... طيب وش رايك ""اعتذر عن الرسالة الغلط. اترسلت برا سياق السالفة""
مايا: برا السياق؟ ما في مبرر اني اذب على رئيسي برا السياق.
جوردان: ممكن تصير.
مايا: كيف؟ الا لو الدنيا اهتزت!
جوردان: تدرين! ممكن تصير كذا!
مايا: انا ما اطقطق يا جوردان! 
جوردان: صحيح، معليش. طيب، اعتذري وخلاص، من كل قلبك.
مايا: أضيف ايموجيز؟
جوردان: لا. أكيد لا. بدون ولا واحد.
مايا: ولا حتى وجه حزين؟
جوردان: لا. هذا بزيد المصيبة. الكبار ما يحطو ايموجيز في رسالة اعتذار.
مايا: اوكي. تمام. كتبت الرسالة.
جوردان: اقريها.
مايا: (تقرأ) ""السلام عليكم، انا اعتذر بصدق عن الرسالة الوصلتك سابقا، كانت لصديقتي. كنت افرغ توتري واحباطي لصديقتي، لكن المفروض اتعامل معه باحترافية. اعتذر لك بصدق"".
جوردان: ممتاز جدا.
مايا: أرسلها؟
جوردان: ارسليها.
(أرسلتها وندمت على مباشرة)
مايا: يا الله، يا الله! ليه سويت كذا؟ ليه خليتني أرسلها؟
جوردان: لأنه ذا الأصح. وأنت كبيرة ووقفي لعب العيال.
مايا: يكتب مرة ثانية!
جوردان: ممتاز. كذا تفاعل مع الرسالة.
مايا: أو ... أو قاعد يكتب رسالة طردي.
جوردان: انا متأكد انها ما تنكتب بجوال.
مايا: يسوها لو معصبين.
جوردان: اهدي. خلنا ننتظر.
مايا: طيب ... جوردان، مو قادرة اتنفس.
جوردان: تنفسي عادي، ما في مشكلة يا بنت!
(الجوال يهتز)
مايا: يا الله! رد.
جوردان: اقريها.
مايا: (تقرأ بشويش) امممم ""السلام عليكم، شكرا على صدقك. كلنا بنمر بلحظات احباط احيانا. بكرة خلنا نتكلم عن ستراتجيات تواصل افضل"".
جوردان: شفتي؟ ما طردك ولا دمرك ولا خطفك.
مايا: (آآآآآآه) يا الله، انا عايشة ... أنا عايشاااااة.
جوردان: مبارك عليك. نجيتي من حادث رسالة عظيم.
مايا: ما بسويها ثاني. من اليوم بتأكد ثلاث مرات قبل اراسل أي أحد.
جوردان: حلو
مايا: وببلكك وقت الشغل.
جوردان: هييي، وليه أنا الياخذ بلوك؟
مايا: لأنك تخليني اروح اشتكي بدراما كثيرة.
جوردان: ما تحتاجي حتى دفة مني.
مايا: اتفق معك ...
(ضحكوا سوا)
جوردان: ها ... تبين شاي؟
مايا: اييه، خله رايق ومظبوط. كأنه حضن.
جوردان: ابشري.
مايا: جوردان؟
جوردان: هلا؟
مايا: شكرا لك لانك انقذتني.
جوردان: بأي وقت. 















المشهد 8 – السر خرج للعلن.
المكان: اراف وريا يتشاركوا شقة. المساء. مطر برا. صوت المطر على الشباك. ريا تجلس على الكنبة، متوترة تقلب بجوالها. اراف تدخل ومعاها كوبين شاي.

اراف:  (يحط الشاهي بهدوء فوق الطاولة) سويت لك بابونج… النوع اللي يهدّيك، اللي تحبينه. حسّيت يمكن تحتاجينه اليوم. من الصبح وأنت ساكته… واضح إن في شي بخاطرك ما قلتيه.
ريا:  (تبتسم غصب وهي تطالع الكوب) يعطيك العافية… صدق. بس أنا تمام. بس… تعبانة شوي، تعرف؟ الشغل طويل… وأشياء تتراكم… يعني شي طبيعي.
اراف:  (يجلس جنبها شوي) ريا، الله يهدّيك. إحنا عايشين مع بعض من زمان وأعرف “تمامك” يوم يكون صِدق… ويوم تحاولين بقوة تسوين إنه ما في شي. واللي عندك الحين… مو ضغط شغل عادي.
ريا:  (تتنفّس بشوي رجّة) مدري يا أراَف… أحسني متلخبطة من الحياة يمكن. كل شي أحسه واجد الفترة ذي. وما أبي أسحبك معي للنكد.
اراف: بس أنا أبي تسحبيني إذا هذا بساعدك. مو لازم تشيلين كل شي بروحك. أنتِ تعرفين هالشي، صح؟
ريا: (نبرتها تلين) إي… أدري. بس ما كنت أبي أزيد عليك هم فوق همومك. أنت تتحمّل واجد.
اراف: ريا… قلقي يزيد لما تقفلي علي كذا. لما أشوفك شوي وتنهاري وتقولين لي “أنا تمام”… ذيك اللحظة تخوّف. والحين… أنا خايف، لأني حاس إن في شي غلط.
ريا:  (تطالع بعيد) مو إني ودي أخبيه… بس… ما كنت أعرف كيف أقوله بدون ما يكبر الموضوع… أو بدون ما تطالعني بنظرة ثانية.
اراف:  (يميل قدّام شوي) أطالعك بنظرة ثانية؟ وش يعني؟ وش ممكن تقولينه يخلي نظرتي لك تتغيّر؟ أنتِ ريا. انت الكون كله لي. ابَدّي من هالنقطة… وقولي لي.
ريا:  (يديها ترتجف شوي) اوكي… أوكي تمام. بس اوعدني ما تقاطعني… ولا تفترض شي قبل أكمل. تكفى. ما أبيك تستعجل.
اراف:  (يومّي براسه ببطء) أوعدك. بدون مقاطعة… بدون افتراضات. كلميني، يلا.
ريا:  (تاخذ نفس عميق) حاضر… من أسابيع صار لي شي، ما كنت متوقعة… ولا مستعدة له. جتني إيميلات… من مكتب المدير… عن فرصة نقل. كبيرة. بغير مدينة… وفعليًا بغير ولاية بعد. وما قلت لك لأني ما كنت متأكدة أصلاً أبغاها ولا لا. وبالأمس أرسلوا العرض الأخير… وأنا توترت وقفل مخي.
اراف:  (ساكت شوي، يستوعب) أنت… جاك عرض نقل؟ وعرض كبير بعد؟
ريا: إي. هو نفس الشي اللي كنت دايما أتمنى يصير… قبل أنا وإنت نبدأ نسوي حياة مع بعض. قبل كل شي يصير ثابت… وبيت… وطُمأنينة. أنا ما خبيته لأني بنقل. خبيته لأني ما أدري… أقدر أو لا؟  والمفروض إذا اختياري للوظية اخسرك ...
اراف:  (يتكي وراه، يتنفس ببطء) واو… أوكي. هذي صدق كبيرة. وما بكذب… جزء مني تمنى انك قلتِ لي من بدري، علشان لا تضغطي على نفسك. بس أنا موجود الحين. وبفهمك. وش تحسين بالضبط؟ متحمسة؟ خايفة؟ مترددة؟
ريا: صدق؟ كلهم. متحمسة لأنها خطوة كبيرة. وخايفة لأن ما أعرف وش يعني لنا. وحاسة بالذنب لأني كتمته. ومتلخبطة بين شي كنت أركض وراه… وبين شخص صار جزء من نفسي.
اراف:  (صوته ناعم وثابت) اسمعي… ما تحتاجين تختارين بيني وبين شغلك. هذا مو حب، هذا ضغط. وأنا ما أبغا أكون السبب اللي يوقفك. بس بسمع منك وش تبغين أنتِ. مو اللي تحسين لازم ومو اللي تحسين ما يزعّلني ... أنت… وش تبين؟
ريا:  (عيونها تلمع) أنا أبغى… أبغى الوظيفة.إي. بس بعد أبغاك… وما أعرف كيف نجمعهم بصورة وحدة. والي يقهرني إني ما وثقت فيك من البداية.
اراف:  (يمسك يدها بلطف) ريا… رغبتك في الوظيفة ما تعني رغبتك فيني أقل. وتمنيت تقولين لي من بدري، صحيح. ... بس بعد ودي أفهم ليه ما قلتي. يوم يطيح عليك قرار ضخم فجأة… يهدّ توازنك. أنا فاهم انك تبين الوظيفة… بدعمك بشكل كامل. بس لازم نتكلم عن وش يعني ذا على المدى الطويل… مع بعض.
ريا: يعني… مو زعلان؟
اراف: زعلان إنك شلتي الحمل لوحدك. بس مو زعلان من أحلامك.
ولا من طموحك. ولا من فرصة كبيرة جاتك. أنا بس أتمنى… أكون واقف جمبك وأنت تمرّين بهاللحظة.
ريا:  (تدمع وتبكي خفيف) ما أبي أخسرك.
اراف: ما بتخسريني بالمَسافة. تخسريني بس لو وقفتي تكلمينّي.
إذا قررتي قراراتك من خوف، مو من محبة ووضوح. بس اللي نسويه الحين… عكس ذا كله. الحين إحنا نتكلم. وهذا اللي ينقذ كل شي.
ريا: طيب وش نسوي؟ يعني عمليا؟
اراف: أول شي… نتنفّس. وبعدين نشوف التفاصيل. كم مدة النقل؟ دائم؟ مؤقت؟ ممكن يصير شغل عن بعد بعدين؟ نخطط للزيارات؟
وممكن أنا أنتقل بعدين لو الظروف سمحت؟ في مليون احتمال غير ننفصل.
ريا: أنا… حتى ما فكرت بكل ذا. شفت العرض وانفجعت وفكرت كل شي بينهار.
اراف: أنتِ تشوفين الانهيار. وأنا أشوف الحلول. وهذا اللي يخلّينا نمشي سوا.
ريا:  (تضحك وهي تبكي) تسوّي كل شي بسيط.
اراف: مو بسيط. بس نقدر نتعامل معه. وأنتِ مو لحالك خلاص.
ريا: شكراً…لأنك ما تركتني. ولأنك ما عصبت. ولأنك أنت.
اراف: أنا ما أروح مكان. إلا لو قلتِ لي… وبعد حتى لو قلتِ… بعاندك.
ريا: لا لا… لا تروح. ولا أفكر أقولك تروح.
اراف: تمام. كذا إحنا متفقين. الحين اشربي شايك قبل يبرد…
وبعدها نفتّح الإيميل سوا… ونقرأ التفاصيل مثل الناس العاقلين.
ريا:  تبتسم أخيرًا ... صدق أحِبّ ذا الشاي… مرّة.
اراف: وووو .... ريا؟
ريا: هلا؟
اراف: مرّة ثانية… لو شي كبير صار… كلّميني قبل ما تبدأ مرحلة “أنا بضيع”.
ريا: اتفقنا
(يجلسون سوا… والمطر من برا يخفّ شوي… وهم يميلون على اللابتوب).









المشهد 9 الزائر المفاجئ.
المكا: ليلة هادئة بالمنزل. نورا تجهز العشاء في المطبخ. ليو دخل البيت ومعه مقاضي البيت. دقة مفاجئة على الباب اربكة الجميع.

ليو:  (يحط الأكياس على الطاولة وهو يتمطّى) مو عرفتك كذا صراحة. كل مرة تكونين تركضين مع الوقت وتسبّين أكواب القياس كأنهم سرقوك. بصراحة أحترم روحك القتالية بالمطبخ.
نورا:  (تبتسم ابتسامة بسيطة) إي والله… اليوم غريب شوي. ودي يكون يوم هادي… لو الدنيا بس تتعاون مرّة وحدة. (يجي طَرق قوي على الباب. نورا تجمّد بمكانها).
نورا: وش ذا؟ ... قول لي إنه مو بابنا.
ليو: يعني… إلا لو جانا جني يعرف طق أبواب… أكيد أحد عند الباب. بس لا تشيلين هم، يمكن توصيله.
نورا: أنا ما طلبت شي. أنت طلبت شي؟
ليو: لا، بس إحنا بالقرن الواحد والعشرين. مرات توصل بكجات بدون ما أحد يعرف ليش. يمكن واحد من هالهدايا التجريبية اللي تسجلين فيها بالغلط دائماً.
(طرق ثاني… أقوى شوي).
نورا: أوكي… هذا أكيد مو توصيل. هذا شخص واقف ينتظر… وواضح مستعجل. ليو… بالله لا تقول إنك عزمت أحد بدون ما تخبرني.
ليو: والله ما عزمت أحد. أعرف وضعك مع الضيوف اللي يجون فجأة. تصيرين تعطين ذيك النظرة اللي كأنه آخر يوم لي بالدنيا.
نورا: ما أسوي كذا!
ليو:  (يبتسم بخبث) سويتيها قبل نص ثانية بس.
نورا:  (تتنفّس بعمق) خلاص… نشوف مين. بس لو واحد من ناس اشتراكات المكنسة، بدخل وراك وأتخبا.
(تفتح نورا الباب. واقفة بنت… شايلة شنطة سفر).
نورا: ...أوه. أوه لا.أوه لا لا لا.
ليو:  (يطل من فوق كتف نورا) لحظة— ذي… ميا؟
ميا: هلا نورا. هلا ليو. أدري جيتي مفاجِئة… وأدري المفروض أتصل قبل… بس… الأمور تعقدت شوي، وما كان عندي مكان أروح له.
نورا:  (مصدومة بصوت واطي) ميا… إنتِ هنا؟ ليش… مع شنطة سفر؟
ليو:  (يتقدم بقلق) إنتِ كويسة؟ شكلك كأنك جريتي طول الطريق لهنا!
ميا:  (تتنفس بنبرة مهزوزة) صراحة وصفك دقيق. شقتي صار فيها… خلنا نقول “كارثة سباكة"". السقف بدأ ينقط بعدها صار فيضان مجاري من فوق على البيت. أخذت اللي قدرت عليه وطلعت قبل أنجن.
نورا: يا ربي… شي يخوّف. بس ميا… المفروض كلمتينا! رسالة… فويس… حمام زاجل… أي شي!
ميا: أدري… أدري كان لازم. بس توترت. وإذا توترت… المنطق يختفي. جيت هنا على طول… حسيت هالمكان هو الأمان الوحيد اللي طرى على بالي.
ليو:  (بلطف) مو لازم تتعذري بسبت التوتر. أهم شي إنك هنا وكويسة.
نورا: إي… وإنتِ تمام؟ بس ميا… كم ناوية تجلسين؟
ميا:  (بتردد، صوتها صغير) أنا… بصراحة مدري. يمكن ليلة… يمكن ليلتين. الفنيين قالوا يمكن أسبوع لين الشقة تصلح. بس والله ما أتوقع منكم تستضيفوني كل هالوقت.
ليو: هااا، لا تقولي كلام ما صار. إنتِ مثل الأهل. ولو احتجتي مكان، بنلقى حل سوا.
نورا: إي… بس تمنيت نعرف قبل. أنا أحتاج أجهز نفسي إذا تغيرت الخطة فجأة. مو إني مو ودي فيك… بس عقلي يحتاج وقت يستوعب ضيف في البيت.
ميا:  (تهز راسها سريع) فاهمة، فاهمة يا نورا. وبصراحة آسفة إني فجأة نطّيت عليكم. وإذا يريحك… أنام بالصالة… وما ألمس أي شي. أصير مثل الابجورة بالزاوية.
ليو:  (يضحك بخفة) ما نبيك تصيرين ابجورة. بس خذي نفس، يومك كان طويل وصعب.
(ميا تدخل. نورا تسكّر الباب ببطء وهي لسا تستوعب).
نورا: طيب… أوكي. خلّونا نجلس شوي. ميا، تبين شاهي؟ أظن الغلاية لسا دافية.
ميا: الشاهي ممتاز. أي شي دافي ممتاز. جسمي كامل حاس إنه قطعة ثلج ترجف توتر.
ليو: تبين تتكلمين عن اللي صار؟ ولا تبين تجلسين ساكته وتطالعي بالجدار لين مخك يشغل نفسه؟
ميا: يمكن مكس؟ لأن لو بديت أشرح كل شي، بنخنق بكاء… وودي أحافظ على كرامتي خمس دقايق زيادة.
نورا:  (ترجع معا شاهي، صوتها أرق) تفضلي… بابونج.
يمكن ما يصلّح سقفك الخربان… بس يمكن يهديك شوي.
ميا:  (تمسك الكوب ويدها ترجف) شكراً. صدق… شكراً لأنكم فتحتوا لي الباب بدون ما تحسون إني حمل زيادة. أنا جيت بأسوأ توقيت.
ليو: أسوأ توقيت كان لو جيتي يوم نورا رتّبت دولاب البهار. إنتِ جيتي قبل الكارثة.
نورا: ليووو— لا تفضحني.
ليو:  (يبتسم) مو فضيحة… هذا تذكير إنك تصيري تضحكين لما تتوترين.
نورا: مو… أوكي شوي.
ميا:  (تبتسم ابتسامة حقيقية أخيراً) حلو أضحك لأول مرّة اليوم.
ما توقعت كيف كنت مشدودة إلا الحين. وجودكم يخفف رهبة الأشياء دائمًا.
نورا: شوفي… أنا ما أحب المفاجآت، صحيح. بس أحبّك. وفرحت إنك جيتي هنا بدل تقعدين لحالك في شقتك اللي تحولت لحوض سمك.
ميا: شكراً… يعنيها لي كثير.
(لحظة هدوء. كلّهم يتنفسون).
ليو: طيب… وش الخطة؟ نلقى سكن مؤقت بكرة؟ ولا تبين تقعدين معنا لين نعرف وش الخطوة الجاية؟
ميا: إذا… إذا فعلاً ما يضايقكم… أبغى أجلس ليلتين. لين أعرف التأمين وش وضعه… وين أعيش وهُم يصلحوا سقفي.
نورا: تمام. بنرتّب المكان. بس… عطيني فرصة أتهيأ نفسيًا قبل نحرّك الأثاث، أوكي؟
ميا: أكيد. أنام حتى بالزاوية جنب الرف، أصغّر نفسي وأختفي.
ليو: لا تقولين كذا. لا إنتِ صغيرة، ولا ثقيلة علينا. إنتِ محتاجة مساعدة… وإحنا هنا أهلك ... خلاص.
نورا: بالضبط. بس مرّة ثانية… حتى لو حالة طارئة… أرسلي خمس ثواني رسالة، عشان ما أفتح الباب وأنا حاسة بكمين تصوير مفاجئ.
ميا:  (تضحك من قلب) تم.أوعدكم. لا مزيد مفاجآت بشنطة سفر… إلا إذا نبهتكم.
ليو: حلو. الحين نجلس، ناكل شيء، ونخطط لبكرة. بدون استعجال. بدون توتر. بس نهدى.
نورا: وبعد… حلا. حاسّه الليلة تحتاج حلا.
ميا: والله… هذا الكلام الصح.
(تنخفض الإضاءة… وهم يجلسون حول الطاولة، أخيراً مرتاحين).














المشهد 10





رايلي: (يدينها متشابكة، تطالع قدّام) يعني… شكله أخيراً بنسويها. بنجلس ونتكلم مثل الناس الكبار بدل ما نسوي إنه ما في شي. أنا لي أيّام أنتظر هالسالفة، تصدق؟
سام: (يتنفس ببطء وهو يلعب بسحاب الجاكيت) إي… أدري.
وأسف إنّي طولت لين أتكلم. أنا بس… كنت أحتاج وقت أفكّر كيف أشرح كل اللي صار بدون ما أطلع ملخبط أو درامي… مع إني غالباً بطلع كذا.
رايلي: أنا أحب الصراحة الملخبطة على السكوت اللي عطيتني إياه بصراحة. سام، حسّيتك اختفيت من الكوكب. حتى ميمز ما ترسل! أنت دايما ترسل لي ميمز!
سام: هذي أكبر علامة إنه في شي غلط. إذا ما قدرت أرسل حتى ميم بسس غبي… معناته عقلي مو في أحسن حالاته.
رايلي: (تلتفت له شوي بنبرة ألين) انت صادق. بس تقدر تشرح لي وش صار؟ لأنه من جهتي حسّيت كل شي طبيعي… وفجأة اختفيت كأنك تهرب مني.
سام: ما كنت أهرب منك. كنت أهرب… من السالفة نفسها. اللي أدري إنها تقريباً نفس الشي… بس النية غير، والله.
رايلي: سام… أنت تلف وتدور. وش السالفة؟
سام: (ياخذ نفس طويل) الرسالة اللي رسلتيها الأسبوع الماضي.
لما قلتي: “نحتاج نتكلم بأقرب وقت.” أدري الحين الموضوع يضحك… بس ذيك الكلمة دخلتني في حالة خوف.
حسّيتك بتواجهيني بشي قوي… أو بتقولين ما تبين صداقتنا… أو مدري… شي كبير.
رايلي: (ترمش، مصدومة) سام… كنت أقصد نتكلم عن تخطيط رحلتنا! رحلة القروب! اللي قلت تبغى تنسقها معي! حطّيت بعد ابتسامة!
سام: (اووهمم اممم) أدري… أدري. طوّلت أتأمل الابتسامة ذيك… وبرضو أقنعت نفسي إنها ابتسامة خبث لطيفة. الابتسامة اللي الناس يحطونها قبل ما يقولوا لك الخبر السيء.
رايلي: أنت فسّرت ابتسامة على إنها تهديد؟
سام: واضح إيه. عقلي يحب يتخيل… بس بدون فايدة.
رايلي: (تهز راسها وتبتسم رغم عصبيتها) يا الله يا سام… والله لو في جائزة لاستخراج دراما من الهوا… تفوز فيها بسهولة.
سام: قولي والله. تراني اليوم الثاني قعدت أحلل الرسالة كأنها شفرة من الـ FBI.
رايلي: كان بس تسألني وش أقصد!
سام: أبغى… بس تجمّدت. وكل ما طولت، صار أصعب أرجع أرسل. وبعدين أقنعت نفسي يمكن المسافة أحسن… مع إن ما كان له معنى… وبعدها دخلت بالدوامة— والحين إحنا هنا.
رايلي: إيه… هنا. شخصين كبار قاعدين بحديقة بالليل… لأن واحد منهم خاف من ابتسامة.
سام: إذا تقولينها كذا… الوضع يصير أسوأ.
رايلي: مو قصدي أحسسك بالذنب. أحاول أفهمك. لأن بصراحة… اشتقت أكلمك كل يوم. اشتقت لفضفضتك الغريبة… وآرائك الغريبة بالأكل… وطريقتك الدرامية بكل شي. المكان فاضي بدونك.
سام: (عيونه تلين) تشتاقين؟ ... كنت أحسب إني غالباً أزعجك نص الوقت.
رايلي: إيه تزعجني أحيان… بس مو بطريقة سيئة. أنت تجيب… مدري… حياة. حركة. فلما اختفيت فجأة… أنا بعد صرت أفكر كثير.
قلت يمكن قلت شي غلط… أو يمكن صداقتي لك ما كانت كفاية…
أو يمكن إني ما عاد صرت مهمّة له.
سام: رايلي… لا. بالله لا. أنت من أهم الناس بحياتي. وفكرة إنك ظنيتي ما يهمني… هذي توجع أكثر من كل شي ثاني.
رايلي: طيب ليه ما قلت لي؟ ليه ما قلت: “أنا خايف من الابتسامة”؟
سام: استحيت. أنا أعرف انه ما هو منطقي. وأعرف إنه اخترع مشاكل من ولا شي. واعترف لك بهالشي ... لشخص أهتم فيه… يحسّسني إني أكشف أضعف جزء فيني.
رايلي: بس هذا هو الموضوع يا سام. مو لازم تخبي الضعف حقك.
أحب أعرف وش تمرّ فيه… بدل ما أجلس أتخيل إني أنا السبب.
سام: (صوته أهدى) بحاول… صدق بحاول أتكلم قبل ما مخي يقلب كل شي لفيلم كارثي.
رايلي: تمام. لأني ما أبيك تختفي عني مرّة ثانية. وإذا أرسلت لك ابتسامة خبث صدقني بتعرف… بتكون ذيك الابتسامة اللي لها شكل مرعب واضح.
سام: (يضحك أخيراً) أوكي… ذي حقيقة تخوّف.
رايلي: شفت؟ كلام واضح.
سام: بس من جد… أسف. أني سكّرت الباب. وأنا خليتك تحسين إنه سحبت عليك. وأني تخيلت الأسوأ بدل ما أسأل.
رايلي: سامحتك. بس لا تعيدها. ولا تخلي الإيموجيز تتحكم بحياتك النفسية.
سام: ذي ما أقدر أضمنها… بس بحاول.
(لحظة هدوء مريحة بينهم).
رايلي: طيب… دام صفينا الجو… نرجع نخطط الرحلة؟ القروب يسألوني كل يوم مين يحجز الأكواخ… وأنا مخليّة الوضع كأنه كله تحت السيطرة.
سام: إي بالله… خلّينا نتكلم عن شي ما له علاقة بقلقي بسبب علامات الترقيم.
رايلي: تمام. لقيت كوخ عند بحيرة… له منصة كبيرة تطل عاليها. توقعت يعجبك لانك كل مرة تقول إن منظر الموية يهدي مخك.
سام: تذكرين ذا؟!
رايلي: أكيد. يمكن تشوفني سيدا… بس أنتبه. خصوصاً لك.
سام: شكراً…من جد. ...على صبرك… رغم إنك أكيد ودك تخنقيني.
رايلي: إي، ودي أخنقك. بس ودي أفهمك أكثر بعد.
سام: قدّرت هالشي. وأوعدك… المرة الجاية إذا خوّفني شي… بقول قبل ما أدخل في دوامة “إيموجي يدمّر حياتي”.
رايلي: ممتاز. لأني مو مستعدة أخسر أسبوع ميمز ثاني بسبب قلقك.
سام: تم. على فكرة… شكراً إنك جيتي اليوم… أعرف الوقت متأخر.
رايلي: عشانك؟ أجي لو الوقت أكثر من كذا بعد.
(يتبادلون ابتسامة دافية… والجو يتصفّى أخيراً).






المشهد الأول
المكان: صديقين، مايا وجون ويتشاركوا صباح بطيء في شقتهم. يسو قهوة سوا، يسو طقوسهم اليومية من الاسترخاء، ويشوفوا الرسائل الوصلتهم.

مايا: (تشد ذراعيها وتطالع قدّام وهي",3,3,True,0.18398,0.252302,0.311415,0.252302,0.0
7,Arabic_SA,https://d2r5sftrozu18z.cloudfront.net/uploads/audio-segmentation/1095/2_hours/2_hours_Segment_018.wav,"مايا: اوووف، خلاص بس… كذا بأتصل بالشرطة.
مايا: ها وش أسوي؟
مايا:  اممم السلام عليكم،  لو سمحتي في أحد سلّم محفظة ضايعة؟ عليها ورد وشكلها حلو، فيها حياتي كلها؟
مايا:  ما حطلع من البيت مرة ثانية.","مايا اوووف، خلاص بس. كذا بأتصل بالشرطة.
مايا ها وش أسوي؟
مايا السلام عليكم، لو سمحتي في أحد سلّم محفظة ضايعة؟ عليها ورد وشكلها حلو، فيها حياتي كلها؟
مايا ما حطلع من البيت مرة ثانية.","المشهد ١ — دراما رسالة الجوال الغامضة
المكان: غرفة جلوس هادئة، آخر النهار. الجوال يهتز بلا توقف.
لينا: (تتنهد بضيق) ثيو! يا الله!، لازم تشوف ذا. الحين.
ثيو: (يتثاءب) وش فيه الحين؟ نهاية العالم خلاص؟ أو برجك الغبي حذرك؟
لينا: لا! أخَسْ. شوف… (تمد له الهاتف) ليه أليكس أرسل لي: ""أَبِيكِ بكلمة"".
ثيو: (شهقة) أخطر أربع كلمات في اللغة العربية.
لينا: بالضبط! صح؟ وش يقصد بها؟ ""أَبِيكِ بكلمة"". عن وش؟ وليه؟ متى؟ ووين؟ وعن وش؟
ثيو: (آآه تنهد) لينا، اهدي. ممكن بس يبي رأيك.
لينا: (تهز رأسها)  ممم ما في واحد يقول ""أَبِيكِ بكلمة"" لشيء عادي يا ثيو. هذه لغة جادة. لغة المواجهات. لغة ال…
ثيو: (يقاطعها) لغة الدراما اللي اخترعتيها بنفسك.
لينا: (تتأوه) كنت أعرف. حياتي صارت مسلسل. وأنا ما أدري.
ثيو: (يضحك) أنت السببتيها. أنت تحبين الدراما. تتنفسينها.
لينا: (منزعجة) هممف كييف؟ ما أحب الدراما أبد.
ثيو: (مستمتع بضحكة خفيفة) لينا، الأسبوع الماضي بكيتِ على إعلان… عن كورن فليكس.
لينا: (تدافع) كان يحزن! الأب اعتذر لأنه أكل آخر صحن!
ثيو: (يضحك) اييييه ببكي من الأحاسيس.
لينا: (تتمشى بقلق) طيب، ركّز اممم    وش اسوي؟ أرد؟ أسحب عليه؟ أقوله إن الواي فاي خرب ثلاثة أيام؟
ثيو: (آآآه تنهد) اسأليه بس وش يقصد.
لينا: (تصدم) بس كذا؟! ثيو، ترا ذا وضع حساس. ما تقدر تسأله كذا وش يبي. هذا… هذا يخرب الاحاسيس!
ثيو: (يضحك) أنت غبية. هي كلها شوية كلمات.
لينا: نعم! كلمات تخرب باقي اسبوعي!
ثيو: (يبتسم) دراما ما تخلص.
لينا: (بقلق خفيف) طيب، بأكتب: ""أوكي، وش فيه؟"" كذا تمام؟ رزين؟ غريب؟ لطيفة؟
ثيو: (هممممم) لينا… حلو. رد طبيعي. زي سويسرا ... محايدة.
لينا: (تكتب بسرعة) طيب. أرسلت. الحين نتوتر.
ثيو: (يضحك) أنت متوترة أصلًا.
لينا: والحين عندي سبب رسمي.
(الجوال يهتز)
لينا: ياااااااه! رد. ما أقدر اشوف. ثيو، اقرااه.
ثيو: (ينظر للهاتف) هممم.
لينا: (متجمدة) ""هممم""؟ وش تقصد بـ ""هممم""؟ ثيو، لا تعلقني!
ثيو: (يبتسم) اهدي. يقول إنه يبي يساعدك في جدولة حفل مفاجئة لصديقتك نورا.
لينا: (تفقد توترها فجأة) …آهاااا.
ثيو: (ينفجر ضاحكًا) سويتي دراما كبيرة علشان ذا بس؟ 
لينا: (بحرج) أكرهكم كلكم.
ثيو: لا، لا تكرهين. أنتِ تحبين الدراما… والدراما تحبك.
 
 
 
المشهد ٢ — أزمة القهوة في المقهى
المكان: مقهى مزدحم، وقت الصباح.
لينا: (متوترة) ثيو. حياتي انتهت. مرة ثانية.
ثيو: (يشرب القهوة) خليني أخمّن… خَلَص حليب الشوفان؟
لينا: نعم! كيف عرفت؟
ثيو: لينا… هذا المقهى يخلص فيه حليب الشوفان كل يومين. طبيعي.
لينا: (آآآه) بس هم يعرفون أني أحتاجه. أنا ما أتحمل اللاكتوز… عاطفيًا وجسديًا.
ثيو: (يضحك) لاكتوز عاطفي؟
لينا: نعم. الحليب يجرح روحي.
ثيو: خذي حليب لوز.
لينا: (هاااعع) لوز؟ طعمه زي النكد مخلوط بخشب.
ثيو: (يضحك) يا الله! أنت درامية.
لينا:  والباريستا أعطتني نبرة لما سألت عن حليب الشوفان الموجود عندهم في المخزن.
ثيو: وش قالت؟
لينا: قالت: ""نحن ما نخبي الحليب في مخزن سري.""
ثيو: (يضحك) معها حق.
لينا: لكن قالتها بدون نفس يا ثيو. بدون نفس.
ثيو: (هاها) بدون نفس؟ اتصلي بالشرطة طيب.
لينا: بالضبط! لازم أقدم شكوى.
ثيو: بسبب الحليب؟
لينا: بسبب المبدأ. كنت أبغى قهوة طبيعية. لكن لااا… لازم تكون حياتي درامية.
ثيو: (يبتسم) الدراما تلحقك زي الكلب الوفيّ.
لينا: أنا ما أبِيهَا!
ثيو:  أنت حرفيا تجذبيها.
لينا: (آآآه) ممكن أوقف عن القهوة.
ثيو: (يضحك) حاولت من قبل ... صمدتي سبع ساعات.
لينا: الدنيا ما تحبني.
ثيو: على وش ما تحبك؟
لينا: ما أدري… ممكن لأني الأفضل.
ثيو: (قهقه) أكييد.
 
 
 
 
 
 
 
 
 
 
 
المشهد ٣ — كارثة قروب الشات
المكان: نفس المقهى، بعد فترة في الصباح.
لينا: (تنظر لهاتفها) لااا… ثيو، شوف. شوف!
ثيو: (يميل نحوها) وش فيه الحين؟ خلص الحليب بَعَدْ؟
لينا: أخَس. القروب مولّع.
ثيو: (اوووف) يا ساتر. وش فيه؟
لينا: واحد سأل: ""أي فيلم نشوف الليلة؟"" والحين فيه… 42 رسالة في دقيقتين.
ثيو: (هاهاهاها) هذي فوضى، مو دراما.
لينا: لا، دراما حقيقية. شوف ... إيلا تبغى رعب. بن رافض لأنه ""ما يتحمّل الرعب"". ميرا تشوف بس رومانسي. وجونا يبغى وثائقي… عن السحالي.
ثيو: (هاهاهاهاه) سحالي؟!
لينا: نعم! والأدهى والأمر… واحد منهم كتب اسمك وقال: ""ثيو يحدد"".
ثيو: أنا؟ ليه أنا؟
لينا: لأنك المحايد. يعتبرونك وسيط سلام.
ثيو: (ساخر) مسؤولية كبيرة ذي.
لينا: ثيو، لازم تختار بحكمة. هذا مجلس أمم متحدة.
ثيو: لينا… هو بس فيلم.
لينا: (تهمس بانفعال) لا. هذه سياسة اجتماعية.
ثيو: طيب… اختار… كوميديا.
لينا: يا ربيي… خطأ. بِن يكره الكوميديا. إيلا تقول الكوميديا ""سطحية عاطفيًا"". وميرا تبكي على الكوميديا أكثر من الرومانس.
ثيو: كيف؟
لينا: ما في منطقية. القروب ذا يدمّر العلاقات.
ثيو: (آآآخخ) أنتم كلكم مجانين.
لينا: (شهقة درامية) نحن! الحين القروب كله يصارخ لأن جونا ما يبغى غير السحالي.
ثيو: (هاهاهاهاها) أفضل خبر سمعته ذا الأسبوع.
لينا: كابوس… كابوس زواحف.
ثيو: تبين حل؟
لينا: نعم! أنقذنا!
ثيو: (يكتب) يلا، أقول: ""خلا نصوّت"".
لينا: (اوووه) أنت عبقري.
ثيو: أعرف.
لينا:  والحين ننتظر…
(لحظة انتظار)
لينا:  الحين في 15 صوت، 10 منهم كوميديا.
ثيو: قلت لك. الديمقراطية تفوز.
لينا: (تنهد) ثيو… انت أنقذت العالم.
ثيو: (هاهاهاهها) مبروك لنا.
لينا: بصراحة، حياتنا مليانة دراما.
ثيو: حياتك أنت. أنا بس الشخصية اللي تصلح الفوضى حقتك.
لينا: (هيهيهي) وأنت تحب تصلحها.
ثيو: (هاهاهاهاهها) يمكن.
 
 
المشهد ٤ — كارثة المحفظة الضائعة
المكان: خارج السوبرماركت، آخر النهار.
مايا: (مذعورة) جوردان! جوردان! جوردان! محفظتي ضاعت! دورت في شنطتي مرتين ... لا ثلاث ... يمكن خمس... مو في! اختفت!
جوردان: (بهدوء يشرب) تمام… متى آخر مرة شفتيها؟
مايا: (تلوّح بيديها) ما أعرف! يمكن في المحل، في السيارة… لااا أدري! أنا بنجن!
جوردان: طيب… اهدي. وين كنتي لما عرفتي إنها مو معك؟
مايا: (تشير لمقعد) هنا! جلست، حاولت أخذ مفاتيحي، وفجأة… الدنيا قررت تعاقبني.
جوردان: يعني المحفظة تبخرت؟
مايا: يمكن! يمكن صارت لها أرجل! وهربت تعيش حياتها الخاصة.
جوردان: محفظتك هربت؟ هذا تفسيرك؟
مايا: لا تضحك علي في مصيبتي!
جوردان: (يضحك) ما اتريق عليك، بس الاحظ الدراما حقتك… طيب خلنا نرجع كم خطوة ونتأكد. دخلتِ السوبرماركت، وبعدين وين رحتي؟
مايا: رحت لقسم الخضار… أخذت تفاح… بعدها رجعته ما عجبني. بعدين…
جوردان: مايا. ركيزي. طلعتي المحفظة وقتها؟
مايا: يمكن؟ مسحت البطاقة وأنا طالعة، بس ما أدري إذا بالمحفظة ولا الجوال؟ لااا… ممكن تركتها عند الكاشير؟ ماذا لو واحد سرقها؟
جوردان: (يطبطب) هي محفظة، مو كنز وطني. نروح نسأل—
مايا: (تمسك ذراعه) لا دقيقة! فتش شنطتي! يمكن تلقاها لأني ما أشوف!
جوردان: تريديني أغوص في الثقب الأسود اللي تسميه شنطة؟
مايا: نعم! لأني ما أثق بنفسي
جوردان: (هممم) خلنا نفتش ... فواتير… أقلام؟ ليه 17 قلم؟ و… سناكات. وأكيد ما في محفظتك.
مايا: (تجلس منهارة) انتهيت. بطاقاتي… هويتي… بطاقة المكتبة! يا ربيي، وش بيصير لو واحد استعار كتب باسمي!
جوردان: نعم، أكيد ذي المشكلة! مو فلوسك أو بطاقة البنك ... المشكلة الحقيقية هي غرامات تأخير الكتب.
مايا: لا تتريق! ترا الوضع جد!
جوردان: طيب… وين كنت قبل قسم الخضار؟
مايا: قسم اللحوم…  أخذت شرايح تركي ، والبنت الشغالة هناك طولت إلى ما تقطعهم… حسيت أني كبرت عشرين سنة!
جوردان: واستخدمتِ المحفظة؟
مايا: لا ... ما ادري الصدق. إلا لو استخدمتها! أو لا. يا الله! أنا عديمة المسؤولية.
جوردان: (يضحك). أول خطوة: الاعتراف أنك غير موثوقة.
مايا: (آآآه) انتظر ... يمكن تركتها في السيارة!
جوردان:  ما فتشتيها؟ 
مايا: بعيوني بس! يمكن كانت متخبية عن عيني.
جوردان: محفظتك ما هي كائن حي يتحرك ويتخبى لحاله.
مايا: أنت ما تدري! يلا نروح السيارة.
(يذهبون للسيارة)
جوردان: (يفتش) همم، يلا! وقت التفتيش الصح. جانب الكرسي ... درج الراكب ... الدرج بين الكرسين ... تحت السيارة ... لا، ما في شيء.
مايا:  اوووف، خلاص بس… كذا بأتصل بالشرطة.
جوردان: يعيني وش بتقولي؟. ""هلا، نحتاج حملة تفتيش عن محفظة عليها ورود.""
مايا:  ها وش أسوي؟
(رجعوا للمتجر)
مايا: (متوترة عند الكاشير) اممم السلام عليكم، \ لو سمحتي في أحد سلّم محفظة ضايعة؟ عليها ورد وشكلها حلو، فيها حياتي كلها؟
الموظف:  (تتأكد الموظفة) لا، للاسف.
مايا: (تهمس) ما حطلع من البيت مرة ثانية.
جوردان: سؤال!… جربتي جيوب الجاكيت حقك؟
مايا: مستحيل. أنا ما أحط شيء فيها. صغيرة مرة.
جوردان: مايا. تأكدي.
مايا: اااخ طيب (تحط يدها بجيبها)… انتظر… لحظة…
جوردان:  ااخ ... لا تقولي…
مايا: (تسحب المحفظة من الكم) مستحييييل!!
جوردان: (ينهار ضاحكًا) في جيبك… طول ذا الوقت في جيبك
مايا:  ماني فاهمة! ما قادرة استوعب الموضوع! 
جوردان: مبروك. القضية تقفلت. المحفظة ما هربت.
مايا: مستحيل. في واحد حطها في جيبي.
جوردان: إيييه صح، عميل سري دسها في جيبك.
مايا: وقف لا تِنَكِت علي!
جوردان: يا عالم… أكثر إنسانة درامية.
مايا: أكرهك.
جوردان: لا. ما تقدرين.
مايا: …يمكن. بس لا تقول لأحد عن الحصل.
جوردان: حكلم الكل.
مايا: جوردااان!!!!
جوردان: (يضحك) محققة المحافظ، يلا نرجع البيت قبل تضيعي الجاكيت حقك.
 
 
 
 
 
 
 
 
 
 
 
 
 
 
 
 
 
المشهد ٥ — انهيار نهاية الأسبوع
المكان: غرفة ريا، مساء الجمعة. السناكات على الطاولة والجوال يرن كل فترة.
ريا: (تدخل الغرفة) نوح! عندنا كارثة حتنهي العالم.
نوح: (من دون يطالع فيها) خليني أخمّن… وقفوا إنتاج شبسكك التحبيه؟
ريا: أسوأ! حجزت لنفسي… أربع مناسبات مختلفة… بيوم واحد!
نوح: أربعة؟
ريا: نعم! السبت بيقتلني!
نوح: طيب وش هي؟
ريا: أول وحدة: فطور عيد ميلاد بنت خالتي… لو ما حضرت بتبكي. 
نوح: يعني مناسبة أهل إجبارية.
ريا: الثانية: صديقتي تارا تنقل من بيتها وقالت ""أنت الوحيدة اللي ما تكسرين الأشياء"". ضغط كبييير علي.
نوح: غلطانة المسكينة.
ريا: الثالثة: ورشة الفخار اللي أنتظرها من سنة. دفعت فلوسها وما بترجع، روحي الإبداعية تبكي.
نوح: هممم هممم وش الرابعة؟
ريا: الرابعة: رحلة تسلق، مع فريق الشغل.
نوح: يعني إفطار… نقل… فخار… تسلق. في يوم واحد؟
ريا: إيه! ليه سويت بنفسي كذا؟
نوح: صراحة… إنجاز. تراكم عدى خيالي.
ريا: نوح! ما أقدر أكون في أربع أماكن مرة وحدة! أنا مو سوبر مان!
نوح: طيب، خلينا نشوف توقيت كل حدث.
ريا: الفطور الساعة 10. النقل الساعة 9 لكنها قالت ""تعالي وقت ما تبين"". الفخار الساعة 1. التسلق ""العصر"".
نوح: وتبين تحضري لكل ذي المواعيد؟
ريا: بالضبط! وهذه هي المشكلة!
نوح: هااهاهاه تقدرين على اثنين… يمكن ثلاثة لو عندك الانتقال السريع زي الانمي.
ريا:   اوووف يا ليتني أقدر انتقل بسرعة.
نوح: طيب… وش المناسبة الما تقدري تتأخري فيها؟
ريا:  همممم الفخار حدث لمرة وحدة ومحجوز من أول.
نوح: طيب كذا ثابت ... ووش بعد؟
ريا: الفطور، مشاعر قريبتي في خطر لو ما جيت. وكيكة مجانية.
نوح: الاهل الأقرب. كذا الفطور والفخار هي الثابتة. 
ريا: كمان حبكي لو ما رحت للفخار.
نوح: تمام. التسلق والنقل، و ... وين ناقلة صديقتك؟
ريا: بالاتجاه الثاني من المدينة. حرفياً.
نوح: والتسلق؟
ريا: طريق ما سمعته من قبل. والكثير من الحشرات.
نوح: يعني ما تبي تروحي؟
ريا: لا، بس لازم اروح. تلاحم الفريق، ونقاط توظيف حلوة. أنت تعرف، الوظيفة وانك تكون مسؤول.
نوح: هيهيهي. مشاكل موظفين.
ريا: للأسف.
نوح: طيب، عندك مناسبتين وبالكثير ثلاث وكنسلي الباقي.
ريا: أكنسل! أكنسل!! تستهبل! كلهم حيظنوا اني عديمة مسؤلية! حيقصوني من المجتمع وأصير منبوذة.
نوح: انتِ مو حتنطردي من المجتمع لانك ما رحتي لرحلة تسلق!
ريا: أنت ما تدري.
نوح: ههاهاهاها. طيب، وش رأيك لو كلتمي صديقتك أنك بتساعديها  في اليوم البعده؟
ريا: هممم قالت انها حتفك أغراضها نهاية الأسبوع كله.
نوح: بالضبط، ساعديها اليوم كله.
ريا: ذا ممكن ينفع ...
نوح: حلو، كذا باقي التسلق.
ريا: اااااخ التسلق!
نوح: ودك تروحين؟
ريا: ولا دقيقة.
نوح:  طيب لا تروحي.
ريا: لكن!
نوح:  ما في لا. قولي عندك الحق تكون عندك حياة برا الشغل.
ريا: وش أقول؟ ""اسفة، ما حاسة بالطاقة والدراما معاكم""
نوح: هاهاها. بدون دراما، ارسلي لهم ""عندي إلتزام أكثر أهمية"".
ريا: مَلَلَ.
نوح: احترافي.
ريا: اوكي، لكن على الأقل أقدر أقولهم مشغولة بشيء مهم؟
نوح:انت تسوي شيء مهم. مناسبة فطور، وورشة فخار إبداعية.
ريا: كذا السبت عبارة عن إفطار وفخار. 
نوح: مناسبتين تقدري عليها مو جدولة زفت.
ريا: نوح أحس اني منتعشة!
نوح: هيهي. قلت لك. كان باقي لك شوي وتخشي في مصيبة.
ريا: قربت ارسل لهم رسالة طويلة مليانة أعذار وايموجيز.
نوح: هاهاها. كويس وقفتك. ما في أحد يحتاج يقرأ تقرير من الاعذار.
ريا: كذا اقدر ارتاح. يومي ما اخترب.
نوح: بالضبط، عديتي مصيبة الجدولة.
ريا: لا تخلي الوضع درامي.
نوح: تعلمت منك.
ريا: هييي
نوح: امزح معك. بس كويس عرفتي أولياتك، واخترتي اثنين منهم.
ريا: هيهي. شكرا نوح. حتى لو أنت تتريق علي طول الوقت.
نوح: بس شوي. ولو صار فيني كذا متأكد أنك حتضحكي علي.
ريا: أكيد. 
نوح: بالضبط، خلنا نرتاح الحين. انقذت يومك.
ريا: انا المستقبلية لازم توقف تقول نعم لأي شيء.
نوح: تكفى اكتبيها في ورقة صغيرة وعلقيها عندك.
ريا: أن شاء الله بسويها.
(الاثنين جالسين على الكنبة مرتاحين.)
ريا: والحين ... وش نسوي اليوم؟
نوح: أي شيء إلا زيادة مواعيد بكرة.
ريا: اتفق.





المشهد ٦ — الصوت الغامض عند منتصف الليل
المكان: شقتهما، منتصف الليل. سكون… أو ما يقاربه 
(يسمع صوت خبطة)
سام: (هاااع) ليلا! اصحي! اصحي الحين!
ليلا: (نصف نائمة) لا. مو صاحية. إلا لو الشقة تحترق. غير كذا، لا.
سام: أحس في أحد بالبيت.
ليلا: (بعينين مغلقتين) هذي الثلاجة. كل ليلة تسوي كذا. من زمان.
سام: لااا هذا ما كان صوت شيء اعرفه من البيت.
ليلا: سام، ترا كل الأصوات تخوف آخر الليل وكمان إذا انتِ خايفة. 
سام: تكفين! قومي. يمكن حرامي. أو حيوان. أو ... يا ساتر ...قطو معصب!
ليلا: قطو معصب؟ هذا اللي مخك فكر فيه؟
سام: القطاوا تتهاوش آخر الليل. حرامية صغار عندهم أظافر!
ليلا: آآآخ منك ... طيب، طيب. كيف كان الصوت.
سام: كان زيي… بووم. بس مو أي بووم. بووم من اللي تجيك وتقول ""الوضع خطير"".
ليلا: وصف مفهوم جداً يا عبقرية!
سام: ترا الوضع جد!
ليلا: (اووااه) بوقف لما ما توقفي عن الصرخة البخفيف ذي. 
سام: أهمس كذا عشااان ما ننسمع من الحرامي.
ليلا: لو فيه حرامي، كان سمع دقات قلبك. دقات طبول اعراس.
سام: طيب، طيب اسمع ... هذا هو مرة ثانية!
(صوت خفيف ثاني)

ليلا: سام… هذا كيس الشيبس اللي تركتيه على الطاولة. توه طاح. من قال ""بأكل بس ثلاث حبات"" وآخر شيء أكلت نص الكيس
سام: ذا قبل ساعات ليش يطيح الحين؟ ليش مو قبل؟
ليلا: الجاذبية؟ الوقت؟ حركاتك حقت كل يوم المضرة بصحتك؟ اختَر واحد فيهم.
سام: لا تنكتي! نحتاج نتأكد.
ليلا: لا، أنت تحتاج تنام.
سام: ليلااا تكفى. بس شوي تعالي معاي لو في غدرة.
ليلا: (تسك آآآخ) طيب! لو ما في شيء بتسوي بكرة بان كيك.
سام: تم.
(يتسللان في الممر)
سام: (يهمس) تحركي بشويش، وخليكِ وراي.
ليلا: ليه وراك؟ مو أنت اللي خايف. ومفروض تخليني درع لك.
سام: أنتِ أشجع.
ليلا: (اييه) أنا مو شجاعة… أنا تعبانة. ما يهمني لو نموت.
(يصمتان للحظات)
سام: هششش.
ليلا:  ما في شيء. ممكن نرجع الحيـــ
سام: انتظري! سمعت صوت!
ليلا: (اووف) ذا بطنك.
(يدخلون المطبخ)
سام: (يطالع من طرف الزاوية) (هممم) مصيبة أكبر مما توقعت.
ليلا: وش فيه؟
سام: باب الدولاب مفتوح شوي.
ليلا: يعني تركته مفتوح، زي كل مرة.
سام: لااا! والله إني سكّرته!
ليلا: (اوووف) سام… أنت تحلف كثير. وكل شيء أنت تسويه أصلا عكس!
سام: أنتِ ما تفهمين! لو في واحد فتحه؟
ليلا: زي وش؟ جني يدور على ملح؟
سام: ممكن.
ليلا: (ااااخ) جني دخل المطبخ ... في نص الليل ... بس يفتح الدولاب ويطلع؟
سام: لما قلتيها كذا ... حسيتها عبيطة.
ليلا: لأنها عباطة!

(صوت خفيف وكأنه كيس)
سام: شفت؟! أكيد في شيء في المطبخ
ليلا: (تنحني وتشوف) ايييه ... خلنا نشوف مسرح الجريمة. ... شوف! كيس الشيبس على الأرض.
سام: في واحد طيحه!
ليلا: شيء في الفيزياء اسمه الجاذبية وأنك حطيته مطرف على الرف.
سام: مستحييل! حطيته كويس على الرف.
ليلا: ... اووه صحييح. واضحة من عاداتك الكويسة.
سام: (اووف) خلنا نفتش في الصالة.
ليلا:سااام.ساااام. ترا نص الليل، ما حسوي تفتيش كامل للشقة!
سام: ما عليك، كلها دقيقتين.
ليلا: حتأخذ 10 دقايق! لانك تفتش زي العساكر.
سام: اسمه اتقان العمل.
ليلا: ذا اسمه الوسوسة.
(وصلوا الصالة)
سام: الستارة تحركت!
ليلا: لأنك مشيت. والهواء حركها.
سام: متأكدة؟ ممكن يكون ...
ليلا: لا تقول جني.
سام: طيب، حقول الهوا
ليلا: شفت! شيء معقول.
سام: لكن… ما فيه شباك مفتوح.
ليلا: طيب ... هذا غريب.
سام: قلت لك!
ليلا: لحظة… سكّرت باب البلكونة؟
سام: أظن؟
ليلا: تظن؟ سام! كذا تبدأ أفلام الرعب!
(يتفحصا الباب)
سام: (مرتاح)(اااه) مقفل.
ليلا: الحمد لله. يعني ما فيه شيء يخوف ...
(صوت حركة خفيفة)
سام: وش هذا؟!
ليلا: (خافت بس تتدعي الثبات) وكانه شيء يجلس.
سام: وش الي شيء يجلس؟؟
ليلا: مدري!!
سام:  سلة الغسيل طاحت!
ليلا: (شافت السلة) حطيت جزمتك الثقيلة فوق علشان كذا طاحت السلة.
سام:  الجاذبية مسوية شغلها الليلة.
ليلا: (هاهاهها) أنت اسمج انسان خايف قابلته.
سام:  سعيد أنه خوفي ضحكك.
ليلا: لآخر درجة، الحين أنا مصحصة.
سام: يعني تقتنعين إنه فيه شيء؟
ليلا: لا. مقتنعة أنك أنت المحتوى.
سام: لكن—
ليلا: سام… الأبواب مقفلة. ما فيه أشياء مكسورة. لا قطو. لا جني. كل شيء كويس.
سام: أكيد؟
ليلا:  يب أكيد.
سام: يمكن… بالغت شوي.
ليلا: شوي؟
سام:  اوكي ممكن كثير.
ليلا: بس عادي. أنت تخاف بالليل. سام الليل شخص ثاني.
سام: الظلمة والهدوء تخوفني.
ليلا: الخبر الحلو هنا انه خيالك هو الجني.
سام: (هاهاها) صحيح صحيح.
ليلا: يلا نرجع ننام… قبل ما يخوفك صوت الثلاجة.
سام: بس متأكد انه الشيبس ما طاح لحاله.
ليلا: (أييييه) أكييد ... طاح الشيبس لحاله لأنك ما تعرف تحطه زي الاوادم.
سام:  (هاهاهاها) ما ودك توقفي تريقة؟
ليلا: أبد ما بوقف.
(رجعوا للغرفة)
سام: شكرًا لأنك قمتي.
ليلا: عندي بانكيك. وقهوة.
سام: تم.
ليلا: وإذا سمعت صوت بعدين؟
سام: بأخذ نفس… قبل ما أتهم قطو شرير.
ليلا:  حلو التطور.







المشهد ٧ — كارثة الرسالة الخاطئة
المكان: غرفة مايا. عصر. مايا تمشي ذهابًا وإيابًا وهي تهتز من التوتر. جوردان يشرب شاي.
مايا: (مرتبكة) جوردان! جوردان! جبت العييد!
جوردان: (هادئ جدًا) خذي نفس… وش صار؟
مايا:  ما في وقت للهداوة ... أرسلت الرسالة.
جوردان: أي رسالة؟ أنت ترسلين ألف رسالة يوميًا.
مايا: مو هذي! أرسلت رسالة غلط وفي وقت غلط لشخص غلط!
جوردان: لمن؟
مايا: لمديري.
جوردان: …العييد ... وش ارسلتي فيها؟
مايا: تتذكر كلامي لك قبل شوي… لما قلت إنه ""يشغل الفريق مثل GPS خربان""؟
جوردان: لا تقولي—
مايا: أرسلته له! على رقمه الخاص! ومع إيموجيز!
جوردان: (اوووف) هذه… (هسسس) مصيبة والله.
مايا: أخيراً استوعبت المصيبة!
جوردان: هذي مصيبة بس كمان تحسها جرأة منك.
مايا: جرأة! أنا بنطرد، يحاكموني ويضيع مستقبلي، وحتى انخطف من ال HR
جوردان: ال HR ترا ما يخطفون الناس.
مايا: (اييييه) صدق؟ شكلك ما شفت ايميلاتهم. مليانة لهجة وعيد وتهديد تقول بيقتلوك.
جوردان: (هي هي) اوكي اسف.
مايا: وش اسوي الحين؟
جوردان: أول شيء اهدي. حفرتي الأرض من حركتك.
مايا: ما اقدر، لو وقفت بنفجر من التوتر والخوف.
جوردان: اوكي، انفجري بالراحة.
مايا: ما ابغى انفجر بالراحة. ابغى الغي الرسالة.
جوردان: جربتي تحذفيها؟
مايا:اكيد. بس الدنيا تكرهني. بس في زر حذف لدي، وما في حذف للجميع.
جوردان: ذا الزر الغبي ما منه اي فايدة.
مايا: بالضبط. وش اسوي الحين؟
جوردان: انتظري بس.
مايا: أنتظر! أنتظر!! جوردان أنا روحي ما تتحمل الانتظار.
جوردان: ما عندك حل، إلا لو تهكري جواله بطريقة الأفلام.
مايا: لا تغريني! ترا شوي واسويها.
جوردان: طيب طيب. خلنا نفكر بواقعية.
مايا: واقعية؟ يا جوردان، ما عندي غير أفكار سلبية.
جوردان: طيب، انت فكري بدرامتك وانا بفكر بعقلانية لنا الاثنين.
مايا: تم.
جوردان: اسوء شيء بصير أنه يقرأها ويطلب يكلمك علشان يعرف وش السالفة. 
مايا: يكلمني؟؟ هذه لغة ال HR علشان تجهز آخر كلامك
جوردان: لا، مرات يكون نقاش بسيط.
مايا: آخر ""نقاش"" خلوني فيه المسؤولة عن حفلات الميلاد.
جوردان: (آآخ) مثال زفت. نشوف شيء ثاني.
مايا: (ايييه) قاعدين يقروها. كنت أدري. ليه ما علقوا على الرسالة؟ ليه صارت صحين ازرق بدون رد؟ ليه ""يكتب الآن""
جوردان: علامة واحد يكتب؟
مايا: ايه. تظهر وتختفي. قاعد يكتب نهايتي. ويمسحني من الوجود.
جوردان: أو قاعد يكتب لستة السوق، وفتح شاتك بالغلط.
مايا: لا. يقصد يسوي كذا. هذه غلطتي لأني غلطت عليهم.
جوردان: كانت تضحك على الأقل.
مايا: جوردان. بالله وقف مدح تريقتي.
جوردان: اسف. طيب. خلنا ندور طريقة نخفف بها المصيبة الجاية.
مايا: ايييه بالله عليك. عطنا الكلمات للاعتذار المثالي.
جوردان: تمام. وش رأيك في ""هلا. انا اسفة، الرسالة ذي جاتك بالغلط"".
مايا: قصيرة، وتبين أني مو مهتمة.
جوردان: طيب. وش رأيك ""متأسفة جدا، في سوء فهم ...""
مايا: لا! كذا يصير كأني الغلطانة. ابغى شيء عادي بس محبطُ.
جوردان: نبرة عادية بس محبطة ... طيب وش رايك ""اعتذر عن الرسالة الغلط. اترسلت برا سياق السالفة""
مايا: برا السياق؟ ما في مبرر اني اذب على رئيسي برا السياق.
جوردان: ممكن تصير.
مايا: كيف؟ الا لو الدنيا اهتزت!
جوردان: تدرين! ممكن تصير كذا!
مايا: انا ما اطقطق يا جوردان! 
جوردان: صحيح، معليش. طيب، اعتذري وخلاص، من كل قلبك.
مايا: أضيف ايموجيز؟
جوردان: لا. أكيد لا. بدون ولا واحد.
مايا: ولا حتى وجه حزين؟
جوردان: لا. هذا بزيد المصيبة. الكبار ما يحطو ايموجيز في رسالة اعتذار.
مايا: اوكي. تمام. كتبت الرسالة.
جوردان: اقريها.
مايا: (تقرأ) ""السلام عليكم، انا اعتذر بصدق عن الرسالة الوصلتك سابقا، كانت لصديقتي. كنت افرغ توتري واحباطي لصديقتي، لكن المفروض اتعامل معه باحترافية. اعتذر لك بصدق"".
جوردان: ممتاز جدا.
مايا: أرسلها؟
جوردان: ارسليها.
(أرسلتها وندمت على مباشرة)
مايا: يا الله، يا الله! ليه سويت كذا؟ ليه خليتني أرسلها؟
جوردان: لأنه ذا الأصح. وأنت كبيرة ووقفي لعب العيال.
مايا: يكتب مرة ثانية!
جوردان: ممتاز. كذا تفاعل مع الرسالة.
مايا: أو ... أو قاعد يكتب رسالة طردي.
جوردان: انا متأكد انها ما تنكتب بجوال.
مايا: يسوها لو معصبين.
جوردان: اهدي. خلنا ننتظر.
مايا: طيب ... جوردان، مو قادرة اتنفس.
جوردان: تنفسي عادي، ما في مشكلة يا بنت!
(الجوال يهتز)
مايا: يا الله! رد.
جوردان: اقريها.
مايا: (تقرأ بشويش) امممم ""السلام عليكم، شكرا على صدقك. كلنا بنمر بلحظات احباط احيانا. بكرة خلنا نتكلم عن ستراتجيات تواصل افضل"".
جوردان: شفتي؟ ما طردك ولا دمرك ولا خطفك.
مايا: (آآآآآآه) يا الله، انا عايشة ... أنا عايشاااااة.
جوردان: مبارك عليك. نجيتي من حادث رسالة عظيم.
مايا: ما بسويها ثاني. من اليوم بتأكد ثلاث مرات قبل اراسل أي أحد.
جوردان: حلو
مايا: وببلكك وقت الشغل.
جوردان: هييي، وليه أنا الياخذ بلوك؟
مايا: لأنك تخليني اروح اشتكي بدراما كثيرة.
جوردان: ما تحتاجي حتى دفة مني.
مايا: اتفق معك ...
(ضحكوا سوا)
جوردان: ها ... تبين شاي؟
مايا: اييه، خله رايق ومظبوط. كأنه حضن.
جوردان: ابشري.
مايا: جوردان؟
جوردان: هلا؟
مايا: شكرا لك لانك انقذتني.
جوردان: بأي وقت. 















المشهد 8 – السر خرج للعلن.
المكان: اراف وريا يتشاركوا شقة. المساء. مطر برا. صوت المطر على الشباك. ريا تجلس على الكنبة، متوترة تقلب بجوالها. اراف تدخل ومعاها كوبين شاي.

اراف:  (يحط الشاهي بهدوء فوق الطاولة) سويت لك بابونج… النوع اللي يهدّيك، اللي تحبينه. حسّيت يمكن تحتاجينه اليوم. من الصبح وأنت ساكته… واضح إن في شي بخاطرك ما قلتيه.
ريا:  (تبتسم غصب وهي تطالع الكوب) يعطيك العافية… صدق. بس أنا تمام. بس… تعبانة شوي، تعرف؟ الشغل طويل… وأشياء تتراكم… يعني شي طبيعي.
اراف:  (يجلس جنبها شوي) ريا، الله يهدّيك. إحنا عايشين مع بعض من زمان وأعرف “تمامك” يوم يكون صِدق… ويوم تحاولين بقوة تسوين إنه ما في شي. واللي عندك الحين… مو ضغط شغل عادي.
ريا:  (تتنفّس بشوي رجّة) مدري يا أراَف… أحسني متلخبطة من الحياة يمكن. كل شي أحسه واجد الفترة ذي. وما أبي أسحبك معي للنكد.
اراف: بس أنا أبي تسحبيني إذا هذا بساعدك. مو لازم تشيلين كل شي بروحك. أنتِ تعرفين هالشي، صح؟
ريا: (نبرتها تلين) إي… أدري. بس ما كنت أبي أزيد عليك هم فوق همومك. أنت تتحمّل واجد.
اراف: ريا… قلقي يزيد لما تقفلي علي كذا. لما أشوفك شوي وتنهاري وتقولين لي “أنا تمام”… ذيك اللحظة تخوّف. والحين… أنا خايف، لأني حاس إن في شي غلط.
ريا:  (تطالع بعيد) مو إني ودي أخبيه… بس… ما كنت أعرف كيف أقوله بدون ما يكبر الموضوع… أو بدون ما تطالعني بنظرة ثانية.
اراف:  (يميل قدّام شوي) أطالعك بنظرة ثانية؟ وش يعني؟ وش ممكن تقولينه يخلي نظرتي لك تتغيّر؟ أنتِ ريا. انت الكون كله لي. ابَدّي من هالنقطة… وقولي لي.
ريا:  (يديها ترتجف شوي) اوكي… أوكي تمام. بس اوعدني ما تقاطعني… ولا تفترض شي قبل أكمل. تكفى. ما أبيك تستعجل.
اراف:  (يومّي براسه ببطء) أوعدك. بدون مقاطعة… بدون افتراضات. كلميني، يلا.
ريا:  (تاخذ نفس عميق) حاضر… من أسابيع صار لي شي، ما كنت متوقعة… ولا مستعدة له. جتني إيميلات… من مكتب المدير… عن فرصة نقل. كبيرة. بغير مدينة… وفعليًا بغير ولاية بعد. وما قلت لك لأني ما كنت متأكدة أصلاً أبغاها ولا لا. وبالأمس أرسلوا العرض الأخير… وأنا توترت وقفل مخي.
اراف:  (ساكت شوي، يستوعب) أنت… جاك عرض نقل؟ وعرض كبير بعد؟
ريا: إي. هو نفس الشي اللي كنت دايما أتمنى يصير… قبل أنا وإنت نبدأ نسوي حياة مع بعض. قبل كل شي يصير ثابت… وبيت… وطُمأنينة. أنا ما خبيته لأني بنقل. خبيته لأني ما أدري… أقدر أو لا؟  والمفروض إذا اختياري للوظية اخسرك ...
اراف:  (يتكي وراه، يتنفس ببطء) واو… أوكي. هذي صدق كبيرة. وما بكذب… جزء مني تمنى انك قلتِ لي من بدري، علشان لا تضغطي على نفسك. بس أنا موجود الحين. وبفهمك. وش تحسين بالضبط؟ متحمسة؟ خايفة؟ مترددة؟
ريا: صدق؟ كلهم. متحمسة لأنها خطوة كبيرة. وخايفة لأن ما أعرف وش يعني لنا. وحاسة بالذنب لأني كتمته. ومتلخبطة بين شي كنت أركض وراه… وبين شخص صار جزء من نفسي.
اراف:  (صوته ناعم وثابت) اسمعي… ما تحتاجين تختارين بيني وبين شغلك. هذا مو حب، هذا ضغط. وأنا ما أبغا أكون السبب اللي يوقفك. بس بسمع منك وش تبغين أنتِ. مو اللي تحسين لازم ومو اللي تحسين ما يزعّلني ... أنت… وش تبين؟
ريا:  (عيونها تلمع) أنا أبغى… أبغى الوظيفة.إي. بس بعد أبغاك… وما أعرف كيف نجمعهم بصورة وحدة. والي يقهرني إني ما وثقت فيك من البداية.
اراف:  (يمسك يدها بلطف) ريا… رغبتك في الوظيفة ما تعني رغبتك فيني أقل. وتمنيت تقولين لي من بدري، صحيح. ... بس بعد ودي أفهم ليه ما قلتي. يوم يطيح عليك قرار ضخم فجأة… يهدّ توازنك. أنا فاهم انك تبين الوظيفة… بدعمك بشكل كامل. بس لازم نتكلم عن وش يعني ذا على المدى الطويل… مع بعض.
ريا: يعني… مو زعلان؟
اراف: زعلان إنك شلتي الحمل لوحدك. بس مو زعلان من أحلامك.
ولا من طموحك. ولا من فرصة كبيرة جاتك. أنا بس أتمنى… أكون واقف جمبك وأنت تمرّين بهاللحظة.
ريا:  (تدمع وتبكي خفيف) ما أبي أخسرك.
اراف: ما بتخسريني بالمَسافة. تخسريني بس لو وقفتي تكلمينّي.
إذا قررتي قراراتك من خوف، مو من محبة ووضوح. بس اللي نسويه الحين… عكس ذا كله. الحين إحنا نتكلم. وهذا اللي ينقذ كل شي.
ريا: طيب وش نسوي؟ يعني عمليا؟
اراف: أول شي… نتنفّس. وبعدين نشوف التفاصيل. كم مدة النقل؟ دائم؟ مؤقت؟ ممكن يصير شغل عن بعد بعدين؟ نخطط للزيارات؟
وممكن أنا أنتقل بعدين لو الظروف سمحت؟ في مليون احتمال غير ننفصل.
ريا: أنا… حتى ما فكرت بكل ذا. شفت العرض وانفجعت وفكرت كل شي بينهار.
اراف: أنتِ تشوفين الانهيار. وأنا أشوف الحلول. وهذا اللي يخلّينا نمشي سوا.
ريا:  (تضحك وهي تبكي) تسوّي كل شي بسيط.
اراف: مو بسيط. بس نقدر نتعامل معه. وأنتِ مو لحالك خلاص.
ريا: شكراً…لأنك ما تركتني. ولأنك ما عصبت. ولأنك أنت.
اراف: أنا ما أروح مكان. إلا لو قلتِ لي… وبعد حتى لو قلتِ… بعاندك.
ريا: لا لا… لا تروح. ولا أفكر أقولك تروح.
اراف: تمام. كذا إحنا متفقين. الحين اشربي شايك قبل يبرد…
وبعدها نفتّح الإيميل سوا… ونقرأ التفاصيل مثل الناس العاقلين.
ريا:  تبتسم أخيرًا ... صدق أحِبّ ذا الشاي… مرّة.
اراف: وووو .... ريا؟
ريا: هلا؟
اراف: مرّة ثانية… لو شي كبير صار… كلّميني قبل ما تبدأ مرحلة “أنا بضيع”.
ريا: اتفقنا
(يجلسون سوا… والمطر من برا يخفّ شوي… وهم يميلون على اللابتوب).









المشهد 9 الزائر المفاجئ.
المكا: ليلة هادئة بالمنزل. نورا تجهز العشاء في المطبخ. ليو دخل البيت ومعه مقاضي البيت. دقة مفاجئة على الباب اربكة الجميع.

ليو:  (يحط الأكياس على الطاولة وهو يتمطّى) مو عرفتك كذا صراحة. كل مرة تكونين تركضين مع الوقت وتسبّين أكواب القياس كأنهم سرقوك. بصراحة أحترم روحك القتالية بالمطبخ.
نورا:  (تبتسم ابتسامة بسيطة) إي والله… اليوم غريب شوي. ودي يكون يوم هادي… لو الدنيا بس تتعاون مرّة وحدة. (يجي طَرق قوي على الباب. نورا تجمّد بمكانها).
نورا: وش ذا؟ ... قول لي إنه مو بابنا.
ليو: يعني… إلا لو جانا جني يعرف طق أبواب… أكيد أحد عند الباب. بس لا تشيلين هم، يمكن توصيله.
نورا: أنا ما طلبت شي. أنت طلبت شي؟
ليو: لا، بس إحنا بالقرن الواحد والعشرين. مرات توصل بكجات بدون ما أحد يعرف ليش. يمكن واحد من هالهدايا التجريبية اللي تسجلين فيها بالغلط دائماً.
(طرق ثاني… أقوى شوي).
نورا: أوكي… هذا أكيد مو توصيل. هذا شخص واقف ينتظر… وواضح مستعجل. ليو… بالله لا تقول إنك عزمت أحد بدون ما تخبرني.
ليو: والله ما عزمت أحد. أعرف وضعك مع الضيوف اللي يجون فجأة. تصيرين تعطين ذيك النظرة اللي كأنه آخر يوم لي بالدنيا.
نورا: ما أسوي كذا!
ليو:  (يبتسم بخبث) سويتيها قبل نص ثانية بس.
نورا:  (تتنفّس بعمق) خلاص… نشوف مين. بس لو واحد من ناس اشتراكات المكنسة، بدخل وراك وأتخبا.
(تفتح نورا الباب. واقفة بنت… شايلة شنطة سفر).
نورا: ...أوه. أوه لا.أوه لا لا لا.
ليو:  (يطل من فوق كتف نورا) لحظة— ذي… ميا؟
ميا: هلا نورا. هلا ليو. أدري جيتي مفاجِئة… وأدري المفروض أتصل قبل… بس… الأمور تعقدت شوي، وما كان عندي مكان أروح له.
نورا:  (مصدومة بصوت واطي) ميا… إنتِ هنا؟ ليش… مع شنطة سفر؟
ليو:  (يتقدم بقلق) إنتِ كويسة؟ شكلك كأنك جريتي طول الطريق لهنا!
ميا:  (تتنفس بنبرة مهزوزة) صراحة وصفك دقيق. شقتي صار فيها… خلنا نقول “كارثة سباكة"". السقف بدأ ينقط بعدها صار فيضان مجاري من فوق على البيت. أخذت اللي قدرت عليه وطلعت قبل أنجن.
نورا: يا ربي… شي يخوّف. بس ميا… المفروض كلمتينا! رسالة… فويس… حمام زاجل… أي شي!
ميا: أدري… أدري كان لازم. بس توترت. وإذا توترت… المنطق يختفي. جيت هنا على طول… حسيت هالمكان هو الأمان الوحيد اللي طرى على بالي.
ليو:  (بلطف) مو لازم تتعذري بسبت التوتر. أهم شي إنك هنا وكويسة.
نورا: إي… وإنتِ تمام؟ بس ميا… كم ناوية تجلسين؟
ميا:  (بتردد، صوتها صغير) أنا… بصراحة مدري. يمكن ليلة… يمكن ليلتين. الفنيين قالوا يمكن أسبوع لين الشقة تصلح. بس والله ما أتوقع منكم تستضيفوني كل هالوقت.
ليو: هااا، لا تقولي كلام ما صار. إنتِ مثل الأهل. ولو احتجتي مكان، بنلقى حل سوا.
نورا: إي… بس تمنيت نعرف قبل. أنا أحتاج أجهز نفسي إذا تغيرت الخطة فجأة. مو إني مو ودي فيك… بس عقلي يحتاج وقت يستوعب ضيف في البيت.
ميا:  (تهز راسها سريع) فاهمة، فاهمة يا نورا. وبصراحة آسفة إني فجأة نطّيت عليكم. وإذا يريحك… أنام بالصالة… وما ألمس أي شي. أصير مثل الابجورة بالزاوية.
ليو:  (يضحك بخفة) ما نبيك تصيرين ابجورة. بس خذي نفس، يومك كان طويل وصعب.
(ميا تدخل. نورا تسكّر الباب ببطء وهي لسا تستوعب).
نورا: طيب… أوكي. خلّونا نجلس شوي. ميا، تبين شاهي؟ أظن الغلاية لسا دافية.
ميا: الشاهي ممتاز. أي شي دافي ممتاز. جسمي كامل حاس إنه قطعة ثلج ترجف توتر.
ليو: تبين تتكلمين عن اللي صار؟ ولا تبين تجلسين ساكته وتطالعي بالجدار لين مخك يشغل نفسه؟
ميا: يمكن مكس؟ لأن لو بديت أشرح كل شي، بنخنق بكاء… وودي أحافظ على كرامتي خمس دقايق زيادة.
نورا:  (ترجع معا شاهي، صوتها أرق) تفضلي… بابونج.
يمكن ما يصلّح سقفك الخربان… بس يمكن يهديك شوي.
ميا:  (تمسك الكوب ويدها ترجف) شكراً. صدق… شكراً لأنكم فتحتوا لي الباب بدون ما تحسون إني حمل زيادة. أنا جيت بأسوأ توقيت.
ليو: أسوأ توقيت كان لو جيتي يوم نورا رتّبت دولاب البهار. إنتِ جيتي قبل الكارثة.
نورا: ليووو— لا تفضحني.
ليو:  (يبتسم) مو فضيحة… هذا تذكير إنك تصيري تضحكين لما تتوترين.
نورا: مو… أوكي شوي.
ميا:  (تبتسم ابتسامة حقيقية أخيراً) حلو أضحك لأول مرّة اليوم.
ما توقعت كيف كنت مشدودة إلا الحين. وجودكم يخفف رهبة الأشياء دائمًا.
نورا: شوفي… أنا ما أحب المفاجآت، صحيح. بس أحبّك. وفرحت إنك جيتي هنا بدل تقعدين لحالك في شقتك اللي تحولت لحوض سمك.
ميا: شكراً… يعنيها لي كثير.
(لحظة هدوء. كلّهم يتنفسون).
ليو: طيب… وش الخطة؟ نلقى سكن مؤقت بكرة؟ ولا تبين تقعدين معنا لين نعرف وش الخطوة الجاية؟
ميا: إذا… إذا فعلاً ما يضايقكم… أبغى أجلس ليلتين. لين أعرف التأمين وش وضعه… وين أعيش وهُم يصلحوا سقفي.
نورا: تمام. بنرتّب المكان. بس… عطيني فرصة أتهيأ نفسيًا قبل نحرّك الأثاث، أوكي؟
ميا: أكيد. أنام حتى بالزاوية جنب الرف، أصغّر نفسي وأختفي.
ليو: لا تقولين كذا. لا إنتِ صغيرة، ولا ثقيلة علينا. إنتِ محتاجة مساعدة… وإحنا هنا أهلك ... خلاص.
نورا: بالضبط. بس مرّة ثانية… حتى لو حالة طارئة… أرسلي خمس ثواني رسالة، عشان ما أفتح الباب وأنا حاسة بكمين تصوير مفاجئ.
ميا:  (تضحك من قلب) تم.أوعدكم. لا مزيد مفاجآت بشنطة سفر… إلا إذا نبهتكم.
ليو: حلو. الحين نجلس، ناكل شيء، ونخطط لبكرة. بدون استعجال. بدون توتر. بس نهدى.
نورا: وبعد… حلا. حاسّه الليلة تحتاج حلا.
ميا: والله… هذا الكلام الصح.
(تنخفض الإضاءة… وهم يجلسون حول الطاولة، أخيراً مرتاحين).














المشهد 10





رايلي: (يدينها متشابكة، تطالع قدّام) يعني… شكله أخيراً بنسويها. بنجلس ونتكلم مثل الناس الكبار بدل ما نسوي إنه ما في شي. أنا لي أيّام أنتظر هالسالفة، تصدق؟
سام: (يتنفس ببطء وهو يلعب بسحاب الجاكيت) إي… أدري.
وأسف إنّي طولت لين أتكلم. أنا بس… كنت أحتاج وقت أفكّر كيف أشرح كل اللي صار بدون ما أطلع ملخبط أو درامي… مع إني غالباً بطلع كذا.
رايلي: أنا أحب الصراحة الملخبطة على السكوت اللي عطيتني إياه بصراحة. سام، حسّيتك اختفيت من الكوكب. حتى ميمز ما ترسل! أنت دايما ترسل لي ميمز!
سام: هذي أكبر علامة إنه في شي غلط. إذا ما قدرت أرسل حتى ميم بسس غبي… معناته عقلي مو في أحسن حالاته.
رايلي: (تلتفت له شوي بنبرة ألين) انت صادق. بس تقدر تشرح لي وش صار؟ لأنه من جهتي حسّيت كل شي طبيعي… وفجأة اختفيت كأنك تهرب مني.
سام: ما كنت أهرب منك. كنت أهرب… من السالفة نفسها. اللي أدري إنها تقريباً نفس الشي… بس النية غير، والله.
رايلي: سام… أنت تلف وتدور. وش السالفة؟
سام: (ياخذ نفس طويل) الرسالة اللي رسلتيها الأسبوع الماضي.
لما قلتي: “نحتاج نتكلم بأقرب وقت.” أدري الحين الموضوع يضحك… بس ذيك الكلمة دخلتني في حالة خوف.
حسّيتك بتواجهيني بشي قوي… أو بتقولين ما تبين صداقتنا… أو مدري… شي كبير.
رايلي: (ترمش، مصدومة) سام… كنت أقصد نتكلم عن تخطيط رحلتنا! رحلة القروب! اللي قلت تبغى تنسقها معي! حطّيت بعد ابتسامة!
سام: (اووهمم اممم) أدري… أدري. طوّلت أتأمل الابتسامة ذيك… وبرضو أقنعت نفسي إنها ابتسامة خبث لطيفة. الابتسامة اللي الناس يحطونها قبل ما يقولوا لك الخبر السيء.
رايلي: أنت فسّرت ابتسامة على إنها تهديد؟
سام: واضح إيه. عقلي يحب يتخيل… بس بدون فايدة.
رايلي: (تهز راسها وتبتسم رغم عصبيتها) يا الله يا سام… والله لو في جائزة لاستخراج دراما من الهوا… تفوز فيها بسهولة.
سام: قولي والله. تراني اليوم الثاني قعدت أحلل الرسالة كأنها شفرة من الـ FBI.
رايلي: كان بس تسألني وش أقصد!
سام: أبغى… بس تجمّدت. وكل ما طولت، صار أصعب أرجع أرسل. وبعدين أقنعت نفسي يمكن المسافة أحسن… مع إن ما كان له معنى… وبعدها دخلت بالدوامة— والحين إحنا هنا.
رايلي: إيه… هنا. شخصين كبار قاعدين بحديقة بالليل… لأن واحد منهم خاف من ابتسامة.
سام: إذا تقولينها كذا… الوضع يصير أسوأ.
رايلي: مو قصدي أحسسك بالذنب. أحاول أفهمك. لأن بصراحة… اشتقت أكلمك كل يوم. اشتقت لفضفضتك الغريبة… وآرائك الغريبة بالأكل… وطريقتك الدرامية بكل شي. المكان فاضي بدونك.
سام: (عيونه تلين) تشتاقين؟ ... كنت أحسب إني غالباً أزعجك نص الوقت.
رايلي: إيه تزعجني أحيان… بس مو بطريقة سيئة. أنت تجيب… مدري… حياة. حركة. فلما اختفيت فجأة… أنا بعد صرت أفكر كثير.
قلت يمكن قلت شي غلط… أو يمكن صداقتي لك ما كانت كفاية…
أو يمكن إني ما عاد صرت مهمّة له.
سام: رايلي… لا. بالله لا. أنت من أهم الناس بحياتي. وفكرة إنك ظنيتي ما يهمني… هذي توجع أكثر من كل شي ثاني.
رايلي: طيب ليه ما قلت لي؟ ليه ما قلت: “أنا خايف من الابتسامة”؟
سام: استحيت. أنا أعرف انه ما هو منطقي. وأعرف إنه اخترع مشاكل من ولا شي. واعترف لك بهالشي ... لشخص أهتم فيه… يحسّسني إني أكشف أضعف جزء فيني.
رايلي: بس هذا هو الموضوع يا سام. مو لازم تخبي الضعف حقك.
أحب أعرف وش تمرّ فيه… بدل ما أجلس أتخيل إني أنا السبب.
سام: (صوته أهدى) بحاول… صدق بحاول أتكلم قبل ما مخي يقلب كل شي لفيلم كارثي.
رايلي: تمام. لأني ما أبيك تختفي عني مرّة ثانية. وإذا أرسلت لك ابتسامة خبث صدقني بتعرف… بتكون ذيك الابتسامة اللي لها شكل مرعب واضح.
سام: (يضحك أخيراً) أوكي… ذي حقيقة تخوّف.
رايلي: شفت؟ كلام واضح.
سام: بس من جد… أسف. أني سكّرت الباب. وأنا خليتك تحسين إنه سحبت عليك. وأني تخيلت الأسوأ بدل ما أسأل.
رايلي: سامحتك. بس لا تعيدها. ولا تخلي الإيموجيز تتحكم بحياتك النفسية.
سام: ذي ما أقدر أضمنها… بس بحاول.
(لحظة هدوء مريحة بينهم).
رايلي: طيب… دام صفينا الجو… نرجع نخطط الرحلة؟ القروب يسألوني كل يوم مين يحجز الأكواخ… وأنا مخليّة الوضع كأنه كله تحت السيطرة.
سام: إي بالله… خلّينا نتكلم عن شي ما له علاقة بقلقي بسبب علامات الترقيم.
رايلي: تمام. لقيت كوخ عند بحيرة… له منصة كبيرة تطل عاليها. توقعت يعجبك لانك كل مرة تقول إن منظر الموية يهدي مخك.
سام: تذكرين ذا؟!
رايلي: أكيد. يمكن تشوفني سيدا… بس أنتبه. خصوصاً لك.
سام: شكراً…من جد. ...على صبرك… رغم إنك أكيد ودك تخنقيني.
رايلي: إي، ودي أخنقك. بس ودي أفهمك أكثر بعد.
سام: قدّرت هالشي. وأوعدك… المرة الجاية إذا خوّفني شي… بقول قبل ما أدخل في دوامة “إيموجي يدمّر حياتي”.
رايلي: ممتاز. لأني مو مستعدة أخسر أسبوع ميمز ثاني بسبب قلقك.
سام: تم. على فكرة… شكراً إنك جيتي اليوم… أعرف الوقت متأخر.
رايلي: عشانك؟ أجي لو الوقت أكثر من كذا بعد.
(يتبادلون ابتسامة دافية… والجو يتصفّى أخيراً).






المشهد الأول
المكان: صديقين، مايا وجون ويتشاركوا صباح بطيء في شقتهم. يسو قهوة سوا، يسو طقوسهم اليومية من الاسترخاء، ويشوفوا الرسائل الوصلتهم.

مايا: (تشد ذراعيها وتطالع قدّام وهي","مايا: اوووف، خلاص بس… كذا بأتصل بالشرطة.
مايا: ها وش أسوي؟
مايا: (متوترة عند الكاشير) اممم السلام عليكم، \ لو سمحتي في أحد سلّم محفظة ضايعة؟ عليها ورد وشكلها حلو، فيها حياتي كلها؟
مايا: (تهمس) ما حطلع من البيت مرة ثانية.","خلاص بس. كدا بأتصل بالشرطة.
{صمت}
 ها وش أسوي؟
{صمت}
 الل السلام عليكم، لو سمحتي في أحد سلّم محفظة ضايعة؟ عليها ورد وشكلها حلو، فيها حياتي كلها؟
{صمت}
{تنهد}
 ما حطلع من البيت مرة ثانية.",5,2,False,0.267399,0.275157,0.0,0.238517,0.218928
8,Arabic_SA,https://d2r5sftrozu18z.cloudfront.net/uploads/audio-segmentation/1095/2_hours/2_hours_Segment_024.wav,"والتسلق؟
يعني ما تبي تروحي؟
 هيهيهي. مشاكل موظفين.
نوح: طيب، عندك مناسبتين وبالكثيير ثلاث وكنسلي الباقي.
 انتِي مو حتنطردي من المجتمع لانك ما رحتي لرحلة تسلق!","المشهد ١ — دراما رسالة الجوال الغامضة
المكان: غرفة جلوس هادئة، آخر النهار. الجوال يهتز بلا توقف.
لينا: (تتنهد بضيق) ثيو! يا الله!، لازم تشوف ذا. الحين.
ثيو: (يتثاءب) وش فيه الحين؟ نهاية العالم خلاص؟ أو برجك الغبي حذرك؟
لينا: لا! أخَسْ. شوف… (تمد له الهاتف) ليه أليكس أرسل لي: ""أَبِيكِ بكلمة"".
ثيو: (شهقة) أخطر أربع كلمات في اللغة العربية.
لينا: بالضبط! صح؟ وش يقصد بها؟ ""أَبِيكِ بكلمة"". عن وش؟ وليه؟ متى؟ ووين؟ وعن وش؟
ثيو: (آآه تنهد) لينا، اهدي. ممكن بس يبي رأيك.
لينا: (تهز رأسها)  ممم ما في واحد يقول ""أَبِيكِ بكلمة"" لشيء عادي يا ثيو. هذه لغة جادة. لغة المواجهات. لغة ال…
ثيو: (يقاطعها) لغة الدراما اللي اخترعتيها بنفسك.
لينا: (تتأوه) كنت أعرف. حياتي صارت مسلسل. وأنا ما أدري.
ثيو: (يضحك) أنت السببتيها. أنت تحبين الدراما. تتنفسينها.
لينا: (منزعجة) هممف كييف؟ ما أحب الدراما أبد.
ثيو: (مستمتع بضحكة خفيفة) لينا، الأسبوع الماضي بكيتِ على إعلان… عن كورن فليكس.
لينا: (تدافع) كان يحزن! الأب اعتذر لأنه أكل آخر صحن!
ثيو: (يضحك) اييييه ببكي من الأحاسيس.
لينا: (تتمشى بقلق) طيب، ركّز اممم    وش اسوي؟ أرد؟ أسحب عليه؟ أقوله إن الواي فاي خرب ثلاثة أيام؟
ثيو: (آآآه تنهد) اسأليه بس وش يقصد.
لينا: (تصدم) بس كذا؟! ثيو، ترا ذا وضع حساس. ما تقدر تسأله كذا وش يبي. هذا… هذا يخرب الاحاسيس!
ثيو: (يضحك) أنت غبية. هي كلها شوية كلمات.
لينا: نعم! كلمات تخرب باقي اسبوعي!
ثيو: (يبتسم) دراما ما تخلص.
لينا: (بقلق خفيف) طيب، بأكتب: ""أوكي، وش فيه؟"" كذا تمام؟ رزين؟ غريب؟ لطيفة؟
ثيو: (هممممم) لينا… حلو. رد طبيعي. زي سويسرا ... محايدة.
لينا: (تكتب بسرعة) طيب. أرسلت. الحين نتوتر.
ثيو: (يضحك) أنت متوترة أصلًا.
لينا: والحين عندي سبب رسمي.
(الجوال يهتز)
لينا: ياااااااه! رد. ما أقدر اشوف. ثيو، اقرااه.
ثيو: (ينظر للهاتف) هممم.
لينا: (متجمدة) ""هممم""؟ وش تقصد بـ ""هممم""؟ ثيو، لا تعلقني!
ثيو: (يبتسم) اهدي. يقول إنه يبي يساعدك في جدولة حفل مفاجئة لصديقتك نورا.
لينا: (تفقد توترها فجأة) …آهاااا.
ثيو: (ينفجر ضاحكًا) سويتي دراما كبيرة علشان ذا بس؟ 
لينا: (بحرج) أكرهكم كلكم.
ثيو: لا، لا تكرهين. أنتِ تحبين الدراما… والدراما تحبك.
 
 
 
المشهد ٢ — أزمة القهوة في المقهى
المكان: مقهى مزدحم، وقت الصباح.
لينا: (متوترة) ثيو. حياتي انتهت. مرة ثانية.
ثيو: (يشرب القهوة) خليني أخمّن… خَلَص حليب الشوفان؟
لينا: نعم! كيف عرفت؟
ثيو: لينا… هذا المقهى يخلص فيه حليب الشوفان كل يومين. طبيعي.
لينا: (آآآه) بس هم يعرفون أني أحتاجه. أنا ما أتحمل اللاكتوز… عاطفيًا وجسديًا.
ثيو: (يضحك) لاكتوز عاطفي؟
لينا: نعم. الحليب يجرح روحي.
ثيو: خذي حليب لوز.
لينا: (هاااعع) لوز؟ طعمه زي النكد مخلوط بخشب.
ثيو: (يضحك) يا الله! أنت درامية.
لينا:  والباريستا أعطتني نبرة لما سألت عن حليب الشوفان الموجود عندهم في المخزن.
ثيو: وش قالت؟
لينا: قالت: ""نحن ما نخبي الحليب في مخزن سري.""
ثيو: (يضحك) معها حق.
لينا: لكن قالتها بدون نفس يا ثيو. بدون نفس.
ثيو: (هاها) بدون نفس؟ اتصلي بالشرطة طيب.
لينا: بالضبط! لازم أقدم شكوى.
ثيو: بسبب الحليب؟
لينا: بسبب المبدأ. كنت أبغى قهوة طبيعية. لكن لااا… لازم تكون حياتي درامية.
ثيو: (يبتسم) الدراما تلحقك زي الكلب الوفيّ.
لينا: أنا ما أبِيهَا!
ثيو:  أنت حرفيا تجذبيها.
لينا: (آآآه) ممكن أوقف عن القهوة.
ثيو: (يضحك) حاولت من قبل ... صمدتي سبع ساعات.
لينا: الدنيا ما تحبني.
ثيو: على وش ما تحبك؟
لينا: ما أدري… ممكن لأني الأفضل.
ثيو: (قهقه) أكييد.
 
 
 
 
 
 
 
 
 
 
 
المشهد ٣ — كارثة قروب الشات
المكان: نفس المقهى، بعد فترة في الصباح.
لينا: (تنظر لهاتفها) لااا… ثيو، شوف. شوف!
ثيو: (يميل نحوها) وش فيه الحين؟ خلص الحليب بَعَدْ؟
لينا: أخَس. القروب مولّع.
ثيو: (اوووف) يا ساتر. وش فيه؟
لينا: واحد سأل: ""أي فيلم نشوف الليلة؟"" والحين فيه… 42 رسالة في دقيقتين.
ثيو: (هاهاهاها) هذي فوضى، مو دراما.
لينا: لا، دراما حقيقية. شوف ... إيلا تبغى رعب. بن رافض لأنه ""ما يتحمّل الرعب"". ميرا تشوف بس رومانسي. وجونا يبغى وثائقي… عن السحالي.
ثيو: (هاهاهاهاه) سحالي؟!
لينا: نعم! والأدهى والأمر… واحد منهم كتب اسمك وقال: ""ثيو يحدد"".
ثيو: أنا؟ ليه أنا؟
لينا: لأنك المحايد. يعتبرونك وسيط سلام.
ثيو: (ساخر) مسؤولية كبيرة ذي.
لينا: ثيو، لازم تختار بحكمة. هذا مجلس أمم متحدة.
ثيو: لينا… هو بس فيلم.
لينا: (تهمس بانفعال) لا. هذه سياسة اجتماعية.
ثيو: طيب… اختار… كوميديا.
لينا: يا ربيي… خطأ. بِن يكره الكوميديا. إيلا تقول الكوميديا ""سطحية عاطفيًا"". وميرا تبكي على الكوميديا أكثر من الرومانس.
ثيو: كيف؟
لينا: ما في منطقية. القروب ذا يدمّر العلاقات.
ثيو: (آآآخخ) أنتم كلكم مجانين.
لينا: (شهقة درامية) نحن! الحين القروب كله يصارخ لأن جونا ما يبغى غير السحالي.
ثيو: (هاهاهاهاها) أفضل خبر سمعته ذا الأسبوع.
لينا: كابوس… كابوس زواحف.
ثيو: تبين حل؟
لينا: نعم! أنقذنا!
ثيو: (يكتب) يلا، أقول: ""خلا نصوّت"".
لينا: (اوووه) أنت عبقري.
ثيو: أعرف.
لينا:  والحين ننتظر…
(لحظة انتظار)
لينا:  الحين في 15 صوت، 10 منهم كوميديا.
ثيو: قلت لك. الديمقراطية تفوز.
لينا: (تنهد) ثيو… انت أنقذت العالم.
ثيو: (هاهاهاهها) مبروك لنا.
لينا: بصراحة، حياتنا مليانة دراما.
ثيو: حياتك أنت. أنا بس الشخصية اللي تصلح الفوضى حقتك.
لينا: (هيهيهي) وأنت تحب تصلحها.
ثيو: (هاهاهاهاهها) يمكن.
 
 
المشهد ٤ — كارثة المحفظة الضائعة
المكان: خارج السوبرماركت، آخر النهار.
مايا: (مذعورة) جوردان! جوردان! جوردان! محفظتي ضاعت! دورت في شنطتي مرتين ... لا ثلاث ... يمكن خمس... مو في! اختفت!
جوردان: (بهدوء يشرب) تمام… متى آخر مرة شفتيها؟
مايا: (تلوّح بيديها) ما أعرف! يمكن في المحل، في السيارة… لااا أدري! أنا بنجن!
جوردان: طيب… اهدي. وين كنتي لما عرفتي إنها مو معك؟
مايا: (تشير لمقعد) هنا! جلست، حاولت أخذ مفاتيحي، وفجأة… الدنيا قررت تعاقبني.
جوردان: يعني المحفظة تبخرت؟
مايا: يمكن! يمكن صارت لها أرجل! وهربت تعيش حياتها الخاصة.
جوردان: محفظتك هربت؟ هذا تفسيرك؟
مايا: لا تضحك علي في مصيبتي!
جوردان: (يضحك) ما اتريق عليك، بس الاحظ الدراما حقتك… طيب خلنا نرجع كم خطوة ونتأكد. دخلتِ السوبرماركت، وبعدين وين رحتي؟
مايا: رحت لقسم الخضار… أخذت تفاح… بعدها رجعته ما عجبني. بعدين…
جوردان: مايا. ركيزي. طلعتي المحفظة وقتها؟
مايا: يمكن؟ مسحت البطاقة وأنا طالعة، بس ما أدري إذا بالمحفظة ولا الجوال؟ لااا… ممكن تركتها عند الكاشير؟ ماذا لو واحد سرقها؟
جوردان: (يطبطب) هي محفظة، مو كنز وطني. نروح نسأل—
مايا: (تمسك ذراعه) لا دقيقة! فتش شنطتي! يمكن تلقاها لأني ما أشوف!
جوردان: تريديني أغوص في الثقب الأسود اللي تسميه شنطة؟
مايا: نعم! لأني ما أثق بنفسي
جوردان: (هممم) خلنا نفتش ... فواتير… أقلام؟ ليه 17 قلم؟ و… سناكات. وأكيد ما في محفظتك.
مايا: (تجلس منهارة) انتهيت. بطاقاتي… هويتي… بطاقة المكتبة! يا ربيي، وش بيصير لو واحد استعار كتب باسمي!
جوردان: نعم، أكيد ذي المشكلة! مو فلوسك أو بطاقة البنك ... المشكلة الحقيقية هي غرامات تأخير الكتب.
مايا: لا تتريق! ترا الوضع جد!
جوردان: طيب… وين كنت قبل قسم الخضار؟
مايا: قسم اللحوم…  أخذت شرايح تركي ، والبنت الشغالة هناك طولت إلى ما تقطعهم… حسيت أني كبرت عشرين سنة!
جوردان: واستخدمتِ المحفظة؟
مايا: لا ... ما ادري الصدق. إلا لو استخدمتها! أو لا. يا الله! أنا عديمة المسؤولية.
جوردان: (يضحك). أول خطوة: الاعتراف أنك غير موثوقة.
مايا: (آآآه) انتظر ... يمكن تركتها في السيارة!
جوردان:  ما فتشتيها؟ 
مايا: بعيوني بس! يمكن كانت متخبية عن عيني.
جوردان: محفظتك ما هي كائن حي يتحرك ويتخبى لحاله.
مايا: أنت ما تدري! يلا نروح السيارة.
(يذهبون للسيارة)
جوردان: (يفتش) همم، يلا! وقت التفتيش الصح. جانب الكرسي ... درج الراكب ... الدرج بين الكرسين ... تحت السيارة ... لا، ما في شيء.
مايا:  اوووف، خلاص بس… كذا بأتصل بالشرطة.
جوردان: يعيني وش بتقولي؟. ""هلا، نحتاج حملة تفتيش عن محفظة عليها ورود.""
مايا:  ها وش أسوي؟
(رجعوا للمتجر)
مايا: (متوترة عند الكاشير) اممم السلام عليكم، \ لو سمحتي في أحد سلّم محفظة ضايعة؟ عليها ورد وشكلها حلو، فيها حياتي كلها؟
الموظف:  (تتأكد الموظفة) لا، للاسف.
مايا: (تهمس) ما حطلع من البيت مرة ثانية.
جوردان: سؤال!… جربتي جيوب الجاكيت حقك؟
مايا: مستحيل. أنا ما أحط شيء فيها. صغيرة مرة.
جوردان: مايا. تأكدي.
مايا: اااخ طيب (تحط يدها بجيبها)… انتظر… لحظة…
جوردان:  ااخ ... لا تقولي…
مايا: (تسحب المحفظة من الكم) مستحييييل!!
جوردان: (ينهار ضاحكًا) في جيبك… طول ذا الوقت في جيبك
مايا:  ماني فاهمة! ما قادرة استوعب الموضوع! 
جوردان: مبروك. القضية تقفلت. المحفظة ما هربت.
مايا: مستحيل. في واحد حطها في جيبي.
جوردان: إيييه صح، عميل سري دسها في جيبك.
مايا: وقف لا تِنَكِت علي!
جوردان: يا عالم… أكثر إنسانة درامية.
مايا: أكرهك.
جوردان: لا. ما تقدرين.
مايا: …يمكن. بس لا تقول لأحد عن الحصل.
جوردان: حكلم الكل.
مايا: جوردااان!!!!
جوردان: (يضحك) محققة المحافظ، يلا نرجع البيت قبل تضيعي الجاكيت حقك.
 
 
 
 
 
 
 
 
 
 
 
 
 
 
 
 
 
المشهد ٥ — انهيار نهاية الأسبوع
المكان: غرفة ريا، مساء الجمعة. السناكات على الطاولة والجوال يرن كل فترة.
ريا: (تدخل الغرفة) نوح! عندنا كارثة حتنهي العالم.
نوح: (من دون يطالع فيها) خليني أخمّن… وقفوا إنتاج شبسكك التحبيه؟
ريا: أسوأ! حجزت لنفسي… أربع مناسبات مختلفة… بيوم واحد!
نوح: أربعة؟
ريا: نعم! السبت بيقتلني!
نوح: طيب وش هي؟
ريا: أول وحدة: فطور عيد ميلاد بنت خالتي… لو ما حضرت بتبكي. 
نوح: يعني مناسبة أهل إجبارية.
ريا: الثانية: صديقتي تارا تنقل من بيتها وقالت ""أنت الوحيدة اللي ما تكسرين الأشياء"". ضغط كبييير علي.
نوح: غلطانة المسكينة.
ريا: الثالثة: ورشة الفخار اللي أنتظرها من سنة. دفعت فلوسها وما بترجع، روحي الإبداعية تبكي.
نوح: هممم هممم وش الرابعة؟
ريا: الرابعة: رحلة تسلق، مع فريق الشغل.
نوح: يعني إفطار… نقل… فخار… تسلق. في يوم واحد؟
ريا: إيه! ليه سويت بنفسي كذا؟
نوح: صراحة… إنجاز. تراكم عدى خيالي.
ريا: نوح! ما أقدر أكون في أربع أماكن مرة وحدة! أنا مو سوبر مان!
نوح: طيب، خلينا نشوف توقيت كل حدث.
ريا: الفطور الساعة 10. النقل الساعة 9 لكنها قالت ""تعالي وقت ما تبين"". الفخار الساعة 1. التسلق ""العصر"".
نوح: وتبين تحضري لكل ذي المواعيد؟
ريا: بالضبط! وهذه هي المشكلة!
نوح: هااهاهاه تقدرين على اثنين… يمكن ثلاثة لو عندك الانتقال السريع زي الانمي.
ريا:   اوووف يا ليتني أقدر انتقل بسرعة.
نوح: طيب… وش المناسبة الما تقدري تتأخري فيها؟
ريا:  همممم الفخار حدث لمرة وحدة ومحجوز من أول.
نوح: طيب كذا ثابت ... ووش بعد؟
ريا: الفطور، مشاعر قريبتي في خطر لو ما جيت. وكيكة مجانية.
نوح: الاهل الأقرب. كذا الفطور والفخار هي الثابتة. 
ريا: كمان حبكي لو ما رحت للفخار.
نوح: تمام. التسلق والنقل، و ... وين ناقلة صديقتك؟
ريا: بالاتجاه الثاني من المدينة. حرفياً.
نوح: والتسلق؟
ريا: طريق ما سمعته من قبل. والكثير من الحشرات.
نوح: يعني ما تبي تروحي؟
ريا: لا، بس لازم اروح. تلاحم الفريق، ونقاط توظيف حلوة. أنت تعرف، الوظيفة وانك تكون مسؤول.
نوح: هيهيهي. مشاكل موظفين.
ريا: للأسف.
نوح: طيب، عندك مناسبتين وبالكثير ثلاث وكنسلي الباقي.
ريا: أكنسل! أكنسل!! تستهبل! كلهم حيظنوا اني عديمة مسؤلية! حيقصوني من المجتمع وأصير منبوذة.
نوح: انتِ مو حتنطردي من المجتمع لانك ما رحتي لرحلة تسلق!
ريا: أنت ما تدري.
نوح: ههاهاهاها. طيب، وش رأيك لو كلتمي صديقتك أنك بتساعديها  في اليوم البعده؟
ريا: هممم قالت انها حتفك أغراضها نهاية الأسبوع كله.
نوح: بالضبط، ساعديها اليوم كله.
ريا: ذا ممكن ينفع ...
نوح: حلو، كذا باقي التسلق.
ريا: اااااخ التسلق!
نوح: ودك تروحين؟
ريا: ولا دقيقة.
نوح:  طيب لا تروحي.
ريا: لكن!
نوح:  ما في لا. قولي عندك الحق تكون عندك حياة برا الشغل.
ريا: وش أقول؟ ""اسفة، ما حاسة بالطاقة والدراما معاكم""
نوح: هاهاها. بدون دراما، ارسلي لهم ""عندي إلتزام أكثر أهمية"".
ريا: مَلَلَ.
نوح: احترافي.
ريا: اوكي، لكن على الأقل أقدر أقولهم مشغولة بشيء مهم؟
نوح:انت تسوي شيء مهم. مناسبة فطور، وورشة فخار إبداعية.
ريا: كذا السبت عبارة عن إفطار وفخار. 
نوح: مناسبتين تقدري عليها مو جدولة زفت.
ريا: نوح أحس اني منتعشة!
نوح: هيهي. قلت لك. كان باقي لك شوي وتخشي في مصيبة.
ريا: قربت ارسل لهم رسالة طويلة مليانة أعذار وايموجيز.
نوح: هاهاها. كويس وقفتك. ما في أحد يحتاج يقرأ تقرير من الاعذار.
ريا: كذا اقدر ارتاح. يومي ما اخترب.
نوح: بالضبط، عديتي مصيبة الجدولة.
ريا: لا تخلي الوضع درامي.
نوح: تعلمت منك.
ريا: هييي
نوح: امزح معك. بس كويس عرفتي أولياتك، واخترتي اثنين منهم.
ريا: هيهي. شكرا نوح. حتى لو أنت تتريق علي طول الوقت.
نوح: بس شوي. ولو صار فيني كذا متأكد أنك حتضحكي علي.
ريا: أكيد. 
نوح: بالضبط، خلنا نرتاح الحين. انقذت يومك.
ريا: انا المستقبلية لازم توقف تقول نعم لأي شيء.
نوح: تكفى اكتبيها في ورقة صغيرة وعلقيها عندك.
ريا: أن شاء الله بسويها.
(الاثنين جالسين على الكنبة مرتاحين.)
ريا: والحين ... وش نسوي اليوم؟
نوح: أي شيء إلا زيادة مواعيد بكرة.
ريا: اتفق.





المشهد ٦ — الصوت الغامض عند منتصف الليل
المكان: شقتهما، منتصف الليل. سكون… أو ما يقاربه 
(يسمع صوت خبطة)
سام: (هاااع) ليلا! اصحي! اصحي الحين!
ليلا: (نصف نائمة) لا. مو صاحية. إلا لو الشقة تحترق. غير كذا، لا.
سام: أحس في أحد بالبيت.
ليلا: (بعينين مغلقتين) هذي الثلاجة. كل ليلة تسوي كذا. من زمان.
سام: لااا هذا ما كان صوت شيء اعرفه من البيت.
ليلا: سام، ترا كل الأصوات تخوف آخر الليل وكمان إذا انتِ خايفة. 
سام: تكفين! قومي. يمكن حرامي. أو حيوان. أو ... يا ساتر ...قطو معصب!
ليلا: قطو معصب؟ هذا اللي مخك فكر فيه؟
سام: القطاوا تتهاوش آخر الليل. حرامية صغار عندهم أظافر!
ليلا: آآآخ منك ... طيب، طيب. كيف كان الصوت.
سام: كان زيي… بووم. بس مو أي بووم. بووم من اللي تجيك وتقول ""الوضع خطير"".
ليلا: وصف مفهوم جداً يا عبقرية!
سام: ترا الوضع جد!
ليلا: (اووااه) بوقف لما ما توقفي عن الصرخة البخفيف ذي. 
سام: أهمس كذا عشااان ما ننسمع من الحرامي.
ليلا: لو فيه حرامي، كان سمع دقات قلبك. دقات طبول اعراس.
سام: طيب، طيب اسمع ... هذا هو مرة ثانية!
(صوت خفيف ثاني)

ليلا: سام… هذا كيس الشيبس اللي تركتيه على الطاولة. توه طاح. من قال ""بأكل بس ثلاث حبات"" وآخر شيء أكلت نص الكيس
سام: ذا قبل ساعات ليش يطيح الحين؟ ليش مو قبل؟
ليلا: الجاذبية؟ الوقت؟ حركاتك حقت كل يوم المضرة بصحتك؟ اختَر واحد فيهم.
سام: لا تنكتي! نحتاج نتأكد.
ليلا: لا، أنت تحتاج تنام.
سام: ليلااا تكفى. بس شوي تعالي معاي لو في غدرة.
ليلا: (تسك آآآخ) طيب! لو ما في شيء بتسوي بكرة بان كيك.
سام: تم.
(يتسللان في الممر)
سام: (يهمس) تحركي بشويش، وخليكِ وراي.
ليلا: ليه وراك؟ مو أنت اللي خايف. ومفروض تخليني درع لك.
سام: أنتِ أشجع.
ليلا: (اييه) أنا مو شجاعة… أنا تعبانة. ما يهمني لو نموت.
(يصمتان للحظات)
سام: هششش.
ليلا:  ما في شيء. ممكن نرجع الحيـــ
سام: انتظري! سمعت صوت!
ليلا: (اووف) ذا بطنك.
(يدخلون المطبخ)
سام: (يطالع من طرف الزاوية) (هممم) مصيبة أكبر مما توقعت.
ليلا: وش فيه؟
سام: باب الدولاب مفتوح شوي.
ليلا: يعني تركته مفتوح، زي كل مرة.
سام: لااا! والله إني سكّرته!
ليلا: (اوووف) سام… أنت تحلف كثير. وكل شيء أنت تسويه أصلا عكس!
سام: أنتِ ما تفهمين! لو في واحد فتحه؟
ليلا: زي وش؟ جني يدور على ملح؟
سام: ممكن.
ليلا: (ااااخ) جني دخل المطبخ ... في نص الليل ... بس يفتح الدولاب ويطلع؟
سام: لما قلتيها كذا ... حسيتها عبيطة.
ليلا: لأنها عباطة!

(صوت خفيف وكأنه كيس)
سام: شفت؟! أكيد في شيء في المطبخ
ليلا: (تنحني وتشوف) ايييه ... خلنا نشوف مسرح الجريمة. ... شوف! كيس الشيبس على الأرض.
سام: في واحد طيحه!
ليلا: شيء في الفيزياء اسمه الجاذبية وأنك حطيته مطرف على الرف.
سام: مستحييل! حطيته كويس على الرف.
ليلا: ... اووه صحييح. واضحة من عاداتك الكويسة.
سام: (اووف) خلنا نفتش في الصالة.
ليلا:سااام.ساااام. ترا نص الليل، ما حسوي تفتيش كامل للشقة!
سام: ما عليك، كلها دقيقتين.
ليلا: حتأخذ 10 دقايق! لانك تفتش زي العساكر.
سام: اسمه اتقان العمل.
ليلا: ذا اسمه الوسوسة.
(وصلوا الصالة)
سام: الستارة تحركت!
ليلا: لأنك مشيت. والهواء حركها.
سام: متأكدة؟ ممكن يكون ...
ليلا: لا تقول جني.
سام: طيب، حقول الهوا
ليلا: شفت! شيء معقول.
سام: لكن… ما فيه شباك مفتوح.
ليلا: طيب ... هذا غريب.
سام: قلت لك!
ليلا: لحظة… سكّرت باب البلكونة؟
سام: أظن؟
ليلا: تظن؟ سام! كذا تبدأ أفلام الرعب!
(يتفحصا الباب)
سام: (مرتاح)(اااه) مقفل.
ليلا: الحمد لله. يعني ما فيه شيء يخوف ...
(صوت حركة خفيفة)
سام: وش هذا؟!
ليلا: (خافت بس تتدعي الثبات) وكانه شيء يجلس.
سام: وش الي شيء يجلس؟؟
ليلا: مدري!!
سام:  سلة الغسيل طاحت!
ليلا: (شافت السلة) حطيت جزمتك الثقيلة فوق علشان كذا طاحت السلة.
سام:  الجاذبية مسوية شغلها الليلة.
ليلا: (هاهاهها) أنت اسمج انسان خايف قابلته.
سام:  سعيد أنه خوفي ضحكك.
ليلا: لآخر درجة، الحين أنا مصحصة.
سام: يعني تقتنعين إنه فيه شيء؟
ليلا: لا. مقتنعة أنك أنت المحتوى.
سام: لكن—
ليلا: سام… الأبواب مقفلة. ما فيه أشياء مكسورة. لا قطو. لا جني. كل شيء كويس.
سام: أكيد؟
ليلا:  يب أكيد.
سام: يمكن… بالغت شوي.
ليلا: شوي؟
سام:  اوكي ممكن كثير.
ليلا: بس عادي. أنت تخاف بالليل. سام الليل شخص ثاني.
سام: الظلمة والهدوء تخوفني.
ليلا: الخبر الحلو هنا انه خيالك هو الجني.
سام: (هاهاها) صحيح صحيح.
ليلا: يلا نرجع ننام… قبل ما يخوفك صوت الثلاجة.
سام: بس متأكد انه الشيبس ما طاح لحاله.
ليلا: (أييييه) أكييد ... طاح الشيبس لحاله لأنك ما تعرف تحطه زي الاوادم.
سام:  (هاهاهاها) ما ودك توقفي تريقة؟
ليلا: أبد ما بوقف.
(رجعوا للغرفة)
سام: شكرًا لأنك قمتي.
ليلا: عندي بانكيك. وقهوة.
سام: تم.
ليلا: وإذا سمعت صوت بعدين؟
سام: بأخذ نفس… قبل ما أتهم قطو شرير.
ليلا:  حلو التطور.







المشهد ٧ — كارثة الرسالة الخاطئة
المكان: غرفة مايا. عصر. مايا تمشي ذهابًا وإيابًا وهي تهتز من التوتر. جوردان يشرب شاي.
مايا: (مرتبكة) جوردان! جوردان! جبت العييد!
جوردان: (هادئ جدًا) خذي نفس… وش صار؟
مايا:  ما في وقت للهداوة ... أرسلت الرسالة.
جوردان: أي رسالة؟ أنت ترسلين ألف رسالة يوميًا.
مايا: مو هذي! أرسلت رسالة غلط وفي وقت غلط لشخص غلط!
جوردان: لمن؟
مايا: لمديري.
جوردان: …العييد ... وش ارسلتي فيها؟
مايا: تتذكر كلامي لك قبل شوي… لما قلت إنه ""يشغل الفريق مثل GPS خربان""؟
جوردان: لا تقولي—
مايا: أرسلته له! على رقمه الخاص! ومع إيموجيز!
جوردان: (اوووف) هذه… (هسسس) مصيبة والله.
مايا: أخيراً استوعبت المصيبة!
جوردان: هذي مصيبة بس كمان تحسها جرأة منك.
مايا: جرأة! أنا بنطرد، يحاكموني ويضيع مستقبلي، وحتى انخطف من ال HR
جوردان: ال HR ترا ما يخطفون الناس.
مايا: (اييييه) صدق؟ شكلك ما شفت ايميلاتهم. مليانة لهجة وعيد وتهديد تقول بيقتلوك.
جوردان: (هي هي) اوكي اسف.
مايا: وش اسوي الحين؟
جوردان: أول شيء اهدي. حفرتي الأرض من حركتك.
مايا: ما اقدر، لو وقفت بنفجر من التوتر والخوف.
جوردان: اوكي، انفجري بالراحة.
مايا: ما ابغى انفجر بالراحة. ابغى الغي الرسالة.
جوردان: جربتي تحذفيها؟
مايا:اكيد. بس الدنيا تكرهني. بس في زر حذف لدي، وما في حذف للجميع.
جوردان: ذا الزر الغبي ما منه اي فايدة.
مايا: بالضبط. وش اسوي الحين؟
جوردان: انتظري بس.
مايا: أنتظر! أنتظر!! جوردان أنا روحي ما تتحمل الانتظار.
جوردان: ما عندك حل، إلا لو تهكري جواله بطريقة الأفلام.
مايا: لا تغريني! ترا شوي واسويها.
جوردان: طيب طيب. خلنا نفكر بواقعية.
مايا: واقعية؟ يا جوردان، ما عندي غير أفكار سلبية.
جوردان: طيب، انت فكري بدرامتك وانا بفكر بعقلانية لنا الاثنين.
مايا: تم.
جوردان: اسوء شيء بصير أنه يقرأها ويطلب يكلمك علشان يعرف وش السالفة. 
مايا: يكلمني؟؟ هذه لغة ال HR علشان تجهز آخر كلامك
جوردان: لا، مرات يكون نقاش بسيط.
مايا: آخر ""نقاش"" خلوني فيه المسؤولة عن حفلات الميلاد.
جوردان: (آآخ) مثال زفت. نشوف شيء ثاني.
مايا: (ايييه) قاعدين يقروها. كنت أدري. ليه ما علقوا على الرسالة؟ ليه صارت صحين ازرق بدون رد؟ ليه ""يكتب الآن""
جوردان: علامة واحد يكتب؟
مايا: ايه. تظهر وتختفي. قاعد يكتب نهايتي. ويمسحني من الوجود.
جوردان: أو قاعد يكتب لستة السوق، وفتح شاتك بالغلط.
مايا: لا. يقصد يسوي كذا. هذه غلطتي لأني غلطت عليهم.
جوردان: كانت تضحك على الأقل.
مايا: جوردان. بالله وقف مدح تريقتي.
جوردان: اسف. طيب. خلنا ندور طريقة نخفف بها المصيبة الجاية.
مايا: ايييه بالله عليك. عطنا الكلمات للاعتذار المثالي.
جوردان: تمام. وش رأيك في ""هلا. انا اسفة، الرسالة ذي جاتك بالغلط"".
مايا: قصيرة، وتبين أني مو مهتمة.
جوردان: طيب. وش رأيك ""متأسفة جدا، في سوء فهم ...""
مايا: لا! كذا يصير كأني الغلطانة. ابغى شيء عادي بس محبطُ.
جوردان: نبرة عادية بس محبطة ... طيب وش رايك ""اعتذر عن الرسالة الغلط. اترسلت برا سياق السالفة""
مايا: برا السياق؟ ما في مبرر اني اذب على رئيسي برا السياق.
جوردان: ممكن تصير.
مايا: كيف؟ الا لو الدنيا اهتزت!
جوردان: تدرين! ممكن تصير كذا!
مايا: انا ما اطقطق يا جوردان! 
جوردان: صحيح، معليش. طيب، اعتذري وخلاص، من كل قلبك.
مايا: أضيف ايموجيز؟
جوردان: لا. أكيد لا. بدون ولا واحد.
مايا: ولا حتى وجه حزين؟
جوردان: لا. هذا بزيد المصيبة. الكبار ما يحطو ايموجيز في رسالة اعتذار.
مايا: اوكي. تمام. كتبت الرسالة.
جوردان: اقريها.
مايا: (تقرأ) ""السلام عليكم، انا اعتذر بصدق عن الرسالة الوصلتك سابقا، كانت لصديقتي. كنت افرغ توتري واحباطي لصديقتي، لكن المفروض اتعامل معه باحترافية. اعتذر لك بصدق"".
جوردان: ممتاز جدا.
مايا: أرسلها؟
جوردان: ارسليها.
(أرسلتها وندمت على مباشرة)
مايا: يا الله، يا الله! ليه سويت كذا؟ ليه خليتني أرسلها؟
جوردان: لأنه ذا الأصح. وأنت كبيرة ووقفي لعب العيال.
مايا: يكتب مرة ثانية!
جوردان: ممتاز. كذا تفاعل مع الرسالة.
مايا: أو ... أو قاعد يكتب رسالة طردي.
جوردان: انا متأكد انها ما تنكتب بجوال.
مايا: يسوها لو معصبين.
جوردان: اهدي. خلنا ننتظر.
مايا: طيب ... جوردان، مو قادرة اتنفس.
جوردان: تنفسي عادي، ما في مشكلة يا بنت!
(الجوال يهتز)
مايا: يا الله! رد.
جوردان: اقريها.
مايا: (تقرأ بشويش) امممم ""السلام عليكم، شكرا على صدقك. كلنا بنمر بلحظات احباط احيانا. بكرة خلنا نتكلم عن ستراتجيات تواصل افضل"".
جوردان: شفتي؟ ما طردك ولا دمرك ولا خطفك.
مايا: (آآآآآآه) يا الله، انا عايشة ... أنا عايشاااااة.
جوردان: مبارك عليك. نجيتي من حادث رسالة عظيم.
مايا: ما بسويها ثاني. من اليوم بتأكد ثلاث مرات قبل اراسل أي أحد.
جوردان: حلو
مايا: وببلكك وقت الشغل.
جوردان: هييي، وليه أنا الياخذ بلوك؟
مايا: لأنك تخليني اروح اشتكي بدراما كثيرة.
جوردان: ما تحتاجي حتى دفة مني.
مايا: اتفق معك ...
(ضحكوا سوا)
جوردان: ها ... تبين شاي؟
مايا: اييه، خله رايق ومظبوط. كأنه حضن.
جوردان: ابشري.
مايا: جوردان؟
جوردان: هلا؟
مايا: شكرا لك لانك انقذتني.
جوردان: بأي وقت. 















المشهد 8 – السر خرج للعلن.
المكان: اراف وريا يتشاركوا شقة. المساء. مطر برا. صوت المطر على الشباك. ريا تجلس على الكنبة، متوترة تقلب بجوالها. اراف تدخل ومعاها كوبين شاي.

اراف:  (يحط الشاهي بهدوء فوق الطاولة) سويت لك بابونج… النوع اللي يهدّيك، اللي تحبينه. حسّيت يمكن تحتاجينه اليوم. من الصبح وأنت ساكته… واضح إن في شي بخاطرك ما قلتيه.
ريا:  (تبتسم غصب وهي تطالع الكوب) يعطيك العافية… صدق. بس أنا تمام. بس… تعبانة شوي، تعرف؟ الشغل طويل… وأشياء تتراكم… يعني شي طبيعي.
اراف:  (يجلس جنبها شوي) ريا، الله يهدّيك. إحنا عايشين مع بعض من زمان وأعرف “تمامك” يوم يكون صِدق… ويوم تحاولين بقوة تسوين إنه ما في شي. واللي عندك الحين… مو ضغط شغل عادي.
ريا:  (تتنفّس بشوي رجّة) مدري يا أراَف… أحسني متلخبطة من الحياة يمكن. كل شي أحسه واجد الفترة ذي. وما أبي أسحبك معي للنكد.
اراف: بس أنا أبي تسحبيني إذا هذا بساعدك. مو لازم تشيلين كل شي بروحك. أنتِ تعرفين هالشي، صح؟
ريا: (نبرتها تلين) إي… أدري. بس ما كنت أبي أزيد عليك هم فوق همومك. أنت تتحمّل واجد.
اراف: ريا… قلقي يزيد لما تقفلي علي كذا. لما أشوفك شوي وتنهاري وتقولين لي “أنا تمام”… ذيك اللحظة تخوّف. والحين… أنا خايف، لأني حاس إن في شي غلط.
ريا:  (تطالع بعيد) مو إني ودي أخبيه… بس… ما كنت أعرف كيف أقوله بدون ما يكبر الموضوع… أو بدون ما تطالعني بنظرة ثانية.
اراف:  (يميل قدّام شوي) أطالعك بنظرة ثانية؟ وش يعني؟ وش ممكن تقولينه يخلي نظرتي لك تتغيّر؟ أنتِ ريا. انت الكون كله لي. ابَدّي من هالنقطة… وقولي لي.
ريا:  (يديها ترتجف شوي) اوكي… أوكي تمام. بس اوعدني ما تقاطعني… ولا تفترض شي قبل أكمل. تكفى. ما أبيك تستعجل.
اراف:  (يومّي براسه ببطء) أوعدك. بدون مقاطعة… بدون افتراضات. كلميني، يلا.
ريا:  (تاخذ نفس عميق) حاضر… من أسابيع صار لي شي، ما كنت متوقعة… ولا مستعدة له. جتني إيميلات… من مكتب المدير… عن فرصة نقل. كبيرة. بغير مدينة… وفعليًا بغير ولاية بعد. وما قلت لك لأني ما كنت متأكدة أصلاً أبغاها ولا لا. وبالأمس أرسلوا العرض الأخير… وأنا توترت وقفل مخي.
اراف:  (ساكت شوي، يستوعب) أنت… جاك عرض نقل؟ وعرض كبير بعد؟
ريا: إي. هو نفس الشي اللي كنت دايما أتمنى يصير… قبل أنا وإنت نبدأ نسوي حياة مع بعض. قبل كل شي يصير ثابت… وبيت… وطُمأنينة. أنا ما خبيته لأني بنقل. خبيته لأني ما أدري… أقدر أو لا؟  والمفروض إذا اختياري للوظية اخسرك ...
اراف:  (يتكي وراه، يتنفس ببطء) واو… أوكي. هذي صدق كبيرة. وما بكذب… جزء مني تمنى انك قلتِ لي من بدري، علشان لا تضغطي على نفسك. بس أنا موجود الحين. وبفهمك. وش تحسين بالضبط؟ متحمسة؟ خايفة؟ مترددة؟
ريا: صدق؟ كلهم. متحمسة لأنها خطوة كبيرة. وخايفة لأن ما أعرف وش يعني لنا. وحاسة بالذنب لأني كتمته. ومتلخبطة بين شي كنت أركض وراه… وبين شخص صار جزء من نفسي.
اراف:  (صوته ناعم وثابت) اسمعي… ما تحتاجين تختارين بيني وبين شغلك. هذا مو حب، هذا ضغط. وأنا ما أبغا أكون السبب اللي يوقفك. بس بسمع منك وش تبغين أنتِ. مو اللي تحسين لازم ومو اللي تحسين ما يزعّلني ... أنت… وش تبين؟
ريا:  (عيونها تلمع) أنا أبغى… أبغى الوظيفة.إي. بس بعد أبغاك… وما أعرف كيف نجمعهم بصورة وحدة. والي يقهرني إني ما وثقت فيك من البداية.
اراف:  (يمسك يدها بلطف) ريا… رغبتك في الوظيفة ما تعني رغبتك فيني أقل. وتمنيت تقولين لي من بدري، صحيح. ... بس بعد ودي أفهم ليه ما قلتي. يوم يطيح عليك قرار ضخم فجأة… يهدّ توازنك. أنا فاهم انك تبين الوظيفة… بدعمك بشكل كامل. بس لازم نتكلم عن وش يعني ذا على المدى الطويل… مع بعض.
ريا: يعني… مو زعلان؟
اراف: زعلان إنك شلتي الحمل لوحدك. بس مو زعلان من أحلامك.
ولا من طموحك. ولا من فرصة كبيرة جاتك. أنا بس أتمنى… أكون واقف جمبك وأنت تمرّين بهاللحظة.
ريا:  (تدمع وتبكي خفيف) ما أبي أخسرك.
اراف: ما بتخسريني بالمَسافة. تخسريني بس لو وقفتي تكلمينّي.
إذا قررتي قراراتك من خوف، مو من محبة ووضوح. بس اللي نسويه الحين… عكس ذا كله. الحين إحنا نتكلم. وهذا اللي ينقذ كل شي.
ريا: طيب وش نسوي؟ يعني عمليا؟
اراف: أول شي… نتنفّس. وبعدين نشوف التفاصيل. كم مدة النقل؟ دائم؟ مؤقت؟ ممكن يصير شغل عن بعد بعدين؟ نخطط للزيارات؟
وممكن أنا أنتقل بعدين لو الظروف سمحت؟ في مليون احتمال غير ننفصل.
ريا: أنا… حتى ما فكرت بكل ذا. شفت العرض وانفجعت وفكرت كل شي بينهار.
اراف: أنتِ تشوفين الانهيار. وأنا أشوف الحلول. وهذا اللي يخلّينا نمشي سوا.
ريا:  (تضحك وهي تبكي) تسوّي كل شي بسيط.
اراف: مو بسيط. بس نقدر نتعامل معه. وأنتِ مو لحالك خلاص.
ريا: شكراً…لأنك ما تركتني. ولأنك ما عصبت. ولأنك أنت.
اراف: أنا ما أروح مكان. إلا لو قلتِ لي… وبعد حتى لو قلتِ… بعاندك.
ريا: لا لا… لا تروح. ولا أفكر أقولك تروح.
اراف: تمام. كذا إحنا متفقين. الحين اشربي شايك قبل يبرد…
وبعدها نفتّح الإيميل سوا… ونقرأ التفاصيل مثل الناس العاقلين.
ريا:  تبتسم أخيرًا ... صدق أحِبّ ذا الشاي… مرّة.
اراف: وووو .... ريا؟
ريا: هلا؟
اراف: مرّة ثانية… لو شي كبير صار… كلّميني قبل ما تبدأ مرحلة “أنا بضيع”.
ريا: اتفقنا
(يجلسون سوا… والمطر من برا يخفّ شوي… وهم يميلون على اللابتوب).









المشهد 9 الزائر المفاجئ.
المكا: ليلة هادئة بالمنزل. نورا تجهز العشاء في المطبخ. ليو دخل البيت ومعه مقاضي البيت. دقة مفاجئة على الباب اربكة الجميع.

ليو:  (يحط الأكياس على الطاولة وهو يتمطّى) مو عرفتك كذا صراحة. كل مرة تكونين تركضين مع الوقت وتسبّين أكواب القياس كأنهم سرقوك. بصراحة أحترم روحك القتالية بالمطبخ.
نورا:  (تبتسم ابتسامة بسيطة) إي والله… اليوم غريب شوي. ودي يكون يوم هادي… لو الدنيا بس تتعاون مرّة وحدة. (يجي طَرق قوي على الباب. نورا تجمّد بمكانها).
نورا: وش ذا؟ ... قول لي إنه مو بابنا.
ليو: يعني… إلا لو جانا جني يعرف طق أبواب… أكيد أحد عند الباب. بس لا تشيلين هم، يمكن توصيله.
نورا: أنا ما طلبت شي. أنت طلبت شي؟
ليو: لا، بس إحنا بالقرن الواحد والعشرين. مرات توصل بكجات بدون ما أحد يعرف ليش. يمكن واحد من هالهدايا التجريبية اللي تسجلين فيها بالغلط دائماً.
(طرق ثاني… أقوى شوي).
نورا: أوكي… هذا أكيد مو توصيل. هذا شخص واقف ينتظر… وواضح مستعجل. ليو… بالله لا تقول إنك عزمت أحد بدون ما تخبرني.
ليو: والله ما عزمت أحد. أعرف وضعك مع الضيوف اللي يجون فجأة. تصيرين تعطين ذيك النظرة اللي كأنه آخر يوم لي بالدنيا.
نورا: ما أسوي كذا!
ليو:  (يبتسم بخبث) سويتيها قبل نص ثانية بس.
نورا:  (تتنفّس بعمق) خلاص… نشوف مين. بس لو واحد من ناس اشتراكات المكنسة، بدخل وراك وأتخبا.
(تفتح نورا الباب. واقفة بنت… شايلة شنطة سفر).
نورا: ...أوه. أوه لا.أوه لا لا لا.
ليو:  (يطل من فوق كتف نورا) لحظة— ذي… ميا؟
ميا: هلا نورا. هلا ليو. أدري جيتي مفاجِئة… وأدري المفروض أتصل قبل… بس… الأمور تعقدت شوي، وما كان عندي مكان أروح له.
نورا:  (مصدومة بصوت واطي) ميا… إنتِ هنا؟ ليش… مع شنطة سفر؟
ليو:  (يتقدم بقلق) إنتِ كويسة؟ شكلك كأنك جريتي طول الطريق لهنا!
ميا:  (تتنفس بنبرة مهزوزة) صراحة وصفك دقيق. شقتي صار فيها… خلنا نقول “كارثة سباكة"". السقف بدأ ينقط بعدها صار فيضان مجاري من فوق على البيت. أخذت اللي قدرت عليه وطلعت قبل أنجن.
نورا: يا ربي… شي يخوّف. بس ميا… المفروض كلمتينا! رسالة… فويس… حمام زاجل… أي شي!
ميا: أدري… أدري كان لازم. بس توترت. وإذا توترت… المنطق يختفي. جيت هنا على طول… حسيت هالمكان هو الأمان الوحيد اللي طرى على بالي.
ليو:  (بلطف) مو لازم تتعذري بسبت التوتر. أهم شي إنك هنا وكويسة.
نورا: إي… وإنتِ تمام؟ بس ميا… كم ناوية تجلسين؟
ميا:  (بتردد، صوتها صغير) أنا… بصراحة مدري. يمكن ليلة… يمكن ليلتين. الفنيين قالوا يمكن أسبوع لين الشقة تصلح. بس والله ما أتوقع منكم تستضيفوني كل هالوقت.
ليو: هااا، لا تقولي كلام ما صار. إنتِ مثل الأهل. ولو احتجتي مكان، بنلقى حل سوا.
نورا: إي… بس تمنيت نعرف قبل. أنا أحتاج أجهز نفسي إذا تغيرت الخطة فجأة. مو إني مو ودي فيك… بس عقلي يحتاج وقت يستوعب ضيف في البيت.
ميا:  (تهز راسها سريع) فاهمة، فاهمة يا نورا. وبصراحة آسفة إني فجأة نطّيت عليكم. وإذا يريحك… أنام بالصالة… وما ألمس أي شي. أصير مثل الابجورة بالزاوية.
ليو:  (يضحك بخفة) ما نبيك تصيرين ابجورة. بس خذي نفس، يومك كان طويل وصعب.
(ميا تدخل. نورا تسكّر الباب ببطء وهي لسا تستوعب).
نورا: طيب… أوكي. خلّونا نجلس شوي. ميا، تبين شاهي؟ أظن الغلاية لسا دافية.
ميا: الشاهي ممتاز. أي شي دافي ممتاز. جسمي كامل حاس إنه قطعة ثلج ترجف توتر.
ليو: تبين تتكلمين عن اللي صار؟ ولا تبين تجلسين ساكته وتطالعي بالجدار لين مخك يشغل نفسه؟
ميا: يمكن مكس؟ لأن لو بديت أشرح كل شي، بنخنق بكاء… وودي أحافظ على كرامتي خمس دقايق زيادة.
نورا:  (ترجع معا شاهي، صوتها أرق) تفضلي… بابونج.
يمكن ما يصلّح سقفك الخربان… بس يمكن يهديك شوي.
ميا:  (تمسك الكوب ويدها ترجف) شكراً. صدق… شكراً لأنكم فتحتوا لي الباب بدون ما تحسون إني حمل زيادة. أنا جيت بأسوأ توقيت.
ليو: أسوأ توقيت كان لو جيتي يوم نورا رتّبت دولاب البهار. إنتِ جيتي قبل الكارثة.
نورا: ليووو— لا تفضحني.
ليو:  (يبتسم) مو فضيحة… هذا تذكير إنك تصيري تضحكين لما تتوترين.
نورا: مو… أوكي شوي.
ميا:  (تبتسم ابتسامة حقيقية أخيراً) حلو أضحك لأول مرّة اليوم.
ما توقعت كيف كنت مشدودة إلا الحين. وجودكم يخفف رهبة الأشياء دائمًا.
نورا: شوفي… أنا ما أحب المفاجآت، صحيح. بس أحبّك. وفرحت إنك جيتي هنا بدل تقعدين لحالك في شقتك اللي تحولت لحوض سمك.
ميا: شكراً… يعنيها لي كثير.
(لحظة هدوء. كلّهم يتنفسون).
ليو: طيب… وش الخطة؟ نلقى سكن مؤقت بكرة؟ ولا تبين تقعدين معنا لين نعرف وش الخطوة الجاية؟
ميا: إذا… إذا فعلاً ما يضايقكم… أبغى أجلس ليلتين. لين أعرف التأمين وش وضعه… وين أعيش وهُم يصلحوا سقفي.
نورا: تمام. بنرتّب المكان. بس… عطيني فرصة أتهيأ نفسيًا قبل نحرّك الأثاث، أوكي؟
ميا: أكيد. أنام حتى بالزاوية جنب الرف، أصغّر نفسي وأختفي.
ليو: لا تقولين كذا. لا إنتِ صغيرة، ولا ثقيلة علينا. إنتِ محتاجة مساعدة… وإحنا هنا أهلك ... خلاص.
نورا: بالضبط. بس مرّة ثانية… حتى لو حالة طارئة… أرسلي خمس ثواني رسالة، عشان ما أفتح الباب وأنا حاسة بكمين تصوير مفاجئ.
ميا:  (تضحك من قلب) تم.أوعدكم. لا مزيد مفاجآت بشنطة سفر… إلا إذا نبهتكم.
ليو: حلو. الحين نجلس، ناكل شيء، ونخطط لبكرة. بدون استعجال. بدون توتر. بس نهدى.
نورا: وبعد… حلا. حاسّه الليلة تحتاج حلا.
ميا: والله… هذا الكلام الصح.
(تنخفض الإضاءة… وهم يجلسون حول الطاولة، أخيراً مرتاحين).














المشهد 10





رايلي: (يدينها متشابكة، تطالع قدّام) يعني… شكله أخيراً بنسويها. بنجلس ونتكلم مثل الناس الكبار بدل ما نسوي إنه ما في شي. أنا لي أيّام أنتظر هالسالفة، تصدق؟
سام: (يتنفس ببطء وهو يلعب بسحاب الجاكيت) إي… أدري.
وأسف إنّي طولت لين أتكلم. أنا بس… كنت أحتاج وقت أفكّر كيف أشرح كل اللي صار بدون ما أطلع ملخبط أو درامي… مع إني غالباً بطلع كذا.
رايلي: أنا أحب الصراحة الملخبطة على السكوت اللي عطيتني إياه بصراحة. سام، حسّيتك اختفيت من الكوكب. حتى ميمز ما ترسل! أنت دايما ترسل لي ميمز!
سام: هذي أكبر علامة إنه في شي غلط. إذا ما قدرت أرسل حتى ميم بسس غبي… معناته عقلي مو في أحسن حالاته.
رايلي: (تلتفت له شوي بنبرة ألين) انت صادق. بس تقدر تشرح لي وش صار؟ لأنه من جهتي حسّيت كل شي طبيعي… وفجأة اختفيت كأنك تهرب مني.
سام: ما كنت أهرب منك. كنت أهرب… من السالفة نفسها. اللي أدري إنها تقريباً نفس الشي… بس النية غير، والله.
رايلي: سام… أنت تلف وتدور. وش السالفة؟
سام: (ياخذ نفس طويل) الرسالة اللي رسلتيها الأسبوع الماضي.
لما قلتي: “نحتاج نتكلم بأقرب وقت.” أدري الحين الموضوع يضحك… بس ذيك الكلمة دخلتني في حالة خوف.
حسّيتك بتواجهيني بشي قوي… أو بتقولين ما تبين صداقتنا… أو مدري… شي كبير.
رايلي: (ترمش، مصدومة) سام… كنت أقصد نتكلم عن تخطيط رحلتنا! رحلة القروب! اللي قلت تبغى تنسقها معي! حطّيت بعد ابتسامة!
سام: (اووهمم اممم) أدري… أدري. طوّلت أتأمل الابتسامة ذيك… وبرضو أقنعت نفسي إنها ابتسامة خبث لطيفة. الابتسامة اللي الناس يحطونها قبل ما يقولوا لك الخبر السيء.
رايلي: أنت فسّرت ابتسامة على إنها تهديد؟
سام: واضح إيه. عقلي يحب يتخيل… بس بدون فايدة.
رايلي: (تهز راسها وتبتسم رغم عصبيتها) يا الله يا سام… والله لو في جائزة لاستخراج دراما من الهوا… تفوز فيها بسهولة.
سام: قولي والله. تراني اليوم الثاني قعدت أحلل الرسالة كأنها شفرة من الـ FBI.
رايلي: كان بس تسألني وش أقصد!
سام: أبغى… بس تجمّدت. وكل ما طولت، صار أصعب أرجع أرسل. وبعدين أقنعت نفسي يمكن المسافة أحسن… مع إن ما كان له معنى… وبعدها دخلت بالدوامة— والحين إحنا هنا.
رايلي: إيه… هنا. شخصين كبار قاعدين بحديقة بالليل… لأن واحد منهم خاف من ابتسامة.
سام: إذا تقولينها كذا… الوضع يصير أسوأ.
رايلي: مو قصدي أحسسك بالذنب. أحاول أفهمك. لأن بصراحة… اشتقت أكلمك كل يوم. اشتقت لفضفضتك الغريبة… وآرائك الغريبة بالأكل… وطريقتك الدرامية بكل شي. المكان فاضي بدونك.
سام: (عيونه تلين) تشتاقين؟ ... كنت أحسب إني غالباً أزعجك نص الوقت.
رايلي: إيه تزعجني أحيان… بس مو بطريقة سيئة. أنت تجيب… مدري… حياة. حركة. فلما اختفيت فجأة… أنا بعد صرت أفكر كثير.
قلت يمكن قلت شي غلط… أو يمكن صداقتي لك ما كانت كفاية…
أو يمكن إني ما عاد صرت مهمّة له.
سام: رايلي… لا. بالله لا. أنت من أهم الناس بحياتي. وفكرة إنك ظنيتي ما يهمني… هذي توجع أكثر من كل شي ثاني.
رايلي: طيب ليه ما قلت لي؟ ليه ما قلت: “أنا خايف من الابتسامة”؟
سام: استحيت. أنا أعرف انه ما هو منطقي. وأعرف إنه اخترع مشاكل من ولا شي. واعترف لك بهالشي ... لشخص أهتم فيه… يحسّسني إني أكشف أضعف جزء فيني.
رايلي: بس هذا هو الموضوع يا سام. مو لازم تخبي الضعف حقك.
أحب أعرف وش تمرّ فيه… بدل ما أجلس أتخيل إني أنا السبب.
سام: (صوته أهدى) بحاول… صدق بحاول أتكلم قبل ما مخي يقلب كل شي لفيلم كارثي.
رايلي: تمام. لأني ما أبيك تختفي عني مرّة ثانية. وإذا أرسلت لك ابتسامة خبث صدقني بتعرف… بتكون ذيك الابتسامة اللي لها شكل مرعب واضح.
سام: (يضحك أخيراً) أوكي… ذي حقيقة تخوّف.
رايلي: شفت؟ كلام واضح.
سام: بس من جد… أسف. أني سكّرت الباب. وأنا خليتك تحسين إنه سحبت عليك. وأني تخيلت الأسوأ بدل ما أسأل.
رايلي: سامحتك. بس لا تعيدها. ولا تخلي الإيموجيز تتحكم بحياتك النفسية.
سام: ذي ما أقدر أضمنها… بس بحاول.
(لحظة هدوء مريحة بينهم).
رايلي: طيب… دام صفينا الجو… نرجع نخطط الرحلة؟ القروب يسألوني كل يوم مين يحجز الأكواخ… وأنا مخليّة الوضع كأنه كله تحت السيطرة.
سام: إي بالله… خلّينا نتكلم عن شي ما له علاقة بقلقي بسبب علامات الترقيم.
رايلي: تمام. لقيت كوخ عند بحيرة… له منصة كبيرة تطل عاليها. توقعت يعجبك لانك كل مرة تقول إن منظر الموية يهدي مخك.
سام: تذكرين ذا؟!
رايلي: أكيد. يمكن تشوفني سيدا… بس أنتبه. خصوصاً لك.
سام: شكراً…من جد. ...على صبرك… رغم إنك أكيد ودك تخنقيني.
رايلي: إي، ودي أخنقك. بس ودي أفهمك أكثر بعد.
سام: قدّرت هالشي. وأوعدك… المرة الجاية إذا خوّفني شي… بقول قبل ما أدخل في دوامة “إيموجي يدمّر حياتي”.
رايلي: ممتاز. لأني مو مستعدة أخسر أسبوع ميمز ثاني بسبب قلقك.
سام: تم. على فكرة… شكراً إنك جيتي اليوم… أعرف الوقت متأخر.
رايلي: عشانك؟ أجي لو الوقت أكثر من كذا بعد.
(يتبادلون ابتسامة دافية… والجو يتصفّى أخيراً).






المشهد الأول
المكان: صديقين، مايا وجون ويتشاركوا صباح بطيء في شقتهم. يسو قهوة سوا، يسو طقوسهم اليومية من الاسترخاء، ويشوفوا الرسائل الوصلتهم.

مايا: (تشد ذراعيها وتطالع قدّام وهي","والتسلق؟
يعني ما تبي تروحي؟
هيهيهي. مشاكل موظفين.
نوح طيب، عندك مناسبتين وبالكثيير ثلاث وكنسلي الباقي.
انتِي مو حتنطردي من المجتمع لانك ما رحتي لرحلة تسلق.","والتسلق؟
يعني ما تبي تروحي؟
هيهيهي. مشاكل موظفين.
طيب، عندك مناسبتين وبالكثيير ثلاث وكنسلي الباقي.
انتِي مو حتنطردي من المجتمع لانك ما رحتي لرحلة تسلق.","نوح: والتسلق؟
نوح: يعني ما تبي تروحي؟
نوح: هيهيهي. مشاكل موظفين.
نوح: طيب، عندك مناسبتين وبالكثير ثلاث وكنسلي الباقي.
نوح: انتِ مو حتنطردي من المجتمع لانك ما رحتي لرحلة تسلق!",4,1,False,0.266231,0.0,0.266231,0.256176,0.211361
9,Arabic_SA,https://d2r5sftrozu18z.cloudfront.net/uploads/audio-segmentation/1095/2_hours/2_hours_Segment_031.wav,"أهمس كذا على شان ما ننسمع من الحرامي.
طيب، طيب اسمع . هذا هو مرة ثانية.
ذا قبل ساعات، ليش يطيح الحين؟ ليش مو قبل؟
لا تنكتي","أهمس كذا على شان ما ننسمع من الحرامي
طيب، طيب اسمع. . هذا هو مرة ثانية.
ذا قبل ساعات، ليش يطيح الحين؟ ليش مو قبل؟
لا تنكتي","سام: أهمس كذا عشااان ما ننسمع من الحرامي.
سام: طيب، طيب اسمع ... هذا هو مرة ثانية!
سام: ذا قبل ساعات ليش يطيح الحين؟ ليش مو قبل؟
سام: لا تنكتي!","المشهد ١ — دراما رسالة الجوال الغامضة
المكان: غرفة جلوس هادئة، آخر النهار. الجوال يهتز بلا توقف.
لينا: (تتنهد بضيق) ثيو! يا الله!، لازم تشوف ذا. الحين.
ثيو: (يتثاءب) وش فيه الحين؟ نهاية العالم خلاص؟ أو برجك الغبي حذرك؟
لينا: لا! أخَسْ. شوف… (تمد له الهاتف) ليه أليكس أرسل لي: ""أَبِيكِ بكلمة"".
ثيو: (شهقة) أخطر أربع كلمات في اللغة العربية.
لينا: بالضبط! صح؟ وش يقصد بها؟ ""أَبِيكِ بكلمة"". عن وش؟ وليه؟ متى؟ ووين؟ وعن وش؟
ثيو: (آآه تنهد) لينا، اهدي. ممكن بس يبي رأيك.
لينا: (تهز رأسها)  ممم ما في واحد يقول ""أَبِيكِ بكلمة"" لشيء عادي يا ثيو. هذه لغة جادة. لغة المواجهات. لغة ال…
ثيو: (يقاطعها) لغة الدراما اللي اخترعتيها بنفسك.
لينا: (تتأوه) كنت أعرف. حياتي صارت مسلسل. وأنا ما أدري.
ثيو: (يضحك) أنت السببتيها. أنت تحبين الدراما. تتنفسينها.
لينا: (منزعجة) هممف كييف؟ ما أحب الدراما أبد.
ثيو: (مستمتع بضحكة خفيفة) لينا، الأسبوع الماضي بكيتِ على إعلان… عن كورن فليكس.
لينا: (تدافع) كان يحزن! الأب اعتذر لأنه أكل آخر صحن!
ثيو: (يضحك) اييييه ببكي من الأحاسيس.
لينا: (تتمشى بقلق) طيب، ركّز اممم    وش اسوي؟ أرد؟ أسحب عليه؟ أقوله إن الواي فاي خرب ثلاثة أيام؟
ثيو: (آآآه تنهد) اسأليه بس وش يقصد.
لينا: (تصدم) بس كذا؟! ثيو، ترا ذا وضع حساس. ما تقدر تسأله كذا وش يبي. هذا… هذا يخرب الاحاسيس!
ثيو: (يضحك) أنت غبية. هي كلها شوية كلمات.
لينا: نعم! كلمات تخرب باقي اسبوعي!
ثيو: (يبتسم) دراما ما تخلص.
لينا: (بقلق خفيف) طيب، بأكتب: ""أوكي، وش فيه؟"" كذا تمام؟ رزين؟ غريب؟ لطيفة؟
ثيو: (هممممم) لينا… حلو. رد طبيعي. زي سويسرا ... محايدة.
لينا: (تكتب بسرعة) طيب. أرسلت. الحين نتوتر.
ثيو: (يضحك) أنت متوترة أصلًا.
لينا: والحين عندي سبب رسمي.
(الجوال يهتز)
لينا: ياااااااه! رد. ما أقدر اشوف. ثيو، اقرااه.
ثيو: (ينظر للهاتف) هممم.
لينا: (متجمدة) ""هممم""؟ وش تقصد بـ ""هممم""؟ ثيو، لا تعلقني!
ثيو: (يبتسم) اهدي. يقول إنه يبي يساعدك في جدولة حفل مفاجئة لصديقتك نورا.
لينا: (تفقد توترها فجأة) …آهاااا.
ثيو: (ينفجر ضاحكًا) سويتي دراما كبيرة علشان ذا بس؟ 
لينا: (بحرج) أكرهكم كلكم.
ثيو: لا، لا تكرهين. أنتِ تحبين الدراما… والدراما تحبك.
 
 
 
المشهد ٢ — أزمة القهوة في المقهى
المكان: مقهى مزدحم، وقت الصباح.
لينا: (متوترة) ثيو. حياتي انتهت. مرة ثانية.
ثيو: (يشرب القهوة) خليني أخمّن… خَلَص حليب الشوفان؟
لينا: نعم! كيف عرفت؟
ثيو: لينا… هذا المقهى يخلص فيه حليب الشوفان كل يومين. طبيعي.
لينا: (آآآه) بس هم يعرفون أني أحتاجه. أنا ما أتحمل اللاكتوز… عاطفيًا وجسديًا.
ثيو: (يضحك) لاكتوز عاطفي؟
لينا: نعم. الحليب يجرح روحي.
ثيو: خذي حليب لوز.
لينا: (هاااعع) لوز؟ طعمه زي النكد مخلوط بخشب.
ثيو: (يضحك) يا الله! أنت درامية.
لينا:  والباريستا أعطتني نبرة لما سألت عن حليب الشوفان الموجود عندهم في المخزن.
ثيو: وش قالت؟
لينا: قالت: ""نحن ما نخبي الحليب في مخزن سري.""
ثيو: (يضحك) معها حق.
لينا: لكن قالتها بدون نفس يا ثيو. بدون نفس.
ثيو: (هاها) بدون نفس؟ اتصلي بالشرطة طيب.
لينا: بالضبط! لازم أقدم شكوى.
ثيو: بسبب الحليب؟
لينا: بسبب المبدأ. كنت أبغى قهوة طبيعية. لكن لااا… لازم تكون حياتي درامية.
ثيو: (يبتسم) الدراما تلحقك زي الكلب الوفيّ.
لينا: أنا ما أبِيهَا!
ثيو:  أنت حرفيا تجذبيها.
لينا: (آآآه) ممكن أوقف عن القهوة.
ثيو: (يضحك) حاولت من قبل ... صمدتي سبع ساعات.
لينا: الدنيا ما تحبني.
ثيو: على وش ما تحبك؟
لينا: ما أدري… ممكن لأني الأفضل.
ثيو: (قهقه) أكييد.
 
 
 
 
 
 
 
 
 
 
 
المشهد ٣ — كارثة قروب الشات
المكان: نفس المقهى، بعد فترة في الصباح.
لينا: (تنظر لهاتفها) لااا… ثيو، شوف. شوف!
ثيو: (يميل نحوها) وش فيه الحين؟ خلص الحليب بَعَدْ؟
لينا: أخَس. القروب مولّع.
ثيو: (اوووف) يا ساتر. وش فيه؟
لينا: واحد سأل: ""أي فيلم نشوف الليلة؟"" والحين فيه… 42 رسالة في دقيقتين.
ثيو: (هاهاهاها) هذي فوضى، مو دراما.
لينا: لا، دراما حقيقية. شوف ... إيلا تبغى رعب. بن رافض لأنه ""ما يتحمّل الرعب"". ميرا تشوف بس رومانسي. وجونا يبغى وثائقي… عن السحالي.
ثيو: (هاهاهاهاه) سحالي؟!
لينا: نعم! والأدهى والأمر… واحد منهم كتب اسمك وقال: ""ثيو يحدد"".
ثيو: أنا؟ ليه أنا؟
لينا: لأنك المحايد. يعتبرونك وسيط سلام.
ثيو: (ساخر) مسؤولية كبيرة ذي.
لينا: ثيو، لازم تختار بحكمة. هذا مجلس أمم متحدة.
ثيو: لينا… هو بس فيلم.
لينا: (تهمس بانفعال) لا. هذه سياسة اجتماعية.
ثيو: طيب… اختار… كوميديا.
لينا: يا ربيي… خطأ. بِن يكره الكوميديا. إيلا تقول الكوميديا ""سطحية عاطفيًا"". وميرا تبكي على الكوميديا أكثر من الرومانس.
ثيو: كيف؟
لينا: ما في منطقية. القروب ذا يدمّر العلاقات.
ثيو: (آآآخخ) أنتم كلكم مجانين.
لينا: (شهقة درامية) نحن! الحين القروب كله يصارخ لأن جونا ما يبغى غير السحالي.
ثيو: (هاهاهاهاها) أفضل خبر سمعته ذا الأسبوع.
لينا: كابوس… كابوس زواحف.
ثيو: تبين حل؟
لينا: نعم! أنقذنا!
ثيو: (يكتب) يلا، أقول: ""خلا نصوّت"".
لينا: (اوووه) أنت عبقري.
ثيو: أعرف.
لينا:  والحين ننتظر…
(لحظة انتظار)
لينا:  الحين في 15 صوت، 10 منهم كوميديا.
ثيو: قلت لك. الديمقراطية تفوز.
لينا: (تنهد) ثيو… انت أنقذت العالم.
ثيو: (هاهاهاهها) مبروك لنا.
لينا: بصراحة، حياتنا مليانة دراما.
ثيو: حياتك أنت. أنا بس الشخصية اللي تصلح الفوضى حقتك.
لينا: (هيهيهي) وأنت تحب تصلحها.
ثيو: (هاهاهاهاهها) يمكن.
 
 
المشهد ٤ — كارثة المحفظة الضائعة
المكان: خارج السوبرماركت، آخر النهار.
مايا: (مذعورة) جوردان! جوردان! جوردان! محفظتي ضاعت! دورت في شنطتي مرتين ... لا ثلاث ... يمكن خمس... مو في! اختفت!
جوردان: (بهدوء يشرب) تمام… متى آخر مرة شفتيها؟
مايا: (تلوّح بيديها) ما أعرف! يمكن في المحل، في السيارة… لااا أدري! أنا بنجن!
جوردان: طيب… اهدي. وين كنتي لما عرفتي إنها مو معك؟
مايا: (تشير لمقعد) هنا! جلست، حاولت أخذ مفاتيحي، وفجأة… الدنيا قررت تعاقبني.
جوردان: يعني المحفظة تبخرت؟
مايا: يمكن! يمكن صارت لها أرجل! وهربت تعيش حياتها الخاصة.
جوردان: محفظتك هربت؟ هذا تفسيرك؟
مايا: لا تضحك علي في مصيبتي!
جوردان: (يضحك) ما اتريق عليك، بس الاحظ الدراما حقتك… طيب خلنا نرجع كم خطوة ونتأكد. دخلتِ السوبرماركت، وبعدين وين رحتي؟
مايا: رحت لقسم الخضار… أخذت تفاح… بعدها رجعته ما عجبني. بعدين…
جوردان: مايا. ركيزي. طلعتي المحفظة وقتها؟
مايا: يمكن؟ مسحت البطاقة وأنا طالعة، بس ما أدري إذا بالمحفظة ولا الجوال؟ لااا… ممكن تركتها عند الكاشير؟ ماذا لو واحد سرقها؟
جوردان: (يطبطب) هي محفظة، مو كنز وطني. نروح نسأل—
مايا: (تمسك ذراعه) لا دقيقة! فتش شنطتي! يمكن تلقاها لأني ما أشوف!
جوردان: تريديني أغوص في الثقب الأسود اللي تسميه شنطة؟
مايا: نعم! لأني ما أثق بنفسي
جوردان: (هممم) خلنا نفتش ... فواتير… أقلام؟ ليه 17 قلم؟ و… سناكات. وأكيد ما في محفظتك.
مايا: (تجلس منهارة) انتهيت. بطاقاتي… هويتي… بطاقة المكتبة! يا ربيي، وش بيصير لو واحد استعار كتب باسمي!
جوردان: نعم، أكيد ذي المشكلة! مو فلوسك أو بطاقة البنك ... المشكلة الحقيقية هي غرامات تأخير الكتب.
مايا: لا تتريق! ترا الوضع جد!
جوردان: طيب… وين كنت قبل قسم الخضار؟
مايا: قسم اللحوم…  أخذت شرايح تركي ، والبنت الشغالة هناك طولت إلى ما تقطعهم… حسيت أني كبرت عشرين سنة!
جوردان: واستخدمتِ المحفظة؟
مايا: لا ... ما ادري الصدق. إلا لو استخدمتها! أو لا. يا الله! أنا عديمة المسؤولية.
جوردان: (يضحك). أول خطوة: الاعتراف أنك غير موثوقة.
مايا: (آآآه) انتظر ... يمكن تركتها في السيارة!
جوردان:  ما فتشتيها؟ 
مايا: بعيوني بس! يمكن كانت متخبية عن عيني.
جوردان: محفظتك ما هي كائن حي يتحرك ويتخبى لحاله.
مايا: أنت ما تدري! يلا نروح السيارة.
(يذهبون للسيارة)
جوردان: (يفتش) همم، يلا! وقت التفتيش الصح. جانب الكرسي ... درج الراكب ... الدرج بين الكرسين ... تحت السيارة ... لا، ما في شيء.
مايا:  اوووف، خلاص بس… كذا بأتصل بالشرطة.
جوردان: يعيني وش بتقولي؟. ""هلا، نحتاج حملة تفتيش عن محفظة عليها ورود.""
مايا:  ها وش أسوي؟
(رجعوا للمتجر)
مايا: (متوترة عند الكاشير) اممم السلام عليكم، \ لو سمحتي في أحد سلّم محفظة ضايعة؟ عليها ورد وشكلها حلو، فيها حياتي كلها؟
الموظف:  (تتأكد الموظفة) لا، للاسف.
مايا: (تهمس) ما حطلع من البيت مرة ثانية.
جوردان: سؤال!… جربتي جيوب الجاكيت حقك؟
مايا: مستحيل. أنا ما أحط شيء فيها. صغيرة مرة.
جوردان: مايا. تأكدي.
مايا: اااخ طيب (تحط يدها بجيبها)… انتظر… لحظة…
جوردان:  ااخ ... لا تقولي…
مايا: (تسحب المحفظة من الكم) مستحييييل!!
جوردان: (ينهار ضاحكًا) في جيبك… طول ذا الوقت في جيبك
مايا:  ماني فاهمة! ما قادرة استوعب الموضوع! 
جوردان: مبروك. القضية تقفلت. المحفظة ما هربت.
مايا: مستحيل. في واحد حطها في جيبي.
جوردان: إيييه صح، عميل سري دسها في جيبك.
مايا: وقف لا تِنَكِت علي!
جوردان: يا عالم… أكثر إنسانة درامية.
مايا: أكرهك.
جوردان: لا. ما تقدرين.
مايا: …يمكن. بس لا تقول لأحد عن الحصل.
جوردان: حكلم الكل.
مايا: جوردااان!!!!
جوردان: (يضحك) محققة المحافظ، يلا نرجع البيت قبل تضيعي الجاكيت حقك.
 
 
 
 
 
 
 
 
 
 
 
 
 
 
 
 
 
المشهد ٥ — انهيار نهاية الأسبوع
المكان: غرفة ريا، مساء الجمعة. السناكات على الطاولة والجوال يرن كل فترة.
ريا: (تدخل الغرفة) نوح! عندنا كارثة حتنهي العالم.
نوح: (من دون يطالع فيها) خليني أخمّن… وقفوا إنتاج شبسكك التحبيه؟
ريا: أسوأ! حجزت لنفسي… أربع مناسبات مختلفة… بيوم واحد!
نوح: أربعة؟
ريا: نعم! السبت بيقتلني!
نوح: طيب وش هي؟
ريا: أول وحدة: فطور عيد ميلاد بنت خالتي… لو ما حضرت بتبكي. 
نوح: يعني مناسبة أهل إجبارية.
ريا: الثانية: صديقتي تارا تنقل من بيتها وقالت ""أنت الوحيدة اللي ما تكسرين الأشياء"". ضغط كبييير علي.
نوح: غلطانة المسكينة.
ريا: الثالثة: ورشة الفخار اللي أنتظرها من سنة. دفعت فلوسها وما بترجع، روحي الإبداعية تبكي.
نوح: هممم هممم وش الرابعة؟
ريا: الرابعة: رحلة تسلق، مع فريق الشغل.
نوح: يعني إفطار… نقل… فخار… تسلق. في يوم واحد؟
ريا: إيه! ليه سويت بنفسي كذا؟
نوح: صراحة… إنجاز. تراكم عدى خيالي.
ريا: نوح! ما أقدر أكون في أربع أماكن مرة وحدة! أنا مو سوبر مان!
نوح: طيب، خلينا نشوف توقيت كل حدث.
ريا: الفطور الساعة 10. النقل الساعة 9 لكنها قالت ""تعالي وقت ما تبين"". الفخار الساعة 1. التسلق ""العصر"".
نوح: وتبين تحضري لكل ذي المواعيد؟
ريا: بالضبط! وهذه هي المشكلة!
نوح: هااهاهاه تقدرين على اثنين… يمكن ثلاثة لو عندك الانتقال السريع زي الانمي.
ريا:   اوووف يا ليتني أقدر انتقل بسرعة.
نوح: طيب… وش المناسبة الما تقدري تتأخري فيها؟
ريا:  همممم الفخار حدث لمرة وحدة ومحجوز من أول.
نوح: طيب كذا ثابت ... ووش بعد؟
ريا: الفطور، مشاعر قريبتي في خطر لو ما جيت. وكيكة مجانية.
نوح: الاهل الأقرب. كذا الفطور والفخار هي الثابتة. 
ريا: كمان حبكي لو ما رحت للفخار.
نوح: تمام. التسلق والنقل، و ... وين ناقلة صديقتك؟
ريا: بالاتجاه الثاني من المدينة. حرفياً.
نوح: والتسلق؟
ريا: طريق ما سمعته من قبل. والكثير من الحشرات.
نوح: يعني ما تبي تروحي؟
ريا: لا، بس لازم اروح. تلاحم الفريق، ونقاط توظيف حلوة. أنت تعرف، الوظيفة وانك تكون مسؤول.
نوح: هيهيهي. مشاكل موظفين.
ريا: للأسف.
نوح: طيب، عندك مناسبتين وبالكثير ثلاث وكنسلي الباقي.
ريا: أكنسل! أكنسل!! تستهبل! كلهم حيظنوا اني عديمة مسؤلية! حيقصوني من المجتمع وأصير منبوذة.
نوح: انتِ مو حتنطردي من المجتمع لانك ما رحتي لرحلة تسلق!
ريا: أنت ما تدري.
نوح: ههاهاهاها. طيب، وش رأيك لو كلتمي صديقتك أنك بتساعديها  في اليوم البعده؟
ريا: هممم قالت انها حتفك أغراضها نهاية الأسبوع كله.
نوح: بالضبط، ساعديها اليوم كله.
ريا: ذا ممكن ينفع ...
نوح: حلو، كذا باقي التسلق.
ريا: اااااخ التسلق!
نوح: ودك تروحين؟
ريا: ولا دقيقة.
نوح:  طيب لا تروحي.
ريا: لكن!
نوح:  ما في لا. قولي عندك الحق تكون عندك حياة برا الشغل.
ريا: وش أقول؟ ""اسفة، ما حاسة بالطاقة والدراما معاكم""
نوح: هاهاها. بدون دراما، ارسلي لهم ""عندي إلتزام أكثر أهمية"".
ريا: مَلَلَ.
نوح: احترافي.
ريا: اوكي، لكن على الأقل أقدر أقولهم مشغولة بشيء مهم؟
نوح:انت تسوي شيء مهم. مناسبة فطور، وورشة فخار إبداعية.
ريا: كذا السبت عبارة عن إفطار وفخار. 
نوح: مناسبتين تقدري عليها مو جدولة زفت.
ريا: نوح أحس اني منتعشة!
نوح: هيهي. قلت لك. كان باقي لك شوي وتخشي في مصيبة.
ريا: قربت ارسل لهم رسالة طويلة مليانة أعذار وايموجيز.
نوح: هاهاها. كويس وقفتك. ما في أحد يحتاج يقرأ تقرير من الاعذار.
ريا: كذا اقدر ارتاح. يومي ما اخترب.
نوح: بالضبط، عديتي مصيبة الجدولة.
ريا: لا تخلي الوضع درامي.
نوح: تعلمت منك.
ريا: هييي
نوح: امزح معك. بس كويس عرفتي أولياتك، واخترتي اثنين منهم.
ريا: هيهي. شكرا نوح. حتى لو أنت تتريق علي طول الوقت.
نوح: بس شوي. ولو صار فيني كذا متأكد أنك حتضحكي علي.
ريا: أكيد. 
نوح: بالضبط، خلنا نرتاح الحين. انقذت يومك.
ريا: انا المستقبلية لازم توقف تقول نعم لأي شيء.
نوح: تكفى اكتبيها في ورقة صغيرة وعلقيها عندك.
ريا: أن شاء الله بسويها.
(الاثنين جالسين على الكنبة مرتاحين.)
ريا: والحين ... وش نسوي اليوم؟
نوح: أي شيء إلا زيادة مواعيد بكرة.
ريا: اتفق.





المشهد ٦ — الصوت الغامض عند منتصف الليل
المكان: شقتهما، منتصف الليل. سكون… أو ما يقاربه 
(يسمع صوت خبطة)
سام: (هاااع) ليلا! اصحي! اصحي الحين!
ليلا: (نصف نائمة) لا. مو صاحية. إلا لو الشقة تحترق. غير كذا، لا.
سام: أحس في أحد بالبيت.
ليلا: (بعينين مغلقتين) هذي الثلاجة. كل ليلة تسوي كذا. من زمان.
سام: لااا هذا ما كان صوت شيء اعرفه من البيت.
ليلا: سام، ترا كل الأصوات تخوف آخر الليل وكمان إذا انتِ خايفة. 
سام: تكفين! قومي. يمكن حرامي. أو حيوان. أو ... يا ساتر ...قطو معصب!
ليلا: قطو معصب؟ هذا اللي مخك فكر فيه؟
سام: القطاوا تتهاوش آخر الليل. حرامية صغار عندهم أظافر!
ليلا: آآآخ منك ... طيب، طيب. كيف كان الصوت.
سام: كان زيي… بووم. بس مو أي بووم. بووم من اللي تجيك وتقول ""الوضع خطير"".
ليلا: وصف مفهوم جداً يا عبقرية!
سام: ترا الوضع جد!
ليلا: (اووااه) بوقف لما ما توقفي عن الصرخة البخفيف ذي. 
سام: أهمس كذا عشااان ما ننسمع من الحرامي.
ليلا: لو فيه حرامي، كان سمع دقات قلبك. دقات طبول اعراس.
سام: طيب، طيب اسمع ... هذا هو مرة ثانية!
(صوت خفيف ثاني)

ليلا: سام… هذا كيس الشيبس اللي تركتيه على الطاولة. توه طاح. من قال ""بأكل بس ثلاث حبات"" وآخر شيء أكلت نص الكيس
سام: ذا قبل ساعات ليش يطيح الحين؟ ليش مو قبل؟
ليلا: الجاذبية؟ الوقت؟ حركاتك حقت كل يوم المضرة بصحتك؟ اختَر واحد فيهم.
سام: لا تنكتي! نحتاج نتأكد.
ليلا: لا، أنت تحتاج تنام.
سام: ليلااا تكفى. بس شوي تعالي معاي لو في غدرة.
ليلا: (تسك آآآخ) طيب! لو ما في شيء بتسوي بكرة بان كيك.
سام: تم.
(يتسللان في الممر)
سام: (يهمس) تحركي بشويش، وخليكِ وراي.
ليلا: ليه وراك؟ مو أنت اللي خايف. ومفروض تخليني درع لك.
سام: أنتِ أشجع.
ليلا: (اييه) أنا مو شجاعة… أنا تعبانة. ما يهمني لو نموت.
(يصمتان للحظات)
سام: هششش.
ليلا:  ما في شيء. ممكن نرجع الحيـــ
سام: انتظري! سمعت صوت!
ليلا: (اووف) ذا بطنك.
(يدخلون المطبخ)
سام: (يطالع من طرف الزاوية) (هممم) مصيبة أكبر مما توقعت.
ليلا: وش فيه؟
سام: باب الدولاب مفتوح شوي.
ليلا: يعني تركته مفتوح، زي كل مرة.
سام: لااا! والله إني سكّرته!
ليلا: (اوووف) سام… أنت تحلف كثير. وكل شيء أنت تسويه أصلا عكس!
سام: أنتِ ما تفهمين! لو في واحد فتحه؟
ليلا: زي وش؟ جني يدور على ملح؟
سام: ممكن.
ليلا: (ااااخ) جني دخل المطبخ ... في نص الليل ... بس يفتح الدولاب ويطلع؟
سام: لما قلتيها كذا ... حسيتها عبيطة.
ليلا: لأنها عباطة!

(صوت خفيف وكأنه كيس)
سام: شفت؟! أكيد في شيء في المطبخ
ليلا: (تنحني وتشوف) ايييه ... خلنا نشوف مسرح الجريمة. ... شوف! كيس الشيبس على الأرض.
سام: في واحد طيحه!
ليلا: شيء في الفيزياء اسمه الجاذبية وأنك حطيته مطرف على الرف.
سام: مستحييل! حطيته كويس على الرف.
ليلا: ... اووه صحييح. واضحة من عاداتك الكويسة.
سام: (اووف) خلنا نفتش في الصالة.
ليلا:سااام.ساااام. ترا نص الليل، ما حسوي تفتيش كامل للشقة!
سام: ما عليك، كلها دقيقتين.
ليلا: حتأخذ 10 دقايق! لانك تفتش زي العساكر.
سام: اسمه اتقان العمل.
ليلا: ذا اسمه الوسوسة.
(وصلوا الصالة)
سام: الستارة تحركت!
ليلا: لأنك مشيت. والهواء حركها.
سام: متأكدة؟ ممكن يكون ...
ليلا: لا تقول جني.
سام: طيب، حقول الهوا
ليلا: شفت! شيء معقول.
سام: لكن… ما فيه شباك مفتوح.
ليلا: طيب ... هذا غريب.
سام: قلت لك!
ليلا: لحظة… سكّرت باب البلكونة؟
سام: أظن؟
ليلا: تظن؟ سام! كذا تبدأ أفلام الرعب!
(يتفحصا الباب)
سام: (مرتاح)(اااه) مقفل.
ليلا: الحمد لله. يعني ما فيه شيء يخوف ...
(صوت حركة خفيفة)
سام: وش هذا؟!
ليلا: (خافت بس تتدعي الثبات) وكانه شيء يجلس.
سام: وش الي شيء يجلس؟؟
ليلا: مدري!!
سام:  سلة الغسيل طاحت!
ليلا: (شافت السلة) حطيت جزمتك الثقيلة فوق علشان كذا طاحت السلة.
سام:  الجاذبية مسوية شغلها الليلة.
ليلا: (هاهاهها) أنت اسمج انسان خايف قابلته.
سام:  سعيد أنه خوفي ضحكك.
ليلا: لآخر درجة، الحين أنا مصحصة.
سام: يعني تقتنعين إنه فيه شيء؟
ليلا: لا. مقتنعة أنك أنت المحتوى.
سام: لكن—
ليلا: سام… الأبواب مقفلة. ما فيه أشياء مكسورة. لا قطو. لا جني. كل شيء كويس.
سام: أكيد؟
ليلا:  يب أكيد.
سام: يمكن… بالغت شوي.
ليلا: شوي؟
سام:  اوكي ممكن كثير.
ليلا: بس عادي. أنت تخاف بالليل. سام الليل شخص ثاني.
سام: الظلمة والهدوء تخوفني.
ليلا: الخبر الحلو هنا انه خيالك هو الجني.
سام: (هاهاها) صحيح صحيح.
ليلا: يلا نرجع ننام… قبل ما يخوفك صوت الثلاجة.
سام: بس متأكد انه الشيبس ما طاح لحاله.
ليلا: (أييييه) أكييد ... طاح الشيبس لحاله لأنك ما تعرف تحطه زي الاوادم.
سام:  (هاهاهاها) ما ودك توقفي تريقة؟
ليلا: أبد ما بوقف.
(رجعوا للغرفة)
سام: شكرًا لأنك قمتي.
ليلا: عندي بانكيك. وقهوة.
سام: تم.
ليلا: وإذا سمعت صوت بعدين؟
سام: بأخذ نفس… قبل ما أتهم قطو شرير.
ليلا:  حلو التطور.







المشهد ٧ — كارثة الرسالة الخاطئة
المكان: غرفة مايا. عصر. مايا تمشي ذهابًا وإيابًا وهي تهتز من التوتر. جوردان يشرب شاي.
مايا: (مرتبكة) جوردان! جوردان! جبت العييد!
جوردان: (هادئ جدًا) خذي نفس… وش صار؟
مايا:  ما في وقت للهداوة ... أرسلت الرسالة.
جوردان: أي رسالة؟ أنت ترسلين ألف رسالة يوميًا.
مايا: مو هذي! أرسلت رسالة غلط وفي وقت غلط لشخص غلط!
جوردان: لمن؟
مايا: لمديري.
جوردان: …العييد ... وش ارسلتي فيها؟
مايا: تتذكر كلامي لك قبل شوي… لما قلت إنه ""يشغل الفريق مثل GPS خربان""؟
جوردان: لا تقولي—
مايا: أرسلته له! على رقمه الخاص! ومع إيموجيز!
جوردان: (اوووف) هذه… (هسسس) مصيبة والله.
مايا: أخيراً استوعبت المصيبة!
جوردان: هذي مصيبة بس كمان تحسها جرأة منك.
مايا: جرأة! أنا بنطرد، يحاكموني ويضيع مستقبلي، وحتى انخطف من ال HR
جوردان: ال HR ترا ما يخطفون الناس.
مايا: (اييييه) صدق؟ شكلك ما شفت ايميلاتهم. مليانة لهجة وعيد وتهديد تقول بيقتلوك.
جوردان: (هي هي) اوكي اسف.
مايا: وش اسوي الحين؟
جوردان: أول شيء اهدي. حفرتي الأرض من حركتك.
مايا: ما اقدر، لو وقفت بنفجر من التوتر والخوف.
جوردان: اوكي، انفجري بالراحة.
مايا: ما ابغى انفجر بالراحة. ابغى الغي الرسالة.
جوردان: جربتي تحذفيها؟
مايا:اكيد. بس الدنيا تكرهني. بس في زر حذف لدي، وما في حذف للجميع.
جوردان: ذا الزر الغبي ما منه اي فايدة.
مايا: بالضبط. وش اسوي الحين؟
جوردان: انتظري بس.
مايا: أنتظر! أنتظر!! جوردان أنا روحي ما تتحمل الانتظار.
جوردان: ما عندك حل، إلا لو تهكري جواله بطريقة الأفلام.
مايا: لا تغريني! ترا شوي واسويها.
جوردان: طيب طيب. خلنا نفكر بواقعية.
مايا: واقعية؟ يا جوردان، ما عندي غير أفكار سلبية.
جوردان: طيب، انت فكري بدرامتك وانا بفكر بعقلانية لنا الاثنين.
مايا: تم.
جوردان: اسوء شيء بصير أنه يقرأها ويطلب يكلمك علشان يعرف وش السالفة. 
مايا: يكلمني؟؟ هذه لغة ال HR علشان تجهز آخر كلامك
جوردان: لا، مرات يكون نقاش بسيط.
مايا: آخر ""نقاش"" خلوني فيه المسؤولة عن حفلات الميلاد.
جوردان: (آآخ) مثال زفت. نشوف شيء ثاني.
مايا: (ايييه) قاعدين يقروها. كنت أدري. ليه ما علقوا على الرسالة؟ ليه صارت صحين ازرق بدون رد؟ ليه ""يكتب الآن""
جوردان: علامة واحد يكتب؟
مايا: ايه. تظهر وتختفي. قاعد يكتب نهايتي. ويمسحني من الوجود.
جوردان: أو قاعد يكتب لستة السوق، وفتح شاتك بالغلط.
مايا: لا. يقصد يسوي كذا. هذه غلطتي لأني غلطت عليهم.
جوردان: كانت تضحك على الأقل.
مايا: جوردان. بالله وقف مدح تريقتي.
جوردان: اسف. طيب. خلنا ندور طريقة نخفف بها المصيبة الجاية.
مايا: ايييه بالله عليك. عطنا الكلمات للاعتذار المثالي.
جوردان: تمام. وش رأيك في ""هلا. انا اسفة، الرسالة ذي جاتك بالغلط"".
مايا: قصيرة، وتبين أني مو مهتمة.
جوردان: طيب. وش رأيك ""متأسفة جدا، في سوء فهم ...""
مايا: لا! كذا يصير كأني الغلطانة. ابغى شيء عادي بس محبطُ.
جوردان: نبرة عادية بس محبطة ... طيب وش رايك ""اعتذر عن الرسالة الغلط. اترسلت برا سياق السالفة""
مايا: برا السياق؟ ما في مبرر اني اذب على رئيسي برا السياق.
جوردان: ممكن تصير.
مايا: كيف؟ الا لو الدنيا اهتزت!
جوردان: تدرين! ممكن تصير كذا!
مايا: انا ما اطقطق يا جوردان! 
جوردان: صحيح، معليش. طيب، اعتذري وخلاص، من كل قلبك.
مايا: أضيف ايموجيز؟
جوردان: لا. أكيد لا. بدون ولا واحد.
مايا: ولا حتى وجه حزين؟
جوردان: لا. هذا بزيد المصيبة. الكبار ما يحطو ايموجيز في رسالة اعتذار.
مايا: اوكي. تمام. كتبت الرسالة.
جوردان: اقريها.
مايا: (تقرأ) ""السلام عليكم، انا اعتذر بصدق عن الرسالة الوصلتك سابقا، كانت لصديقتي. كنت افرغ توتري واحباطي لصديقتي، لكن المفروض اتعامل معه باحترافية. اعتذر لك بصدق"".
جوردان: ممتاز جدا.
مايا: أرسلها؟
جوردان: ارسليها.
(أرسلتها وندمت على مباشرة)
مايا: يا الله، يا الله! ليه سويت كذا؟ ليه خليتني أرسلها؟
جوردان: لأنه ذا الأصح. وأنت كبيرة ووقفي لعب العيال.
مايا: يكتب مرة ثانية!
جوردان: ممتاز. كذا تفاعل مع الرسالة.
مايا: أو ... أو قاعد يكتب رسالة طردي.
جوردان: انا متأكد انها ما تنكتب بجوال.
مايا: يسوها لو معصبين.
جوردان: اهدي. خلنا ننتظر.
مايا: طيب ... جوردان، مو قادرة اتنفس.
جوردان: تنفسي عادي، ما في مشكلة يا بنت!
(الجوال يهتز)
مايا: يا الله! رد.
جوردان: اقريها.
مايا: (تقرأ بشويش) امممم ""السلام عليكم، شكرا على صدقك. كلنا بنمر بلحظات احباط احيانا. بكرة خلنا نتكلم عن ستراتجيات تواصل افضل"".
جوردان: شفتي؟ ما طردك ولا دمرك ولا خطفك.
مايا: (آآآآآآه) يا الله، انا عايشة ... أنا عايشاااااة.
جوردان: مبارك عليك. نجيتي من حادث رسالة عظيم.
مايا: ما بسويها ثاني. من اليوم بتأكد ثلاث مرات قبل اراسل أي أحد.
جوردان: حلو
مايا: وببلكك وقت الشغل.
جوردان: هييي، وليه أنا الياخذ بلوك؟
مايا: لأنك تخليني اروح اشتكي بدراما كثيرة.
جوردان: ما تحتاجي حتى دفة مني.
مايا: اتفق معك ...
(ضحكوا سوا)
جوردان: ها ... تبين شاي؟
مايا: اييه، خله رايق ومظبوط. كأنه حضن.
جوردان: ابشري.
مايا: جوردان؟
جوردان: هلا؟
مايا: شكرا لك لانك انقذتني.
جوردان: بأي وقت. 















المشهد 8 – السر خرج للعلن.
المكان: اراف وريا يتشاركوا شقة. المساء. مطر برا. صوت المطر على الشباك. ريا تجلس على الكنبة، متوترة تقلب بجوالها. اراف تدخل ومعاها كوبين شاي.

اراف:  (يحط الشاهي بهدوء فوق الطاولة) سويت لك بابونج… النوع اللي يهدّيك، اللي تحبينه. حسّيت يمكن تحتاجينه اليوم. من الصبح وأنت ساكته… واضح إن في شي بخاطرك ما قلتيه.
ريا:  (تبتسم غصب وهي تطالع الكوب) يعطيك العافية… صدق. بس أنا تمام. بس… تعبانة شوي، تعرف؟ الشغل طويل… وأشياء تتراكم… يعني شي طبيعي.
اراف:  (يجلس جنبها شوي) ريا، الله يهدّيك. إحنا عايشين مع بعض من زمان وأعرف “تمامك” يوم يكون صِدق… ويوم تحاولين بقوة تسوين إنه ما في شي. واللي عندك الحين… مو ضغط شغل عادي.
ريا:  (تتنفّس بشوي رجّة) مدري يا أراَف… أحسني متلخبطة من الحياة يمكن. كل شي أحسه واجد الفترة ذي. وما أبي أسحبك معي للنكد.
اراف: بس أنا أبي تسحبيني إذا هذا بساعدك. مو لازم تشيلين كل شي بروحك. أنتِ تعرفين هالشي، صح؟
ريا: (نبرتها تلين) إي… أدري. بس ما كنت أبي أزيد عليك هم فوق همومك. أنت تتحمّل واجد.
اراف: ريا… قلقي يزيد لما تقفلي علي كذا. لما أشوفك شوي وتنهاري وتقولين لي “أنا تمام”… ذيك اللحظة تخوّف. والحين… أنا خايف، لأني حاس إن في شي غلط.
ريا:  (تطالع بعيد) مو إني ودي أخبيه… بس… ما كنت أعرف كيف أقوله بدون ما يكبر الموضوع… أو بدون ما تطالعني بنظرة ثانية.
اراف:  (يميل قدّام شوي) أطالعك بنظرة ثانية؟ وش يعني؟ وش ممكن تقولينه يخلي نظرتي لك تتغيّر؟ أنتِ ريا. انت الكون كله لي. ابَدّي من هالنقطة… وقولي لي.
ريا:  (يديها ترتجف شوي) اوكي… أوكي تمام. بس اوعدني ما تقاطعني… ولا تفترض شي قبل أكمل. تكفى. ما أبيك تستعجل.
اراف:  (يومّي براسه ببطء) أوعدك. بدون مقاطعة… بدون افتراضات. كلميني، يلا.
ريا:  (تاخذ نفس عميق) حاضر… من أسابيع صار لي شي، ما كنت متوقعة… ولا مستعدة له. جتني إيميلات… من مكتب المدير… عن فرصة نقل. كبيرة. بغير مدينة… وفعليًا بغير ولاية بعد. وما قلت لك لأني ما كنت متأكدة أصلاً أبغاها ولا لا. وبالأمس أرسلوا العرض الأخير… وأنا توترت وقفل مخي.
اراف:  (ساكت شوي، يستوعب) أنت… جاك عرض نقل؟ وعرض كبير بعد؟
ريا: إي. هو نفس الشي اللي كنت دايما أتمنى يصير… قبل أنا وإنت نبدأ نسوي حياة مع بعض. قبل كل شي يصير ثابت… وبيت… وطُمأنينة. أنا ما خبيته لأني بنقل. خبيته لأني ما أدري… أقدر أو لا؟  والمفروض إذا اختياري للوظية اخسرك ...
اراف:  (يتكي وراه، يتنفس ببطء) واو… أوكي. هذي صدق كبيرة. وما بكذب… جزء مني تمنى انك قلتِ لي من بدري، علشان لا تضغطي على نفسك. بس أنا موجود الحين. وبفهمك. وش تحسين بالضبط؟ متحمسة؟ خايفة؟ مترددة؟
ريا: صدق؟ كلهم. متحمسة لأنها خطوة كبيرة. وخايفة لأن ما أعرف وش يعني لنا. وحاسة بالذنب لأني كتمته. ومتلخبطة بين شي كنت أركض وراه… وبين شخص صار جزء من نفسي.
اراف:  (صوته ناعم وثابت) اسمعي… ما تحتاجين تختارين بيني وبين شغلك. هذا مو حب، هذا ضغط. وأنا ما أبغا أكون السبب اللي يوقفك. بس بسمع منك وش تبغين أنتِ. مو اللي تحسين لازم ومو اللي تحسين ما يزعّلني ... أنت… وش تبين؟
ريا:  (عيونها تلمع) أنا أبغى… أبغى الوظيفة.إي. بس بعد أبغاك… وما أعرف كيف نجمعهم بصورة وحدة. والي يقهرني إني ما وثقت فيك من البداية.
اراف:  (يمسك يدها بلطف) ريا… رغبتك في الوظيفة ما تعني رغبتك فيني أقل. وتمنيت تقولين لي من بدري، صحيح. ... بس بعد ودي أفهم ليه ما قلتي. يوم يطيح عليك قرار ضخم فجأة… يهدّ توازنك. أنا فاهم انك تبين الوظيفة… بدعمك بشكل كامل. بس لازم نتكلم عن وش يعني ذا على المدى الطويل… مع بعض.
ريا: يعني… مو زعلان؟
اراف: زعلان إنك شلتي الحمل لوحدك. بس مو زعلان من أحلامك.
ولا من طموحك. ولا من فرصة كبيرة جاتك. أنا بس أتمنى… أكون واقف جمبك وأنت تمرّين بهاللحظة.
ريا:  (تدمع وتبكي خفيف) ما أبي أخسرك.
اراف: ما بتخسريني بالمَسافة. تخسريني بس لو وقفتي تكلمينّي.
إذا قررتي قراراتك من خوف، مو من محبة ووضوح. بس اللي نسويه الحين… عكس ذا كله. الحين إحنا نتكلم. وهذا اللي ينقذ كل شي.
ريا: طيب وش نسوي؟ يعني عمليا؟
اراف: أول شي… نتنفّس. وبعدين نشوف التفاصيل. كم مدة النقل؟ دائم؟ مؤقت؟ ممكن يصير شغل عن بعد بعدين؟ نخطط للزيارات؟
وممكن أنا أنتقل بعدين لو الظروف سمحت؟ في مليون احتمال غير ننفصل.
ريا: أنا… حتى ما فكرت بكل ذا. شفت العرض وانفجعت وفكرت كل شي بينهار.
اراف: أنتِ تشوفين الانهيار. وأنا أشوف الحلول. وهذا اللي يخلّينا نمشي سوا.
ريا:  (تضحك وهي تبكي) تسوّي كل شي بسيط.
اراف: مو بسيط. بس نقدر نتعامل معه. وأنتِ مو لحالك خلاص.
ريا: شكراً…لأنك ما تركتني. ولأنك ما عصبت. ولأنك أنت.
اراف: أنا ما أروح مكان. إلا لو قلتِ لي… وبعد حتى لو قلتِ… بعاندك.
ريا: لا لا… لا تروح. ولا أفكر أقولك تروح.
اراف: تمام. كذا إحنا متفقين. الحين اشربي شايك قبل يبرد…
وبعدها نفتّح الإيميل سوا… ونقرأ التفاصيل مثل الناس العاقلين.
ريا:  تبتسم أخيرًا ... صدق أحِبّ ذا الشاي… مرّة.
اراف: وووو .... ريا؟
ريا: هلا؟
اراف: مرّة ثانية… لو شي كبير صار… كلّميني قبل ما تبدأ مرحلة “أنا بضيع”.
ريا: اتفقنا
(يجلسون سوا… والمطر من برا يخفّ شوي… وهم يميلون على اللابتوب).









المشهد 9 الزائر المفاجئ.
المكا: ليلة هادئة بالمنزل. نورا تجهز العشاء في المطبخ. ليو دخل البيت ومعه مقاضي البيت. دقة مفاجئة على الباب اربكة الجميع.

ليو:  (يحط الأكياس على الطاولة وهو يتمطّى) مو عرفتك كذا صراحة. كل مرة تكونين تركضين مع الوقت وتسبّين أكواب القياس كأنهم سرقوك. بصراحة أحترم روحك القتالية بالمطبخ.
نورا:  (تبتسم ابتسامة بسيطة) إي والله… اليوم غريب شوي. ودي يكون يوم هادي… لو الدنيا بس تتعاون مرّة وحدة. (يجي طَرق قوي على الباب. نورا تجمّد بمكانها).
نورا: وش ذا؟ ... قول لي إنه مو بابنا.
ليو: يعني… إلا لو جانا جني يعرف طق أبواب… أكيد أحد عند الباب. بس لا تشيلين هم، يمكن توصيله.
نورا: أنا ما طلبت شي. أنت طلبت شي؟
ليو: لا، بس إحنا بالقرن الواحد والعشرين. مرات توصل بكجات بدون ما أحد يعرف ليش. يمكن واحد من هالهدايا التجريبية اللي تسجلين فيها بالغلط دائماً.
(طرق ثاني… أقوى شوي).
نورا: أوكي… هذا أكيد مو توصيل. هذا شخص واقف ينتظر… وواضح مستعجل. ليو… بالله لا تقول إنك عزمت أحد بدون ما تخبرني.
ليو: والله ما عزمت أحد. أعرف وضعك مع الضيوف اللي يجون فجأة. تصيرين تعطين ذيك النظرة اللي كأنه آخر يوم لي بالدنيا.
نورا: ما أسوي كذا!
ليو:  (يبتسم بخبث) سويتيها قبل نص ثانية بس.
نورا:  (تتنفّس بعمق) خلاص… نشوف مين. بس لو واحد من ناس اشتراكات المكنسة، بدخل وراك وأتخبا.
(تفتح نورا الباب. واقفة بنت… شايلة شنطة سفر).
نورا: ...أوه. أوه لا.أوه لا لا لا.
ليو:  (يطل من فوق كتف نورا) لحظة— ذي… ميا؟
ميا: هلا نورا. هلا ليو. أدري جيتي مفاجِئة… وأدري المفروض أتصل قبل… بس… الأمور تعقدت شوي، وما كان عندي مكان أروح له.
نورا:  (مصدومة بصوت واطي) ميا… إنتِ هنا؟ ليش… مع شنطة سفر؟
ليو:  (يتقدم بقلق) إنتِ كويسة؟ شكلك كأنك جريتي طول الطريق لهنا!
ميا:  (تتنفس بنبرة مهزوزة) صراحة وصفك دقيق. شقتي صار فيها… خلنا نقول “كارثة سباكة"". السقف بدأ ينقط بعدها صار فيضان مجاري من فوق على البيت. أخذت اللي قدرت عليه وطلعت قبل أنجن.
نورا: يا ربي… شي يخوّف. بس ميا… المفروض كلمتينا! رسالة… فويس… حمام زاجل… أي شي!
ميا: أدري… أدري كان لازم. بس توترت. وإذا توترت… المنطق يختفي. جيت هنا على طول… حسيت هالمكان هو الأمان الوحيد اللي طرى على بالي.
ليو:  (بلطف) مو لازم تتعذري بسبت التوتر. أهم شي إنك هنا وكويسة.
نورا: إي… وإنتِ تمام؟ بس ميا… كم ناوية تجلسين؟
ميا:  (بتردد، صوتها صغير) أنا… بصراحة مدري. يمكن ليلة… يمكن ليلتين. الفنيين قالوا يمكن أسبوع لين الشقة تصلح. بس والله ما أتوقع منكم تستضيفوني كل هالوقت.
ليو: هااا، لا تقولي كلام ما صار. إنتِ مثل الأهل. ولو احتجتي مكان، بنلقى حل سوا.
نورا: إي… بس تمنيت نعرف قبل. أنا أحتاج أجهز نفسي إذا تغيرت الخطة فجأة. مو إني مو ودي فيك… بس عقلي يحتاج وقت يستوعب ضيف في البيت.
ميا:  (تهز راسها سريع) فاهمة، فاهمة يا نورا. وبصراحة آسفة إني فجأة نطّيت عليكم. وإذا يريحك… أنام بالصالة… وما ألمس أي شي. أصير مثل الابجورة بالزاوية.
ليو:  (يضحك بخفة) ما نبيك تصيرين ابجورة. بس خذي نفس، يومك كان طويل وصعب.
(ميا تدخل. نورا تسكّر الباب ببطء وهي لسا تستوعب).
نورا: طيب… أوكي. خلّونا نجلس شوي. ميا، تبين شاهي؟ أظن الغلاية لسا دافية.
ميا: الشاهي ممتاز. أي شي دافي ممتاز. جسمي كامل حاس إنه قطعة ثلج ترجف توتر.
ليو: تبين تتكلمين عن اللي صار؟ ولا تبين تجلسين ساكته وتطالعي بالجدار لين مخك يشغل نفسه؟
ميا: يمكن مكس؟ لأن لو بديت أشرح كل شي، بنخنق بكاء… وودي أحافظ على كرامتي خمس دقايق زيادة.
نورا:  (ترجع معا شاهي، صوتها أرق) تفضلي… بابونج.
يمكن ما يصلّح سقفك الخربان… بس يمكن يهديك شوي.
ميا:  (تمسك الكوب ويدها ترجف) شكراً. صدق… شكراً لأنكم فتحتوا لي الباب بدون ما تحسون إني حمل زيادة. أنا جيت بأسوأ توقيت.
ليو: أسوأ توقيت كان لو جيتي يوم نورا رتّبت دولاب البهار. إنتِ جيتي قبل الكارثة.
نورا: ليووو— لا تفضحني.
ليو:  (يبتسم) مو فضيحة… هذا تذكير إنك تصيري تضحكين لما تتوترين.
نورا: مو… أوكي شوي.
ميا:  (تبتسم ابتسامة حقيقية أخيراً) حلو أضحك لأول مرّة اليوم.
ما توقعت كيف كنت مشدودة إلا الحين. وجودكم يخفف رهبة الأشياء دائمًا.
نورا: شوفي… أنا ما أحب المفاجآت، صحيح. بس أحبّك. وفرحت إنك جيتي هنا بدل تقعدين لحالك في شقتك اللي تحولت لحوض سمك.
ميا: شكراً… يعنيها لي كثير.
(لحظة هدوء. كلّهم يتنفسون).
ليو: طيب… وش الخطة؟ نلقى سكن مؤقت بكرة؟ ولا تبين تقعدين معنا لين نعرف وش الخطوة الجاية؟
ميا: إذا… إذا فعلاً ما يضايقكم… أبغى أجلس ليلتين. لين أعرف التأمين وش وضعه… وين أعيش وهُم يصلحوا سقفي.
نورا: تمام. بنرتّب المكان. بس… عطيني فرصة أتهيأ نفسيًا قبل نحرّك الأثاث، أوكي؟
ميا: أكيد. أنام حتى بالزاوية جنب الرف، أصغّر نفسي وأختفي.
ليو: لا تقولين كذا. لا إنتِ صغيرة، ولا ثقيلة علينا. إنتِ محتاجة مساعدة… وإحنا هنا أهلك ... خلاص.
نورا: بالضبط. بس مرّة ثانية… حتى لو حالة طارئة… أرسلي خمس ثواني رسالة، عشان ما أفتح الباب وأنا حاسة بكمين تصوير مفاجئ.
ميا:  (تضحك من قلب) تم.أوعدكم. لا مزيد مفاجآت بشنطة سفر… إلا إذا نبهتكم.
ليو: حلو. الحين نجلس، ناكل شيء، ونخطط لبكرة. بدون استعجال. بدون توتر. بس نهدى.
نورا: وبعد… حلا. حاسّه الليلة تحتاج حلا.
ميا: والله… هذا الكلام الصح.
(تنخفض الإضاءة… وهم يجلسون حول الطاولة، أخيراً مرتاحين).














المشهد 10





رايلي: (يدينها متشابكة، تطالع قدّام) يعني… شكله أخيراً بنسويها. بنجلس ونتكلم مثل الناس الكبار بدل ما نسوي إنه ما في شي. أنا لي أيّام أنتظر هالسالفة، تصدق؟
سام: (يتنفس ببطء وهو يلعب بسحاب الجاكيت) إي… أدري.
وأسف إنّي طولت لين أتكلم. أنا بس… كنت أحتاج وقت أفكّر كيف أشرح كل اللي صار بدون ما أطلع ملخبط أو درامي… مع إني غالباً بطلع كذا.
رايلي: أنا أحب الصراحة الملخبطة على السكوت اللي عطيتني إياه بصراحة. سام، حسّيتك اختفيت من الكوكب. حتى ميمز ما ترسل! أنت دايما ترسل لي ميمز!
سام: هذي أكبر علامة إنه في شي غلط. إذا ما قدرت أرسل حتى ميم بسس غبي… معناته عقلي مو في أحسن حالاته.
رايلي: (تلتفت له شوي بنبرة ألين) انت صادق. بس تقدر تشرح لي وش صار؟ لأنه من جهتي حسّيت كل شي طبيعي… وفجأة اختفيت كأنك تهرب مني.
سام: ما كنت أهرب منك. كنت أهرب… من السالفة نفسها. اللي أدري إنها تقريباً نفس الشي… بس النية غير، والله.
رايلي: سام… أنت تلف وتدور. وش السالفة؟
سام: (ياخذ نفس طويل) الرسالة اللي رسلتيها الأسبوع الماضي.
لما قلتي: “نحتاج نتكلم بأقرب وقت.” أدري الحين الموضوع يضحك… بس ذيك الكلمة دخلتني في حالة خوف.
حسّيتك بتواجهيني بشي قوي… أو بتقولين ما تبين صداقتنا… أو مدري… شي كبير.
رايلي: (ترمش، مصدومة) سام… كنت أقصد نتكلم عن تخطيط رحلتنا! رحلة القروب! اللي قلت تبغى تنسقها معي! حطّيت بعد ابتسامة!
سام: (اووهمم اممم) أدري… أدري. طوّلت أتأمل الابتسامة ذيك… وبرضو أقنعت نفسي إنها ابتسامة خبث لطيفة. الابتسامة اللي الناس يحطونها قبل ما يقولوا لك الخبر السيء.
رايلي: أنت فسّرت ابتسامة على إنها تهديد؟
سام: واضح إيه. عقلي يحب يتخيل… بس بدون فايدة.
رايلي: (تهز راسها وتبتسم رغم عصبيتها) يا الله يا سام… والله لو في جائزة لاستخراج دراما من الهوا… تفوز فيها بسهولة.
سام: قولي والله. تراني اليوم الثاني قعدت أحلل الرسالة كأنها شفرة من الـ FBI.
رايلي: كان بس تسألني وش أقصد!
سام: أبغى… بس تجمّدت. وكل ما طولت، صار أصعب أرجع أرسل. وبعدين أقنعت نفسي يمكن المسافة أحسن… مع إن ما كان له معنى… وبعدها دخلت بالدوامة— والحين إحنا هنا.
رايلي: إيه… هنا. شخصين كبار قاعدين بحديقة بالليل… لأن واحد منهم خاف من ابتسامة.
سام: إذا تقولينها كذا… الوضع يصير أسوأ.
رايلي: مو قصدي أحسسك بالذنب. أحاول أفهمك. لأن بصراحة… اشتقت أكلمك كل يوم. اشتقت لفضفضتك الغريبة… وآرائك الغريبة بالأكل… وطريقتك الدرامية بكل شي. المكان فاضي بدونك.
سام: (عيونه تلين) تشتاقين؟ ... كنت أحسب إني غالباً أزعجك نص الوقت.
رايلي: إيه تزعجني أحيان… بس مو بطريقة سيئة. أنت تجيب… مدري… حياة. حركة. فلما اختفيت فجأة… أنا بعد صرت أفكر كثير.
قلت يمكن قلت شي غلط… أو يمكن صداقتي لك ما كانت كفاية…
أو يمكن إني ما عاد صرت مهمّة له.
سام: رايلي… لا. بالله لا. أنت من أهم الناس بحياتي. وفكرة إنك ظنيتي ما يهمني… هذي توجع أكثر من كل شي ثاني.
رايلي: طيب ليه ما قلت لي؟ ليه ما قلت: “أنا خايف من الابتسامة”؟
سام: استحيت. أنا أعرف انه ما هو منطقي. وأعرف إنه اخترع مشاكل من ولا شي. واعترف لك بهالشي ... لشخص أهتم فيه… يحسّسني إني أكشف أضعف جزء فيني.
رايلي: بس هذا هو الموضوع يا سام. مو لازم تخبي الضعف حقك.
أحب أعرف وش تمرّ فيه… بدل ما أجلس أتخيل إني أنا السبب.
سام: (صوته أهدى) بحاول… صدق بحاول أتكلم قبل ما مخي يقلب كل شي لفيلم كارثي.
رايلي: تمام. لأني ما أبيك تختفي عني مرّة ثانية. وإذا أرسلت لك ابتسامة خبث صدقني بتعرف… بتكون ذيك الابتسامة اللي لها شكل مرعب واضح.
سام: (يضحك أخيراً) أوكي… ذي حقيقة تخوّف.
رايلي: شفت؟ كلام واضح.
سام: بس من جد… أسف. أني سكّرت الباب. وأنا خليتك تحسين إنه سحبت عليك. وأني تخيلت الأسوأ بدل ما أسأل.
رايلي: سامحتك. بس لا تعيدها. ولا تخلي الإيموجيز تتحكم بحياتك النفسية.
سام: ذي ما أقدر أضمنها… بس بحاول.
(لحظة هدوء مريحة بينهم).
رايلي: طيب… دام صفينا الجو… نرجع نخطط الرحلة؟ القروب يسألوني كل يوم مين يحجز الأكواخ… وأنا مخليّة الوضع كأنه كله تحت السيطرة.
سام: إي بالله… خلّينا نتكلم عن شي ما له علاقة بقلقي بسبب علامات الترقيم.
رايلي: تمام. لقيت كوخ عند بحيرة… له منصة كبيرة تطل عاليها. توقعت يعجبك لانك كل مرة تقول إن منظر الموية يهدي مخك.
سام: تذكرين ذا؟!
رايلي: أكيد. يمكن تشوفني سيدا… بس أنتبه. خصوصاً لك.
سام: شكراً…من جد. ...على صبرك… رغم إنك أكيد ودك تخنقيني.
رايلي: إي، ودي أخنقك. بس ودي أفهمك أكثر بعد.
سام: قدّرت هالشي. وأوعدك… المرة الجاية إذا خوّفني شي… بقول قبل ما أدخل في دوامة “إيموجي يدمّر حياتي”.
رايلي: ممتاز. لأني مو مستعدة أخسر أسبوع ميمز ثاني بسبب قلقك.
سام: تم. على فكرة… شكراً إنك جيتي اليوم… أعرف الوقت متأخر.
رايلي: عشانك؟ أجي لو الوقت أكثر من كذا بعد.
(يتبادلون ابتسامة دافية… والجو يتصفّى أخيراً).






المشهد الأول
المكان: صديقين، مايا وجون ويتشاركوا صباح بطيء في شقتهم. يسو قهوة سوا، يسو طقوسهم اليومية من الاسترخاء، ويشوفوا الرسائل الوصلتهم.

مايا: (تشد ذراعيها وتطالع قدّام وهي","أهمس كذا على شان ما ننسمع من الحرامي.
 طيب، طيب اسمع ... هذا هو مرة ثانية!
 ذا قبل ساعات، ليش يطيح الحين؟ ليش مو قبل؟
 لا تنكتي",2,1,False,0.263581,0.263581,0.209257,0.0,0.263581
10,Arabic_SA,https://d2r5sftrozu18z.cloudfront.net/uploads/audio-segmentation/1095/2_hours/2_hours_Segment_033.wav,"انتظري.اسمعت صوت
أمم
مصيبة أكبر مما توقعت
باب الدولاب مفتوح شوي.
لا والله إني سكّرته
أنتي ما تفهمين، لو في واحد فتحه","المشهد ١ — دراما رسالة الجوال الغامضة
المكان: غرفة جلوس هادئة، آخر النهار. الجوال يهتز بلا توقف.
لينا: (تتنهد بضيق) ثيو! يا الله!، لازم تشوف ذا. الحين.
ثيو: (يتثاءب) وش فيه الحين؟ نهاية العالم خلاص؟ أو برجك الغبي حذرك؟
لينا: لا! أخَسْ. شوف… (تمد له الهاتف) ليه أليكس أرسل لي: ""أَبِيكِ بكلمة"".
ثيو: (شهقة) أخطر أربع كلمات في اللغة العربية.
لينا: بالضبط! صح؟ وش يقصد بها؟ ""أَبِيكِ بكلمة"". عن وش؟ وليه؟ متى؟ ووين؟ وعن وش؟
ثيو: (آآه تنهد) لينا، اهدي. ممكن بس يبي رأيك.
لينا: (تهز رأسها)  ممم ما في واحد يقول ""أَبِيكِ بكلمة"" لشيء عادي يا ثيو. هذه لغة جادة. لغة المواجهات. لغة ال…
ثيو: (يقاطعها) لغة الدراما اللي اخترعتيها بنفسك.
لينا: (تتأوه) كنت أعرف. حياتي صارت مسلسل. وأنا ما أدري.
ثيو: (يضحك) أنت السببتيها. أنت تحبين الدراما. تتنفسينها.
لينا: (منزعجة) هممف كييف؟ ما أحب الدراما أبد.
ثيو: (مستمتع بضحكة خفيفة) لينا، الأسبوع الماضي بكيتِ على إعلان… عن كورن فليكس.
لينا: (تدافع) كان يحزن! الأب اعتذر لأنه أكل آخر صحن!
ثيو: (يضحك) اييييه ببكي من الأحاسيس.
لينا: (تتمشى بقلق) طيب، ركّز اممم    وش اسوي؟ أرد؟ أسحب عليه؟ أقوله إن الواي فاي خرب ثلاثة أيام؟
ثيو: (آآآه تنهد) اسأليه بس وش يقصد.
لينا: (تصدم) بس كذا؟! ثيو، ترا ذا وضع حساس. ما تقدر تسأله كذا وش يبي. هذا… هذا يخرب الاحاسيس!
ثيو: (يضحك) أنت غبية. هي كلها شوية كلمات.
لينا: نعم! كلمات تخرب باقي اسبوعي!
ثيو: (يبتسم) دراما ما تخلص.
لينا: (بقلق خفيف) طيب، بأكتب: ""أوكي، وش فيه؟"" كذا تمام؟ رزين؟ غريب؟ لطيفة؟
ثيو: (هممممم) لينا… حلو. رد طبيعي. زي سويسرا ... محايدة.
لينا: (تكتب بسرعة) طيب. أرسلت. الحين نتوتر.
ثيو: (يضحك) أنت متوترة أصلًا.
لينا: والحين عندي سبب رسمي.
(الجوال يهتز)
لينا: ياااااااه! رد. ما أقدر اشوف. ثيو، اقرااه.
ثيو: (ينظر للهاتف) هممم.
لينا: (متجمدة) ""هممم""؟ وش تقصد بـ ""هممم""؟ ثيو، لا تعلقني!
ثيو: (يبتسم) اهدي. يقول إنه يبي يساعدك في جدولة حفل مفاجئة لصديقتك نورا.
لينا: (تفقد توترها فجأة) …آهاااا.
ثيو: (ينفجر ضاحكًا) سويتي دراما كبيرة علشان ذا بس؟ 
لينا: (بحرج) أكرهكم كلكم.
ثيو: لا، لا تكرهين. أنتِ تحبين الدراما… والدراما تحبك.
 
 
 
المشهد ٢ — أزمة القهوة في المقهى
المكان: مقهى مزدحم، وقت الصباح.
لينا: (متوترة) ثيو. حياتي انتهت. مرة ثانية.
ثيو: (يشرب القهوة) خليني أخمّن… خَلَص حليب الشوفان؟
لينا: نعم! كيف عرفت؟
ثيو: لينا… هذا المقهى يخلص فيه حليب الشوفان كل يومين. طبيعي.
لينا: (آآآه) بس هم يعرفون أني أحتاجه. أنا ما أتحمل اللاكتوز… عاطفيًا وجسديًا.
ثيو: (يضحك) لاكتوز عاطفي؟
لينا: نعم. الحليب يجرح روحي.
ثيو: خذي حليب لوز.
لينا: (هاااعع) لوز؟ طعمه زي النكد مخلوط بخشب.
ثيو: (يضحك) يا الله! أنت درامية.
لينا:  والباريستا أعطتني نبرة لما سألت عن حليب الشوفان الموجود عندهم في المخزن.
ثيو: وش قالت؟
لينا: قالت: ""نحن ما نخبي الحليب في مخزن سري.""
ثيو: (يضحك) معها حق.
لينا: لكن قالتها بدون نفس يا ثيو. بدون نفس.
ثيو: (هاها) بدون نفس؟ اتصلي بالشرطة طيب.
لينا: بالضبط! لازم أقدم شكوى.
ثيو: بسبب الحليب؟
لينا: بسبب المبدأ. كنت أبغى قهوة طبيعية. لكن لااا… لازم تكون حياتي درامية.
ثيو: (يبتسم) الدراما تلحقك زي الكلب الوفيّ.
لينا: أنا ما أبِيهَا!
ثيو:  أنت حرفيا تجذبيها.
لينا: (آآآه) ممكن أوقف عن القهوة.
ثيو: (يضحك) حاولت من قبل ... صمدتي سبع ساعات.
لينا: الدنيا ما تحبني.
ثيو: على وش ما تحبك؟
لينا: ما أدري… ممكن لأني الأفضل.
ثيو: (قهقه) أكييد.
 
 
 
 
 
 
 
 
 
 
 
المشهد ٣ — كارثة قروب الشات
المكان: نفس المقهى، بعد فترة في الصباح.
لينا: (تنظر لهاتفها) لااا… ثيو، شوف. شوف!
ثيو: (يميل نحوها) وش فيه الحين؟ خلص الحليب بَعَدْ؟
لينا: أخَس. القروب مولّع.
ثيو: (اوووف) يا ساتر. وش فيه؟
لينا: واحد سأل: ""أي فيلم نشوف الليلة؟"" والحين فيه… 42 رسالة في دقيقتين.
ثيو: (هاهاهاها) هذي فوضى، مو دراما.
لينا: لا، دراما حقيقية. شوف ... إيلا تبغى رعب. بن رافض لأنه ""ما يتحمّل الرعب"". ميرا تشوف بس رومانسي. وجونا يبغى وثائقي… عن السحالي.
ثيو: (هاهاهاهاه) سحالي؟!
لينا: نعم! والأدهى والأمر… واحد منهم كتب اسمك وقال: ""ثيو يحدد"".
ثيو: أنا؟ ليه أنا؟
لينا: لأنك المحايد. يعتبرونك وسيط سلام.
ثيو: (ساخر) مسؤولية كبيرة ذي.
لينا: ثيو، لازم تختار بحكمة. هذا مجلس أمم متحدة.
ثيو: لينا… هو بس فيلم.
لينا: (تهمس بانفعال) لا. هذه سياسة اجتماعية.
ثيو: طيب… اختار… كوميديا.
لينا: يا ربيي… خطأ. بِن يكره الكوميديا. إيلا تقول الكوميديا ""سطحية عاطفيًا"". وميرا تبكي على الكوميديا أكثر من الرومانس.
ثيو: كيف؟
لينا: ما في منطقية. القروب ذا يدمّر العلاقات.
ثيو: (آآآخخ) أنتم كلكم مجانين.
لينا: (شهقة درامية) نحن! الحين القروب كله يصارخ لأن جونا ما يبغى غير السحالي.
ثيو: (هاهاهاهاها) أفضل خبر سمعته ذا الأسبوع.
لينا: كابوس… كابوس زواحف.
ثيو: تبين حل؟
لينا: نعم! أنقذنا!
ثيو: (يكتب) يلا، أقول: ""خلا نصوّت"".
لينا: (اوووه) أنت عبقري.
ثيو: أعرف.
لينا:  والحين ننتظر…
(لحظة انتظار)
لينا:  الحين في 15 صوت، 10 منهم كوميديا.
ثيو: قلت لك. الديمقراطية تفوز.
لينا: (تنهد) ثيو… انت أنقذت العالم.
ثيو: (هاهاهاهها) مبروك لنا.
لينا: بصراحة، حياتنا مليانة دراما.
ثيو: حياتك أنت. أنا بس الشخصية اللي تصلح الفوضى حقتك.
لينا: (هيهيهي) وأنت تحب تصلحها.
ثيو: (هاهاهاهاهها) يمكن.
 
 
المشهد ٤ — كارثة المحفظة الضائعة
المكان: خارج السوبرماركت، آخر النهار.
مايا: (مذعورة) جوردان! جوردان! جوردان! محفظتي ضاعت! دورت في شنطتي مرتين ... لا ثلاث ... يمكن خمس... مو في! اختفت!
جوردان: (بهدوء يشرب) تمام… متى آخر مرة شفتيها؟
مايا: (تلوّح بيديها) ما أعرف! يمكن في المحل، في السيارة… لااا أدري! أنا بنجن!
جوردان: طيب… اهدي. وين كنتي لما عرفتي إنها مو معك؟
مايا: (تشير لمقعد) هنا! جلست، حاولت أخذ مفاتيحي، وفجأة… الدنيا قررت تعاقبني.
جوردان: يعني المحفظة تبخرت؟
مايا: يمكن! يمكن صارت لها أرجل! وهربت تعيش حياتها الخاصة.
جوردان: محفظتك هربت؟ هذا تفسيرك؟
مايا: لا تضحك علي في مصيبتي!
جوردان: (يضحك) ما اتريق عليك، بس الاحظ الدراما حقتك… طيب خلنا نرجع كم خطوة ونتأكد. دخلتِ السوبرماركت، وبعدين وين رحتي؟
مايا: رحت لقسم الخضار… أخذت تفاح… بعدها رجعته ما عجبني. بعدين…
جوردان: مايا. ركيزي. طلعتي المحفظة وقتها؟
مايا: يمكن؟ مسحت البطاقة وأنا طالعة، بس ما أدري إذا بالمحفظة ولا الجوال؟ لااا… ممكن تركتها عند الكاشير؟ ماذا لو واحد سرقها؟
جوردان: (يطبطب) هي محفظة، مو كنز وطني. نروح نسأل—
مايا: (تمسك ذراعه) لا دقيقة! فتش شنطتي! يمكن تلقاها لأني ما أشوف!
جوردان: تريديني أغوص في الثقب الأسود اللي تسميه شنطة؟
مايا: نعم! لأني ما أثق بنفسي
جوردان: (هممم) خلنا نفتش ... فواتير… أقلام؟ ليه 17 قلم؟ و… سناكات. وأكيد ما في محفظتك.
مايا: (تجلس منهارة) انتهيت. بطاقاتي… هويتي… بطاقة المكتبة! يا ربيي، وش بيصير لو واحد استعار كتب باسمي!
جوردان: نعم، أكيد ذي المشكلة! مو فلوسك أو بطاقة البنك ... المشكلة الحقيقية هي غرامات تأخير الكتب.
مايا: لا تتريق! ترا الوضع جد!
جوردان: طيب… وين كنت قبل قسم الخضار؟
مايا: قسم اللحوم…  أخذت شرايح تركي ، والبنت الشغالة هناك طولت إلى ما تقطعهم… حسيت أني كبرت عشرين سنة!
جوردان: واستخدمتِ المحفظة؟
مايا: لا ... ما ادري الصدق. إلا لو استخدمتها! أو لا. يا الله! أنا عديمة المسؤولية.
جوردان: (يضحك). أول خطوة: الاعتراف أنك غير موثوقة.
مايا: (آآآه) انتظر ... يمكن تركتها في السيارة!
جوردان:  ما فتشتيها؟ 
مايا: بعيوني بس! يمكن كانت متخبية عن عيني.
جوردان: محفظتك ما هي كائن حي يتحرك ويتخبى لحاله.
مايا: أنت ما تدري! يلا نروح السيارة.
(يذهبون للسيارة)
جوردان: (يفتش) همم، يلا! وقت التفتيش الصح. جانب الكرسي ... درج الراكب ... الدرج بين الكرسين ... تحت السيارة ... لا، ما في شيء.
مايا:  اوووف، خلاص بس… كذا بأتصل بالشرطة.
جوردان: يعيني وش بتقولي؟. ""هلا، نحتاج حملة تفتيش عن محفظة عليها ورود.""
مايا:  ها وش أسوي؟
(رجعوا للمتجر)
مايا: (متوترة عند الكاشير) اممم السلام عليكم، \ لو سمحتي في أحد سلّم محفظة ضايعة؟ عليها ورد وشكلها حلو، فيها حياتي كلها؟
الموظف:  (تتأكد الموظفة) لا، للاسف.
مايا: (تهمس) ما حطلع من البيت مرة ثانية.
جوردان: سؤال!… جربتي جيوب الجاكيت حقك؟
مايا: مستحيل. أنا ما أحط شيء فيها. صغيرة مرة.
جوردان: مايا. تأكدي.
مايا: اااخ طيب (تحط يدها بجيبها)… انتظر… لحظة…
جوردان:  ااخ ... لا تقولي…
مايا: (تسحب المحفظة من الكم) مستحييييل!!
جوردان: (ينهار ضاحكًا) في جيبك… طول ذا الوقت في جيبك
مايا:  ماني فاهمة! ما قادرة استوعب الموضوع! 
جوردان: مبروك. القضية تقفلت. المحفظة ما هربت.
مايا: مستحيل. في واحد حطها في جيبي.
جوردان: إيييه صح، عميل سري دسها في جيبك.
مايا: وقف لا تِنَكِت علي!
جوردان: يا عالم… أكثر إنسانة درامية.
مايا: أكرهك.
جوردان: لا. ما تقدرين.
مايا: …يمكن. بس لا تقول لأحد عن الحصل.
جوردان: حكلم الكل.
مايا: جوردااان!!!!
جوردان: (يضحك) محققة المحافظ، يلا نرجع البيت قبل تضيعي الجاكيت حقك.
 
 
 
 
 
 
 
 
 
 
 
 
 
 
 
 
 
المشهد ٥ — انهيار نهاية الأسبوع
المكان: غرفة ريا، مساء الجمعة. السناكات على الطاولة والجوال يرن كل فترة.
ريا: (تدخل الغرفة) نوح! عندنا كارثة حتنهي العالم.
نوح: (من دون يطالع فيها) خليني أخمّن… وقفوا إنتاج شبسكك التحبيه؟
ريا: أسوأ! حجزت لنفسي… أربع مناسبات مختلفة… بيوم واحد!
نوح: أربعة؟
ريا: نعم! السبت بيقتلني!
نوح: طيب وش هي؟
ريا: أول وحدة: فطور عيد ميلاد بنت خالتي… لو ما حضرت بتبكي. 
نوح: يعني مناسبة أهل إجبارية.
ريا: الثانية: صديقتي تارا تنقل من بيتها وقالت ""أنت الوحيدة اللي ما تكسرين الأشياء"". ضغط كبييير علي.
نوح: غلطانة المسكينة.
ريا: الثالثة: ورشة الفخار اللي أنتظرها من سنة. دفعت فلوسها وما بترجع، روحي الإبداعية تبكي.
نوح: هممم هممم وش الرابعة؟
ريا: الرابعة: رحلة تسلق، مع فريق الشغل.
نوح: يعني إفطار… نقل… فخار… تسلق. في يوم واحد؟
ريا: إيه! ليه سويت بنفسي كذا؟
نوح: صراحة… إنجاز. تراكم عدى خيالي.
ريا: نوح! ما أقدر أكون في أربع أماكن مرة وحدة! أنا مو سوبر مان!
نوح: طيب، خلينا نشوف توقيت كل حدث.
ريا: الفطور الساعة 10. النقل الساعة 9 لكنها قالت ""تعالي وقت ما تبين"". الفخار الساعة 1. التسلق ""العصر"".
نوح: وتبين تحضري لكل ذي المواعيد؟
ريا: بالضبط! وهذه هي المشكلة!
نوح: هااهاهاه تقدرين على اثنين… يمكن ثلاثة لو عندك الانتقال السريع زي الانمي.
ريا:   اوووف يا ليتني أقدر انتقل بسرعة.
نوح: طيب… وش المناسبة الما تقدري تتأخري فيها؟
ريا:  همممم الفخار حدث لمرة وحدة ومحجوز من أول.
نوح: طيب كذا ثابت ... ووش بعد؟
ريا: الفطور، مشاعر قريبتي في خطر لو ما جيت. وكيكة مجانية.
نوح: الاهل الأقرب. كذا الفطور والفخار هي الثابتة. 
ريا: كمان حبكي لو ما رحت للفخار.
نوح: تمام. التسلق والنقل، و ... وين ناقلة صديقتك؟
ريا: بالاتجاه الثاني من المدينة. حرفياً.
نوح: والتسلق؟
ريا: طريق ما سمعته من قبل. والكثير من الحشرات.
نوح: يعني ما تبي تروحي؟
ريا: لا، بس لازم اروح. تلاحم الفريق، ونقاط توظيف حلوة. أنت تعرف، الوظيفة وانك تكون مسؤول.
نوح: هيهيهي. مشاكل موظفين.
ريا: للأسف.
نوح: طيب، عندك مناسبتين وبالكثير ثلاث وكنسلي الباقي.
ريا: أكنسل! أكنسل!! تستهبل! كلهم حيظنوا اني عديمة مسؤلية! حيقصوني من المجتمع وأصير منبوذة.
نوح: انتِ مو حتنطردي من المجتمع لانك ما رحتي لرحلة تسلق!
ريا: أنت ما تدري.
نوح: ههاهاهاها. طيب، وش رأيك لو كلتمي صديقتك أنك بتساعديها  في اليوم البعده؟
ريا: هممم قالت انها حتفك أغراضها نهاية الأسبوع كله.
نوح: بالضبط، ساعديها اليوم كله.
ريا: ذا ممكن ينفع ...
نوح: حلو، كذا باقي التسلق.
ريا: اااااخ التسلق!
نوح: ودك تروحين؟
ريا: ولا دقيقة.
نوح:  طيب لا تروحي.
ريا: لكن!
نوح:  ما في لا. قولي عندك الحق تكون عندك حياة برا الشغل.
ريا: وش أقول؟ ""اسفة، ما حاسة بالطاقة والدراما معاكم""
نوح: هاهاها. بدون دراما، ارسلي لهم ""عندي إلتزام أكثر أهمية"".
ريا: مَلَلَ.
نوح: احترافي.
ريا: اوكي، لكن على الأقل أقدر أقولهم مشغولة بشيء مهم؟
نوح:انت تسوي شيء مهم. مناسبة فطور، وورشة فخار إبداعية.
ريا: كذا السبت عبارة عن إفطار وفخار. 
نوح: مناسبتين تقدري عليها مو جدولة زفت.
ريا: نوح أحس اني منتعشة!
نوح: هيهي. قلت لك. كان باقي لك شوي وتخشي في مصيبة.
ريا: قربت ارسل لهم رسالة طويلة مليانة أعذار وايموجيز.
نوح: هاهاها. كويس وقفتك. ما في أحد يحتاج يقرأ تقرير من الاعذار.
ريا: كذا اقدر ارتاح. يومي ما اخترب.
نوح: بالضبط، عديتي مصيبة الجدولة.
ريا: لا تخلي الوضع درامي.
نوح: تعلمت منك.
ريا: هييي
نوح: امزح معك. بس كويس عرفتي أولياتك، واخترتي اثنين منهم.
ريا: هيهي. شكرا نوح. حتى لو أنت تتريق علي طول الوقت.
نوح: بس شوي. ولو صار فيني كذا متأكد أنك حتضحكي علي.
ريا: أكيد. 
نوح: بالضبط، خلنا نرتاح الحين. انقذت يومك.
ريا: انا المستقبلية لازم توقف تقول نعم لأي شيء.
نوح: تكفى اكتبيها في ورقة صغيرة وعلقيها عندك.
ريا: أن شاء الله بسويها.
(الاثنين جالسين على الكنبة مرتاحين.)
ريا: والحين ... وش نسوي اليوم؟
نوح: أي شيء إلا زيادة مواعيد بكرة.
ريا: اتفق.





المشهد ٦ — الصوت الغامض عند منتصف الليل
المكان: شقتهما، منتصف الليل. سكون… أو ما يقاربه 
(يسمع صوت خبطة)
سام: (هاااع) ليلا! اصحي! اصحي الحين!
ليلا: (نصف نائمة) لا. مو صاحية. إلا لو الشقة تحترق. غير كذا، لا.
سام: أحس في أحد بالبيت.
ليلا: (بعينين مغلقتين) هذي الثلاجة. كل ليلة تسوي كذا. من زمان.
سام: لااا هذا ما كان صوت شيء اعرفه من البيت.
ليلا: سام، ترا كل الأصوات تخوف آخر الليل وكمان إذا انتِ خايفة. 
سام: تكفين! قومي. يمكن حرامي. أو حيوان. أو ... يا ساتر ...قطو معصب!
ليلا: قطو معصب؟ هذا اللي مخك فكر فيه؟
سام: القطاوا تتهاوش آخر الليل. حرامية صغار عندهم أظافر!
ليلا: آآآخ منك ... طيب، طيب. كيف كان الصوت.
سام: كان زيي… بووم. بس مو أي بووم. بووم من اللي تجيك وتقول ""الوضع خطير"".
ليلا: وصف مفهوم جداً يا عبقرية!
سام: ترا الوضع جد!
ليلا: (اووااه) بوقف لما ما توقفي عن الصرخة البخفيف ذي. 
سام: أهمس كذا عشااان ما ننسمع من الحرامي.
ليلا: لو فيه حرامي، كان سمع دقات قلبك. دقات طبول اعراس.
سام: طيب، طيب اسمع ... هذا هو مرة ثانية!
(صوت خفيف ثاني)

ليلا: سام… هذا كيس الشيبس اللي تركتيه على الطاولة. توه طاح. من قال ""بأكل بس ثلاث حبات"" وآخر شيء أكلت نص الكيس
سام: ذا قبل ساعات ليش يطيح الحين؟ ليش مو قبل؟
ليلا: الجاذبية؟ الوقت؟ حركاتك حقت كل يوم المضرة بصحتك؟ اختَر واحد فيهم.
سام: لا تنكتي! نحتاج نتأكد.
ليلا: لا، أنت تحتاج تنام.
سام: ليلااا تكفى. بس شوي تعالي معاي لو في غدرة.
ليلا: (تسك آآآخ) طيب! لو ما في شيء بتسوي بكرة بان كيك.
سام: تم.
(يتسللان في الممر)
سام: (يهمس) تحركي بشويش، وخليكِ وراي.
ليلا: ليه وراك؟ مو أنت اللي خايف. ومفروض تخليني درع لك.
سام: أنتِ أشجع.
ليلا: (اييه) أنا مو شجاعة… أنا تعبانة. ما يهمني لو نموت.
(يصمتان للحظات)
سام: هششش.
ليلا:  ما في شيء. ممكن نرجع الحيـــ
سام: انتظري! سمعت صوت!
ليلا: (اووف) ذا بطنك.
(يدخلون المطبخ)
سام: (يطالع من طرف الزاوية) (هممم) مصيبة أكبر مما توقعت.
ليلا: وش فيه؟
سام: باب الدولاب مفتوح شوي.
ليلا: يعني تركته مفتوح، زي كل مرة.
سام: لااا! والله إني سكّرته!
ليلا: (اوووف) سام… أنت تحلف كثير. وكل شيء أنت تسويه أصلا عكس!
سام: أنتِ ما تفهمين! لو في واحد فتحه؟
ليلا: زي وش؟ جني يدور على ملح؟
سام: ممكن.
ليلا: (ااااخ) جني دخل المطبخ ... في نص الليل ... بس يفتح الدولاب ويطلع؟
سام: لما قلتيها كذا ... حسيتها عبيطة.
ليلا: لأنها عباطة!

(صوت خفيف وكأنه كيس)
سام: شفت؟! أكيد في شيء في المطبخ
ليلا: (تنحني وتشوف) ايييه ... خلنا نشوف مسرح الجريمة. ... شوف! كيس الشيبس على الأرض.
سام: في واحد طيحه!
ليلا: شيء في الفيزياء اسمه الجاذبية وأنك حطيته مطرف على الرف.
سام: مستحييل! حطيته كويس على الرف.
ليلا: ... اووه صحييح. واضحة من عاداتك الكويسة.
سام: (اووف) خلنا نفتش في الصالة.
ليلا:سااام.ساااام. ترا نص الليل، ما حسوي تفتيش كامل للشقة!
سام: ما عليك، كلها دقيقتين.
ليلا: حتأخذ 10 دقايق! لانك تفتش زي العساكر.
سام: اسمه اتقان العمل.
ليلا: ذا اسمه الوسوسة.
(وصلوا الصالة)
سام: الستارة تحركت!
ليلا: لأنك مشيت. والهواء حركها.
سام: متأكدة؟ ممكن يكون ...
ليلا: لا تقول جني.
سام: طيب، حقول الهوا
ليلا: شفت! شيء معقول.
سام: لكن… ما فيه شباك مفتوح.
ليلا: طيب ... هذا غريب.
سام: قلت لك!
ليلا: لحظة… سكّرت باب البلكونة؟
سام: أظن؟
ليلا: تظن؟ سام! كذا تبدأ أفلام الرعب!
(يتفحصا الباب)
سام: (مرتاح)(اااه) مقفل.
ليلا: الحمد لله. يعني ما فيه شيء يخوف ...
(صوت حركة خفيفة)
سام: وش هذا؟!
ليلا: (خافت بس تتدعي الثبات) وكانه شيء يجلس.
سام: وش الي شيء يجلس؟؟
ليلا: مدري!!
سام:  سلة الغسيل طاحت!
ليلا: (شافت السلة) حطيت جزمتك الثقيلة فوق علشان كذا طاحت السلة.
سام:  الجاذبية مسوية شغلها الليلة.
ليلا: (هاهاهها) أنت اسمج انسان خايف قابلته.
سام:  سعيد أنه خوفي ضحكك.
ليلا: لآخر درجة، الحين أنا مصحصة.
سام: يعني تقتنعين إنه فيه شيء؟
ليلا: لا. مقتنعة أنك أنت المحتوى.
سام: لكن—
ليلا: سام… الأبواب مقفلة. ما فيه أشياء مكسورة. لا قطو. لا جني. كل شيء كويس.
سام: أكيد؟
ليلا:  يب أكيد.
سام: يمكن… بالغت شوي.
ليلا: شوي؟
سام:  اوكي ممكن كثير.
ليلا: بس عادي. أنت تخاف بالليل. سام الليل شخص ثاني.
سام: الظلمة والهدوء تخوفني.
ليلا: الخبر الحلو هنا انه خيالك هو الجني.
سام: (هاهاها) صحيح صحيح.
ليلا: يلا نرجع ننام… قبل ما يخوفك صوت الثلاجة.
سام: بس متأكد انه الشيبس ما طاح لحاله.
ليلا: (أييييه) أكييد ... طاح الشيبس لحاله لأنك ما تعرف تحطه زي الاوادم.
سام:  (هاهاهاها) ما ودك توقفي تريقة؟
ليلا: أبد ما بوقف.
(رجعوا للغرفة)
سام: شكرًا لأنك قمتي.
ليلا: عندي بانكيك. وقهوة.
سام: تم.
ليلا: وإذا سمعت صوت بعدين؟
سام: بأخذ نفس… قبل ما أتهم قطو شرير.
ليلا:  حلو التطور.







المشهد ٧ — كارثة الرسالة الخاطئة
المكان: غرفة مايا. عصر. مايا تمشي ذهابًا وإيابًا وهي تهتز من التوتر. جوردان يشرب شاي.
مايا: (مرتبكة) جوردان! جوردان! جبت العييد!
جوردان: (هادئ جدًا) خذي نفس… وش صار؟
مايا:  ما في وقت للهداوة ... أرسلت الرسالة.
جوردان: أي رسالة؟ أنت ترسلين ألف رسالة يوميًا.
مايا: مو هذي! أرسلت رسالة غلط وفي وقت غلط لشخص غلط!
جوردان: لمن؟
مايا: لمديري.
جوردان: …العييد ... وش ارسلتي فيها؟
مايا: تتذكر كلامي لك قبل شوي… لما قلت إنه ""يشغل الفريق مثل GPS خربان""؟
جوردان: لا تقولي—
مايا: أرسلته له! على رقمه الخاص! ومع إيموجيز!
جوردان: (اوووف) هذه… (هسسس) مصيبة والله.
مايا: أخيراً استوعبت المصيبة!
جوردان: هذي مصيبة بس كمان تحسها جرأة منك.
مايا: جرأة! أنا بنطرد، يحاكموني ويضيع مستقبلي، وحتى انخطف من ال HR
جوردان: ال HR ترا ما يخطفون الناس.
مايا: (اييييه) صدق؟ شكلك ما شفت ايميلاتهم. مليانة لهجة وعيد وتهديد تقول بيقتلوك.
جوردان: (هي هي) اوكي اسف.
مايا: وش اسوي الحين؟
جوردان: أول شيء اهدي. حفرتي الأرض من حركتك.
مايا: ما اقدر، لو وقفت بنفجر من التوتر والخوف.
جوردان: اوكي، انفجري بالراحة.
مايا: ما ابغى انفجر بالراحة. ابغى الغي الرسالة.
جوردان: جربتي تحذفيها؟
مايا:اكيد. بس الدنيا تكرهني. بس في زر حذف لدي، وما في حذف للجميع.
جوردان: ذا الزر الغبي ما منه اي فايدة.
مايا: بالضبط. وش اسوي الحين؟
جوردان: انتظري بس.
مايا: أنتظر! أنتظر!! جوردان أنا روحي ما تتحمل الانتظار.
جوردان: ما عندك حل، إلا لو تهكري جواله بطريقة الأفلام.
مايا: لا تغريني! ترا شوي واسويها.
جوردان: طيب طيب. خلنا نفكر بواقعية.
مايا: واقعية؟ يا جوردان، ما عندي غير أفكار سلبية.
جوردان: طيب، انت فكري بدرامتك وانا بفكر بعقلانية لنا الاثنين.
مايا: تم.
جوردان: اسوء شيء بصير أنه يقرأها ويطلب يكلمك علشان يعرف وش السالفة. 
مايا: يكلمني؟؟ هذه لغة ال HR علشان تجهز آخر كلامك
جوردان: لا، مرات يكون نقاش بسيط.
مايا: آخر ""نقاش"" خلوني فيه المسؤولة عن حفلات الميلاد.
جوردان: (آآخ) مثال زفت. نشوف شيء ثاني.
مايا: (ايييه) قاعدين يقروها. كنت أدري. ليه ما علقوا على الرسالة؟ ليه صارت صحين ازرق بدون رد؟ ليه ""يكتب الآن""
جوردان: علامة واحد يكتب؟
مايا: ايه. تظهر وتختفي. قاعد يكتب نهايتي. ويمسحني من الوجود.
جوردان: أو قاعد يكتب لستة السوق، وفتح شاتك بالغلط.
مايا: لا. يقصد يسوي كذا. هذه غلطتي لأني غلطت عليهم.
جوردان: كانت تضحك على الأقل.
مايا: جوردان. بالله وقف مدح تريقتي.
جوردان: اسف. طيب. خلنا ندور طريقة نخفف بها المصيبة الجاية.
مايا: ايييه بالله عليك. عطنا الكلمات للاعتذار المثالي.
جوردان: تمام. وش رأيك في ""هلا. انا اسفة، الرسالة ذي جاتك بالغلط"".
مايا: قصيرة، وتبين أني مو مهتمة.
جوردان: طيب. وش رأيك ""متأسفة جدا، في سوء فهم ...""
مايا: لا! كذا يصير كأني الغلطانة. ابغى شيء عادي بس محبطُ.
جوردان: نبرة عادية بس محبطة ... طيب وش رايك ""اعتذر عن الرسالة الغلط. اترسلت برا سياق السالفة""
مايا: برا السياق؟ ما في مبرر اني اذب على رئيسي برا السياق.
جوردان: ممكن تصير.
مايا: كيف؟ الا لو الدنيا اهتزت!
جوردان: تدرين! ممكن تصير كذا!
مايا: انا ما اطقطق يا جوردان! 
جوردان: صحيح، معليش. طيب، اعتذري وخلاص، من كل قلبك.
مايا: أضيف ايموجيز؟
جوردان: لا. أكيد لا. بدون ولا واحد.
مايا: ولا حتى وجه حزين؟
جوردان: لا. هذا بزيد المصيبة. الكبار ما يحطو ايموجيز في رسالة اعتذار.
مايا: اوكي. تمام. كتبت الرسالة.
جوردان: اقريها.
مايا: (تقرأ) ""السلام عليكم، انا اعتذر بصدق عن الرسالة الوصلتك سابقا، كانت لصديقتي. كنت افرغ توتري واحباطي لصديقتي، لكن المفروض اتعامل معه باحترافية. اعتذر لك بصدق"".
جوردان: ممتاز جدا.
مايا: أرسلها؟
جوردان: ارسليها.
(أرسلتها وندمت على مباشرة)
مايا: يا الله، يا الله! ليه سويت كذا؟ ليه خليتني أرسلها؟
جوردان: لأنه ذا الأصح. وأنت كبيرة ووقفي لعب العيال.
مايا: يكتب مرة ثانية!
جوردان: ممتاز. كذا تفاعل مع الرسالة.
مايا: أو ... أو قاعد يكتب رسالة طردي.
جوردان: انا متأكد انها ما تنكتب بجوال.
مايا: يسوها لو معصبين.
جوردان: اهدي. خلنا ننتظر.
مايا: طيب ... جوردان، مو قادرة اتنفس.
جوردان: تنفسي عادي، ما في مشكلة يا بنت!
(الجوال يهتز)
مايا: يا الله! رد.
جوردان: اقريها.
مايا: (تقرأ بشويش) امممم ""السلام عليكم، شكرا على صدقك. كلنا بنمر بلحظات احباط احيانا. بكرة خلنا نتكلم عن ستراتجيات تواصل افضل"".
جوردان: شفتي؟ ما طردك ولا دمرك ولا خطفك.
مايا: (آآآآآآه) يا الله، انا عايشة ... أنا عايشاااااة.
جوردان: مبارك عليك. نجيتي من حادث رسالة عظيم.
مايا: ما بسويها ثاني. من اليوم بتأكد ثلاث مرات قبل اراسل أي أحد.
جوردان: حلو
مايا: وببلكك وقت الشغل.
جوردان: هييي، وليه أنا الياخذ بلوك؟
مايا: لأنك تخليني اروح اشتكي بدراما كثيرة.
جوردان: ما تحتاجي حتى دفة مني.
مايا: اتفق معك ...
(ضحكوا سوا)
جوردان: ها ... تبين شاي؟
مايا: اييه، خله رايق ومظبوط. كأنه حضن.
جوردان: ابشري.
مايا: جوردان؟
جوردان: هلا؟
مايا: شكرا لك لانك انقذتني.
جوردان: بأي وقت. 















المشهد 8 – السر خرج للعلن.
المكان: اراف وريا يتشاركوا شقة. المساء. مطر برا. صوت المطر على الشباك. ريا تجلس على الكنبة، متوترة تقلب بجوالها. اراف تدخل ومعاها كوبين شاي.

اراف:  (يحط الشاهي بهدوء فوق الطاولة) سويت لك بابونج… النوع اللي يهدّيك، اللي تحبينه. حسّيت يمكن تحتاجينه اليوم. من الصبح وأنت ساكته… واضح إن في شي بخاطرك ما قلتيه.
ريا:  (تبتسم غصب وهي تطالع الكوب) يعطيك العافية… صدق. بس أنا تمام. بس… تعبانة شوي، تعرف؟ الشغل طويل… وأشياء تتراكم… يعني شي طبيعي.
اراف:  (يجلس جنبها شوي) ريا، الله يهدّيك. إحنا عايشين مع بعض من زمان وأعرف “تمامك” يوم يكون صِدق… ويوم تحاولين بقوة تسوين إنه ما في شي. واللي عندك الحين… مو ضغط شغل عادي.
ريا:  (تتنفّس بشوي رجّة) مدري يا أراَف… أحسني متلخبطة من الحياة يمكن. كل شي أحسه واجد الفترة ذي. وما أبي أسحبك معي للنكد.
اراف: بس أنا أبي تسحبيني إذا هذا بساعدك. مو لازم تشيلين كل شي بروحك. أنتِ تعرفين هالشي، صح؟
ريا: (نبرتها تلين) إي… أدري. بس ما كنت أبي أزيد عليك هم فوق همومك. أنت تتحمّل واجد.
اراف: ريا… قلقي يزيد لما تقفلي علي كذا. لما أشوفك شوي وتنهاري وتقولين لي “أنا تمام”… ذيك اللحظة تخوّف. والحين… أنا خايف، لأني حاس إن في شي غلط.
ريا:  (تطالع بعيد) مو إني ودي أخبيه… بس… ما كنت أعرف كيف أقوله بدون ما يكبر الموضوع… أو بدون ما تطالعني بنظرة ثانية.
اراف:  (يميل قدّام شوي) أطالعك بنظرة ثانية؟ وش يعني؟ وش ممكن تقولينه يخلي نظرتي لك تتغيّر؟ أنتِ ريا. انت الكون كله لي. ابَدّي من هالنقطة… وقولي لي.
ريا:  (يديها ترتجف شوي) اوكي… أوكي تمام. بس اوعدني ما تقاطعني… ولا تفترض شي قبل أكمل. تكفى. ما أبيك تستعجل.
اراف:  (يومّي براسه ببطء) أوعدك. بدون مقاطعة… بدون افتراضات. كلميني، يلا.
ريا:  (تاخذ نفس عميق) حاضر… من أسابيع صار لي شي، ما كنت متوقعة… ولا مستعدة له. جتني إيميلات… من مكتب المدير… عن فرصة نقل. كبيرة. بغير مدينة… وفعليًا بغير ولاية بعد. وما قلت لك لأني ما كنت متأكدة أصلاً أبغاها ولا لا. وبالأمس أرسلوا العرض الأخير… وأنا توترت وقفل مخي.
اراف:  (ساكت شوي، يستوعب) أنت… جاك عرض نقل؟ وعرض كبير بعد؟
ريا: إي. هو نفس الشي اللي كنت دايما أتمنى يصير… قبل أنا وإنت نبدأ نسوي حياة مع بعض. قبل كل شي يصير ثابت… وبيت… وطُمأنينة. أنا ما خبيته لأني بنقل. خبيته لأني ما أدري… أقدر أو لا؟  والمفروض إذا اختياري للوظية اخسرك ...
اراف:  (يتكي وراه، يتنفس ببطء) واو… أوكي. هذي صدق كبيرة. وما بكذب… جزء مني تمنى انك قلتِ لي من بدري، علشان لا تضغطي على نفسك. بس أنا موجود الحين. وبفهمك. وش تحسين بالضبط؟ متحمسة؟ خايفة؟ مترددة؟
ريا: صدق؟ كلهم. متحمسة لأنها خطوة كبيرة. وخايفة لأن ما أعرف وش يعني لنا. وحاسة بالذنب لأني كتمته. ومتلخبطة بين شي كنت أركض وراه… وبين شخص صار جزء من نفسي.
اراف:  (صوته ناعم وثابت) اسمعي… ما تحتاجين تختارين بيني وبين شغلك. هذا مو حب، هذا ضغط. وأنا ما أبغا أكون السبب اللي يوقفك. بس بسمع منك وش تبغين أنتِ. مو اللي تحسين لازم ومو اللي تحسين ما يزعّلني ... أنت… وش تبين؟
ريا:  (عيونها تلمع) أنا أبغى… أبغى الوظيفة.إي. بس بعد أبغاك… وما أعرف كيف نجمعهم بصورة وحدة. والي يقهرني إني ما وثقت فيك من البداية.
اراف:  (يمسك يدها بلطف) ريا… رغبتك في الوظيفة ما تعني رغبتك فيني أقل. وتمنيت تقولين لي من بدري، صحيح. ... بس بعد ودي أفهم ليه ما قلتي. يوم يطيح عليك قرار ضخم فجأة… يهدّ توازنك. أنا فاهم انك تبين الوظيفة… بدعمك بشكل كامل. بس لازم نتكلم عن وش يعني ذا على المدى الطويل… مع بعض.
ريا: يعني… مو زعلان؟
اراف: زعلان إنك شلتي الحمل لوحدك. بس مو زعلان من أحلامك.
ولا من طموحك. ولا من فرصة كبيرة جاتك. أنا بس أتمنى… أكون واقف جمبك وأنت تمرّين بهاللحظة.
ريا:  (تدمع وتبكي خفيف) ما أبي أخسرك.
اراف: ما بتخسريني بالمَسافة. تخسريني بس لو وقفتي تكلمينّي.
إذا قررتي قراراتك من خوف، مو من محبة ووضوح. بس اللي نسويه الحين… عكس ذا كله. الحين إحنا نتكلم. وهذا اللي ينقذ كل شي.
ريا: طيب وش نسوي؟ يعني عمليا؟
اراف: أول شي… نتنفّس. وبعدين نشوف التفاصيل. كم مدة النقل؟ دائم؟ مؤقت؟ ممكن يصير شغل عن بعد بعدين؟ نخطط للزيارات؟
وممكن أنا أنتقل بعدين لو الظروف سمحت؟ في مليون احتمال غير ننفصل.
ريا: أنا… حتى ما فكرت بكل ذا. شفت العرض وانفجعت وفكرت كل شي بينهار.
اراف: أنتِ تشوفين الانهيار. وأنا أشوف الحلول. وهذا اللي يخلّينا نمشي سوا.
ريا:  (تضحك وهي تبكي) تسوّي كل شي بسيط.
اراف: مو بسيط. بس نقدر نتعامل معه. وأنتِ مو لحالك خلاص.
ريا: شكراً…لأنك ما تركتني. ولأنك ما عصبت. ولأنك أنت.
اراف: أنا ما أروح مكان. إلا لو قلتِ لي… وبعد حتى لو قلتِ… بعاندك.
ريا: لا لا… لا تروح. ولا أفكر أقولك تروح.
اراف: تمام. كذا إحنا متفقين. الحين اشربي شايك قبل يبرد…
وبعدها نفتّح الإيميل سوا… ونقرأ التفاصيل مثل الناس العاقلين.
ريا:  تبتسم أخيرًا ... صدق أحِبّ ذا الشاي… مرّة.
اراف: وووو .... ريا؟
ريا: هلا؟
اراف: مرّة ثانية… لو شي كبير صار… كلّميني قبل ما تبدأ مرحلة “أنا بضيع”.
ريا: اتفقنا
(يجلسون سوا… والمطر من برا يخفّ شوي… وهم يميلون على اللابتوب).









المشهد 9 الزائر المفاجئ.
المكا: ليلة هادئة بالمنزل. نورا تجهز العشاء في المطبخ. ليو دخل البيت ومعه مقاضي البيت. دقة مفاجئة على الباب اربكة الجميع.

ليو:  (يحط الأكياس على الطاولة وهو يتمطّى) مو عرفتك كذا صراحة. كل مرة تكونين تركضين مع الوقت وتسبّين أكواب القياس كأنهم سرقوك. بصراحة أحترم روحك القتالية بالمطبخ.
نورا:  (تبتسم ابتسامة بسيطة) إي والله… اليوم غريب شوي. ودي يكون يوم هادي… لو الدنيا بس تتعاون مرّة وحدة. (يجي طَرق قوي على الباب. نورا تجمّد بمكانها).
نورا: وش ذا؟ ... قول لي إنه مو بابنا.
ليو: يعني… إلا لو جانا جني يعرف طق أبواب… أكيد أحد عند الباب. بس لا تشيلين هم، يمكن توصيله.
نورا: أنا ما طلبت شي. أنت طلبت شي؟
ليو: لا، بس إحنا بالقرن الواحد والعشرين. مرات توصل بكجات بدون ما أحد يعرف ليش. يمكن واحد من هالهدايا التجريبية اللي تسجلين فيها بالغلط دائماً.
(طرق ثاني… أقوى شوي).
نورا: أوكي… هذا أكيد مو توصيل. هذا شخص واقف ينتظر… وواضح مستعجل. ليو… بالله لا تقول إنك عزمت أحد بدون ما تخبرني.
ليو: والله ما عزمت أحد. أعرف وضعك مع الضيوف اللي يجون فجأة. تصيرين تعطين ذيك النظرة اللي كأنه آخر يوم لي بالدنيا.
نورا: ما أسوي كذا!
ليو:  (يبتسم بخبث) سويتيها قبل نص ثانية بس.
نورا:  (تتنفّس بعمق) خلاص… نشوف مين. بس لو واحد من ناس اشتراكات المكنسة، بدخل وراك وأتخبا.
(تفتح نورا الباب. واقفة بنت… شايلة شنطة سفر).
نورا: ...أوه. أوه لا.أوه لا لا لا.
ليو:  (يطل من فوق كتف نورا) لحظة— ذي… ميا؟
ميا: هلا نورا. هلا ليو. أدري جيتي مفاجِئة… وأدري المفروض أتصل قبل… بس… الأمور تعقدت شوي، وما كان عندي مكان أروح له.
نورا:  (مصدومة بصوت واطي) ميا… إنتِ هنا؟ ليش… مع شنطة سفر؟
ليو:  (يتقدم بقلق) إنتِ كويسة؟ شكلك كأنك جريتي طول الطريق لهنا!
ميا:  (تتنفس بنبرة مهزوزة) صراحة وصفك دقيق. شقتي صار فيها… خلنا نقول “كارثة سباكة"". السقف بدأ ينقط بعدها صار فيضان مجاري من فوق على البيت. أخذت اللي قدرت عليه وطلعت قبل أنجن.
نورا: يا ربي… شي يخوّف. بس ميا… المفروض كلمتينا! رسالة… فويس… حمام زاجل… أي شي!
ميا: أدري… أدري كان لازم. بس توترت. وإذا توترت… المنطق يختفي. جيت هنا على طول… حسيت هالمكان هو الأمان الوحيد اللي طرى على بالي.
ليو:  (بلطف) مو لازم تتعذري بسبت التوتر. أهم شي إنك هنا وكويسة.
نورا: إي… وإنتِ تمام؟ بس ميا… كم ناوية تجلسين؟
ميا:  (بتردد، صوتها صغير) أنا… بصراحة مدري. يمكن ليلة… يمكن ليلتين. الفنيين قالوا يمكن أسبوع لين الشقة تصلح. بس والله ما أتوقع منكم تستضيفوني كل هالوقت.
ليو: هااا، لا تقولي كلام ما صار. إنتِ مثل الأهل. ولو احتجتي مكان، بنلقى حل سوا.
نورا: إي… بس تمنيت نعرف قبل. أنا أحتاج أجهز نفسي إذا تغيرت الخطة فجأة. مو إني مو ودي فيك… بس عقلي يحتاج وقت يستوعب ضيف في البيت.
ميا:  (تهز راسها سريع) فاهمة، فاهمة يا نورا. وبصراحة آسفة إني فجأة نطّيت عليكم. وإذا يريحك… أنام بالصالة… وما ألمس أي شي. أصير مثل الابجورة بالزاوية.
ليو:  (يضحك بخفة) ما نبيك تصيرين ابجورة. بس خذي نفس، يومك كان طويل وصعب.
(ميا تدخل. نورا تسكّر الباب ببطء وهي لسا تستوعب).
نورا: طيب… أوكي. خلّونا نجلس شوي. ميا، تبين شاهي؟ أظن الغلاية لسا دافية.
ميا: الشاهي ممتاز. أي شي دافي ممتاز. جسمي كامل حاس إنه قطعة ثلج ترجف توتر.
ليو: تبين تتكلمين عن اللي صار؟ ولا تبين تجلسين ساكته وتطالعي بالجدار لين مخك يشغل نفسه؟
ميا: يمكن مكس؟ لأن لو بديت أشرح كل شي، بنخنق بكاء… وودي أحافظ على كرامتي خمس دقايق زيادة.
نورا:  (ترجع معا شاهي، صوتها أرق) تفضلي… بابونج.
يمكن ما يصلّح سقفك الخربان… بس يمكن يهديك شوي.
ميا:  (تمسك الكوب ويدها ترجف) شكراً. صدق… شكراً لأنكم فتحتوا لي الباب بدون ما تحسون إني حمل زيادة. أنا جيت بأسوأ توقيت.
ليو: أسوأ توقيت كان لو جيتي يوم نورا رتّبت دولاب البهار. إنتِ جيتي قبل الكارثة.
نورا: ليووو— لا تفضحني.
ليو:  (يبتسم) مو فضيحة… هذا تذكير إنك تصيري تضحكين لما تتوترين.
نورا: مو… أوكي شوي.
ميا:  (تبتسم ابتسامة حقيقية أخيراً) حلو أضحك لأول مرّة اليوم.
ما توقعت كيف كنت مشدودة إلا الحين. وجودكم يخفف رهبة الأشياء دائمًا.
نورا: شوفي… أنا ما أحب المفاجآت، صحيح. بس أحبّك. وفرحت إنك جيتي هنا بدل تقعدين لحالك في شقتك اللي تحولت لحوض سمك.
ميا: شكراً… يعنيها لي كثير.
(لحظة هدوء. كلّهم يتنفسون).
ليو: طيب… وش الخطة؟ نلقى سكن مؤقت بكرة؟ ولا تبين تقعدين معنا لين نعرف وش الخطوة الجاية؟
ميا: إذا… إذا فعلاً ما يضايقكم… أبغى أجلس ليلتين. لين أعرف التأمين وش وضعه… وين أعيش وهُم يصلحوا سقفي.
نورا: تمام. بنرتّب المكان. بس… عطيني فرصة أتهيأ نفسيًا قبل نحرّك الأثاث، أوكي؟
ميا: أكيد. أنام حتى بالزاوية جنب الرف، أصغّر نفسي وأختفي.
ليو: لا تقولين كذا. لا إنتِ صغيرة، ولا ثقيلة علينا. إنتِ محتاجة مساعدة… وإحنا هنا أهلك ... خلاص.
نورا: بالضبط. بس مرّة ثانية… حتى لو حالة طارئة… أرسلي خمس ثواني رسالة، عشان ما أفتح الباب وأنا حاسة بكمين تصوير مفاجئ.
ميا:  (تضحك من قلب) تم.أوعدكم. لا مزيد مفاجآت بشنطة سفر… إلا إذا نبهتكم.
ليو: حلو. الحين نجلس، ناكل شيء، ونخطط لبكرة. بدون استعجال. بدون توتر. بس نهدى.
نورا: وبعد… حلا. حاسّه الليلة تحتاج حلا.
ميا: والله… هذا الكلام الصح.
(تنخفض الإضاءة… وهم يجلسون حول الطاولة، أخيراً مرتاحين).














المشهد 10





رايلي: (يدينها متشابكة، تطالع قدّام) يعني… شكله أخيراً بنسويها. بنجلس ونتكلم مثل الناس الكبار بدل ما نسوي إنه ما في شي. أنا لي أيّام أنتظر هالسالفة، تصدق؟
سام: (يتنفس ببطء وهو يلعب بسحاب الجاكيت) إي… أدري.
وأسف إنّي طولت لين أتكلم. أنا بس… كنت أحتاج وقت أفكّر كيف أشرح كل اللي صار بدون ما أطلع ملخبط أو درامي… مع إني غالباً بطلع كذا.
رايلي: أنا أحب الصراحة الملخبطة على السكوت اللي عطيتني إياه بصراحة. سام، حسّيتك اختفيت من الكوكب. حتى ميمز ما ترسل! أنت دايما ترسل لي ميمز!
سام: هذي أكبر علامة إنه في شي غلط. إذا ما قدرت أرسل حتى ميم بسس غبي… معناته عقلي مو في أحسن حالاته.
رايلي: (تلتفت له شوي بنبرة ألين) انت صادق. بس تقدر تشرح لي وش صار؟ لأنه من جهتي حسّيت كل شي طبيعي… وفجأة اختفيت كأنك تهرب مني.
سام: ما كنت أهرب منك. كنت أهرب… من السالفة نفسها. اللي أدري إنها تقريباً نفس الشي… بس النية غير، والله.
رايلي: سام… أنت تلف وتدور. وش السالفة؟
سام: (ياخذ نفس طويل) الرسالة اللي رسلتيها الأسبوع الماضي.
لما قلتي: “نحتاج نتكلم بأقرب وقت.” أدري الحين الموضوع يضحك… بس ذيك الكلمة دخلتني في حالة خوف.
حسّيتك بتواجهيني بشي قوي… أو بتقولين ما تبين صداقتنا… أو مدري… شي كبير.
رايلي: (ترمش، مصدومة) سام… كنت أقصد نتكلم عن تخطيط رحلتنا! رحلة القروب! اللي قلت تبغى تنسقها معي! حطّيت بعد ابتسامة!
سام: (اووهمم اممم) أدري… أدري. طوّلت أتأمل الابتسامة ذيك… وبرضو أقنعت نفسي إنها ابتسامة خبث لطيفة. الابتسامة اللي الناس يحطونها قبل ما يقولوا لك الخبر السيء.
رايلي: أنت فسّرت ابتسامة على إنها تهديد؟
سام: واضح إيه. عقلي يحب يتخيل… بس بدون فايدة.
رايلي: (تهز راسها وتبتسم رغم عصبيتها) يا الله يا سام… والله لو في جائزة لاستخراج دراما من الهوا… تفوز فيها بسهولة.
سام: قولي والله. تراني اليوم الثاني قعدت أحلل الرسالة كأنها شفرة من الـ FBI.
رايلي: كان بس تسألني وش أقصد!
سام: أبغى… بس تجمّدت. وكل ما طولت، صار أصعب أرجع أرسل. وبعدين أقنعت نفسي يمكن المسافة أحسن… مع إن ما كان له معنى… وبعدها دخلت بالدوامة— والحين إحنا هنا.
رايلي: إيه… هنا. شخصين كبار قاعدين بحديقة بالليل… لأن واحد منهم خاف من ابتسامة.
سام: إذا تقولينها كذا… الوضع يصير أسوأ.
رايلي: مو قصدي أحسسك بالذنب. أحاول أفهمك. لأن بصراحة… اشتقت أكلمك كل يوم. اشتقت لفضفضتك الغريبة… وآرائك الغريبة بالأكل… وطريقتك الدرامية بكل شي. المكان فاضي بدونك.
سام: (عيونه تلين) تشتاقين؟ ... كنت أحسب إني غالباً أزعجك نص الوقت.
رايلي: إيه تزعجني أحيان… بس مو بطريقة سيئة. أنت تجيب… مدري… حياة. حركة. فلما اختفيت فجأة… أنا بعد صرت أفكر كثير.
قلت يمكن قلت شي غلط… أو يمكن صداقتي لك ما كانت كفاية…
أو يمكن إني ما عاد صرت مهمّة له.
سام: رايلي… لا. بالله لا. أنت من أهم الناس بحياتي. وفكرة إنك ظنيتي ما يهمني… هذي توجع أكثر من كل شي ثاني.
رايلي: طيب ليه ما قلت لي؟ ليه ما قلت: “أنا خايف من الابتسامة”؟
سام: استحيت. أنا أعرف انه ما هو منطقي. وأعرف إنه اخترع مشاكل من ولا شي. واعترف لك بهالشي ... لشخص أهتم فيه… يحسّسني إني أكشف أضعف جزء فيني.
رايلي: بس هذا هو الموضوع يا سام. مو لازم تخبي الضعف حقك.
أحب أعرف وش تمرّ فيه… بدل ما أجلس أتخيل إني أنا السبب.
سام: (صوته أهدى) بحاول… صدق بحاول أتكلم قبل ما مخي يقلب كل شي لفيلم كارثي.
رايلي: تمام. لأني ما أبيك تختفي عني مرّة ثانية. وإذا أرسلت لك ابتسامة خبث صدقني بتعرف… بتكون ذيك الابتسامة اللي لها شكل مرعب واضح.
سام: (يضحك أخيراً) أوكي… ذي حقيقة تخوّف.
رايلي: شفت؟ كلام واضح.
سام: بس من جد… أسف. أني سكّرت الباب. وأنا خليتك تحسين إنه سحبت عليك. وأني تخيلت الأسوأ بدل ما أسأل.
رايلي: سامحتك. بس لا تعيدها. ولا تخلي الإيموجيز تتحكم بحياتك النفسية.
سام: ذي ما أقدر أضمنها… بس بحاول.
(لحظة هدوء مريحة بينهم).
رايلي: طيب… دام صفينا الجو… نرجع نخطط الرحلة؟ القروب يسألوني كل يوم مين يحجز الأكواخ… وأنا مخليّة الوضع كأنه كله تحت السيطرة.
سام: إي بالله… خلّينا نتكلم عن شي ما له علاقة بقلقي بسبب علامات الترقيم.
رايلي: تمام. لقيت كوخ عند بحيرة… له منصة كبيرة تطل عاليها. توقعت يعجبك لانك كل مرة تقول إن منظر الموية يهدي مخك.
سام: تذكرين ذا؟!
رايلي: أكيد. يمكن تشوفني سيدا… بس أنتبه. خصوصاً لك.
سام: شكراً…من جد. ...على صبرك… رغم إنك أكيد ودك تخنقيني.
رايلي: إي، ودي أخنقك. بس ودي أفهمك أكثر بعد.
سام: قدّرت هالشي. وأوعدك… المرة الجاية إذا خوّفني شي… بقول قبل ما أدخل في دوامة “إيموجي يدمّر حياتي”.
رايلي: ممتاز. لأني مو مستعدة أخسر أسبوع ميمز ثاني بسبب قلقك.
سام: تم. على فكرة… شكراً إنك جيتي اليوم… أعرف الوقت متأخر.
رايلي: عشانك؟ أجي لو الوقت أكثر من كذا بعد.
(يتبادلون ابتسامة دافية… والجو يتصفّى أخيراً).






المشهد الأول
المكان: صديقين، مايا وجون ويتشاركوا صباح بطيء في شقتهم. يسو قهوة سوا، يسو طقوسهم اليومية من الاسترخاء، ويشوفوا الرسائل الوصلتهم.

مايا: (تشد ذراعيها وتطالع قدّام وهي","انتظري!اسمعت صوت
  (هممم)
مصيبة أكبر مما توقعت 
 باب الدولاب مفتوح شوي.
 لااا! والله إني سكّرته!
 أنتي ما تفهمين! لو في واحد فتحه.","سام: انتظري! سمعت صوت!
سام: (يطالع من طرف الزاوية) (هممم) مصيبة أكبر مما توقعت.
سام: باب الدولاب مفتوح شوي.
سام: لااا! والله إني سكّرته!
سام: أنتِ ما تفهمين! لو في واحد فتحه؟","انتظري.اسمعت صوت

مصيبة أكبر مما توقعت
باب الدولاب مفتوح شوي.
لااا. والله إني سكّرته.
أنتي ما تفهمين. لو في واحد فتحه.",1,1,True,0.293979,0.0,0.269484,0.167053,0.269484
